balance_id,period_end,business_unit_id,region,currency_code,cash_usd_m,accounts_receivable_usd_m,inventory_usd_m,accounts_payable_usd_m,net_fixed_assets_usd_m,total_debt_usd_m,outlier_flag
BS_202101_BU01_APAC,2021-01-31,BU01,Asia Pacific,USD,68.57,167.5,2.71,55.27,691.18,772.43,0
BS_202101_BU01_EU,2021-01-31,BU01,Europe,USD,54.16,137.08,2.24,49.22,548.38,593.09,0
BS_202101_BU01_LATAM,2021-01-31,BU01,Latin America,USD,22.62,62.24,0.93,20.95,238.86,255.63,0
BS_202101_BU01_NA,2021-01-31,BU01,North America,USD,85.1,207.84,3.58,76.99,906.81,992.85,0
BS_202101_BU02_APAC,2021-01-31,BU02,Asia Pacific,USD,57.96,166.41,135.44,62.6,894.23,679.54,0
BS_202101_BU02_EU,2021-01-31,BU02,Europe,USD,64.62,184.33,152.5,75.33,1008.46,733.12,0
BS_202101_BU02_LATAM,2021-01-31,BU02,Latin America,USD,28.75,92.82,71.35,35.88,465.56,334.55,0
BS_202101_BU02_NA,2021-01-31,BU02,North America,USD,92.88,240.99,222.69,105.4,1514.27,1115.04,0
BS_202101_BU03_APAC,2021-01-31,BU03,Asia Pacific,USD,49.05,153.32,64.68,60.86,779.03,602.03,0
BS_202101_BU03_EU,2021-01-31,BU03,Europe,USD,59.52,191.39,81.8,83.84,971.22,704.11,0
BS_202101_BU03_LATAM,2021-01-31,BU03,Latin America,USD,18.42,66.29,25.98,27.49,310.67,225.16,0
BS_202101_BU03_NA,2021-01-31,BU03,North America,USD,107.77,332.84,149.49,149.89,1828.64,1347.3,0
BS_202101_BU04_APAC,2021-01-31,BU04,Asia Pacific,USD,52.34,225.02,204.95,111.64,1985.79,981.9,0
BS_202101_BU04_EU,2021-01-31,BU04,Europe,USD,62.61,281.75,252.78,150.16,2665.82,1192.85,0
BS_202101_BU04_LATAM,2021-01-31,BU04,Latin America,USD,20.73,103.23,87.77,52.22,827.0,390.77,0
BS_202101_BU04_NA,2021-01-31,BU04,North America,USD,74.7,310.26,302.04,160.88,3055.68,1442.55,0
BS_202101_BU05_APAC,2021-01-31,BU05,Asia Pacific,USD,46.84,85.63,0.59,25.53,266.6,453.58,0
BS_202101_BU05_EU,2021-01-31,BU05,Europe,USD,30.63,55.74,0.39,18.08,177.51,289.21,0
BS_202101_BU05_LATAM,2021-01-31,BU05,Latin America,USD,14.89,31.15,0.2,9.74,88.77,143.67,0
BS_202101_BU05_NA,2021-01-31,BU05,North America,USD,58.39,100.62,0.76,34.41,354.87,583.26,0
BS_202102_BU01_APAC,2021-02-28,BU01,Asia Pacific,USD,68.02,183.84,2.92,62.01,692.63,786.05,0
BS_202102_BU01_EU,2021-02-28,BU01,Europe,USD,55.24,144.0,2.35,52.12,549.39,603.08,0
BS_202102_BU01_LATAM,2021-02-28,BU01,Latin America,USD,22.23,67.8,1.01,23.8,239.33,260.37,0
BS_202102_BU01_NA,2021-02-28,BU01,North America,USD,88.79,226.35,3.82,84.54,908.67,1012.5,0
BS_202102_BU02_APAC,2021-02-28,BU02,Asia Pacific,USD,57.08,172.23,134.56,97.57,895.29,680.72,0
BS_202102_BU02_EU,2021-02-28,BU02,Europe,USD,65.59,192.32,154.96,93.755,1009.67,736.19,0
BS_202102_BU02_LATAM,2021-02-28,BU02,Latin America,USD,27.96,95.61,70.44,54.92,466.11,334.09,0
BS_202102_BU02_NA,2021-02-28,BU02,North America,USD,95.9,247.14,224.75,167.48,1516.19,1113.14,0
BS_202102_BU03_APAC,2021-02-28,BU03,Asia Pacific,USD,48.36,164.32,68.43,72.43,781.07,609.01,0
BS_202102_BU03_EU,2021-02-28,BU03,Europe,USD,60.51,208.55,90.37,106.48,973.42,711.96,0
BS_202102_BU03_LATAM,2021-02-28,BU03,Latin America,USD,17.99,73.51,28.07,34.26,311.43,228.58,0
BS_202102_BU03_NA,2021-02-28,BU03,North America,USD,111.38,355.73,161.98,181.16,1832.5,1362.3,0
BS_202102_BU04_APAC,2021-02-28,BU04,Asia Pacific,USD,51.43,242.38,218.86,154.6,1988.88,989.88,0
BS_202102_BU04_EU,2021-02-28,BU04,Europe,USD,63.24,306.28,273.88,211.0,2669.52,1203.73,0
BS_202102_BU04_LATAM,2021-02-28,BU04,Latin America,USD,20.17,113.58,93.84,73.36,828.28,394.59,0
BS_202102_BU04_NA,2021-02-28,BU04,North America,USD,77.07,349.39,337.85,268.35,3060.45,1451.86,0
BS_202102_BU05_APAC,2021-02-28,BU05,Asia Pacific,USD,46.77,93.37,0.65,28.99,267.2,464.03,0
BS_202102_BU05_EU,2021-02-28,BU05,Europe,USD,31.25,59.96,0.43,20.41,177.79,293.18,0
BS_202102_BU05_LATAM,2021-02-28,BU05,Latin America,USD,14.65,33.77,0.22,11.04,88.91,146.42,0
BS_202102_BU05_NA,2021-02-28,BU05,North America,USD,61.12,111.79,0.85,39.57,355.47,596.36,0
BS_202103_BU01_APAC,2021-03-31,BU01,Asia Pacific,USD,67.09,178.94,2.82,59.76,694.8,796.4,0
BS_202103_BU01_EU,2021-03-31,BU01,Europe,USD,55.47,140.53,2.28,50.3,550.67,609.05,0
BS_202103_BU01_LATAM,2021-03-31,BU01,Latin America,USD,21.96,66.93,0.98,23.08,240.0,264.29,0
BS_202103_BU01_NA,2021-03-31,BU01,North America,USD,92.23,225.89,3.83,83.51,911.39,1031.24,0
BS_202103_BU02_APAC,2021-03-31,BU02,Asia Pacific,USD,55.51,165.37,124.04,83.9,897.05,680.76,0
BS_202103_BU02_EU,2021-03-31,BU02,Europe,USD,65.53,185.71,149.32,112.18,1012.03,740.35,0
BS_202103_BU02_LATAM,2021-03-31,BU02,Latin America,USD,27.28,91.17,64.6,47.05,466.91,333.84,0
BS_202103_BU02_NA,2021-03-31,BU02,North America,USD,98.54,251.49,223.33,173.79,1519.77,1122.97,0
BS_202103_BU03_APAC,2021-03-31,BU03,Asia Pacific,USD,47.3,161.52,67.09,63.77,783.67,614.02,0
BS_202103_BU03_EU,2021-03-31,BU03,Europe,USD,60.44,201.87,87.29,84.24,976.2,717.3,0
BS_202103_BU03_LATAM,2021-03-31,BU03,Latin America,USD,17.59,68.33,26.46,26.0,312.29,229.65,0
BS_202103_BU03_NA,2021-03-31,BU03,North America,USD,114.53,347.86,160.84,156.1,1838.32,1374.13,0
BS_202103_BU04_APAC,2021-03-31,BU04,Asia Pacific,USD,50.14,242.66,216.26,127.12,1993.33,1000.5,0
BS_202103_BU04_EU,2021-03-31,BU04,Europe,USD,62.92,308.14,276.37,180.04,2673.42,1213.83,0
BS_202103_BU04_LATAM,2021-03-31,BU04,Latin America,USD,19.76,113.67,94.05,63.3,830.16,398.47,0
BS_202103_BU04_NA,2021-03-31,BU04,North America,USD,78.95,353.86,341.2,215.18,3067.7,1469.83,0
BS_202103_BU05_APAC,2021-03-31,BU05,Asia Pacific,USD,46.09,90.32,0.61,27.57,267.97,469.98,0
BS_202103_BU05_EU,2021-03-31,BU05,Europe,USD,31.56,59.5,0.42,20.17,178.28,298.24,0
BS_202103_BU05_LATAM,2021-03-31,BU05,Latin America,USD,14.47,32.38,0.21,10.54,89.2,148.27,0
BS_202103_BU05_NA,2021-03-31,BU05,North America,USD,63.73,113.04,0.86,40.13,356.69,608.75,0
BS_202104_BU01_APAC,2021-04-30,BU01,Asia Pacific,USD,65.99,187.39,2.89,62.55,696.76,808.84,0
BS_202104_BU01_EU,2021-04-30,BU01,Europe,USD,55.15,145.55,2.35,52.62,552.56,619.54,0
BS_202104_BU01_LATAM,2021-04-30,BU01,Latin America,USD,21.89,67.37,0.99,23.14,240.67,267.96,0
BS_202104_BU01_NA,2021-04-30,BU01,North America,USD,94.32,227.58,3.92,84.4,914.02,1048.0,0
BS_202104_BU02_APAC,2021-04-30,BU02,Asia Pacific,USD,54.07,173.21,130.41,110.85,898.92,683.93,0
BS_202104_BU02_EU,2021-04-30,BU02,Europe,USD,64.43,186.33,150.49,120.81,1013.97,743.43,0
BS_202104_BU02_LATAM,2021-04-30,BU02,Latin America,USD,27.15,98.39,69.71,66.84,468.08,336.03,0
BS_202104_BU02_NA,2021-04-30,BU02,North America,USD,99.72,250.77,229.05,180.1,1523.06,1130.25,0
BS_202104_BU03_APAC,2021-04-30,BU03,Asia Pacific,USD,46.16,162.82,67.63,67.23,786.14,618.41,0
BS_202104_BU03_EU,2021-04-30,BU03,Europe,USD,59.52,201.7,86.17,85.6,978.76,720.7,0
BS_202104_BU03_LATAM,2021-04-30,BU03,Latin America,USD,17.47,70.77,27.08,30.32,313.15,231.12,0
BS_202104_BU03_NA,2021-04-30,BU03,North America,USD,116.02,357.16,162.52,161.92,1843.21,1388.29,0
BS_202104_BU04_APAC,2021-04-30,BU04,Asia Pacific,USD,48.65,260.87,225.72,153.78,1998.31,1006.94,0
BS_202104_BU04_EU,2021-04-30,BU04,Europe,USD,61.79,313.99,280.75,184.84,2677.53,1224.0,0
BS_202104_BU04_LATAM,2021-04-30,BU04,Latin America,USD,19.62,119.87,98.38,72.82,832.42,402.56,0
BS_202104_BU04_NA,2021-04-30,BU04,North America,USD,79.6,364.89,357.25,240.9,3074.36,1478.79,0
BS_202104_BU05_APAC,2021-04-30,BU05,Asia Pacific,USD,45.3,93.26,0.63,28.71,268.8,477.35,0
BS_202104_BU05_EU,2021-04-30,BU05,Europe,USD,31.4,61.48,0.43,20.73,178.82,303.37,0
BS_202104_BU05_LATAM,2021-04-30,BU05,Latin America,USD,14.46,32.83,0.21,10.52,89.45,150.25,0
BS_202104_BU05_NA,2021-04-30,BU05,North America,USD,65.53,118.44,0.92,42.32,358.01,622.27,0
BS_202105_BU01_APAC,2021-05-31,BU01,Asia Pacific,USD,65.18,185.04,2.82,61.14,698.85,821.27,0
BS_202105_BU01_EU,2021-05-31,BU01,Europe,USD,54.17,141.23,2.31,51.3,554.33,628.98,0
BS_202105_BU01_LATAM,2021-05-31,BU01,Latin America,USD,22.17,67.81,0.99,23.3,241.39,271.33,0
BS_202105_BU01_NA,2021-05-31,BU01,North America,USD,94.74,222.36,3.88,82.95,916.88,1061.76,0
BS_202105_BU02_APAC,2021-05-31,BU02,Asia Pacific,USD,52.92,173.58,132.74,107.12,901.24,688.76,0
BS_202105_BU02_EU,2021-05-31,BU02,Europe,USD,62.55,188.39,151.42,122.41,1016.5,745.18,0
BS_202105_BU02_LATAM,2021-05-31,BU02,Latin America,USD,27.41,99.02,70.24,60.56,469.23,340.13,0
BS_202105_BU02_NA,2021-05-31,BU02,North America,USD,98.99,252.92,232.95,179.95,1527.38,1132.19,0
BS_202105_BU03_APAC,2021-05-31,BU03,Asia Pacific,USD,45.23,155.92,64.65,59.41,788.34,622.47,0
BS_202105_BU03_EU,2021-05-31,BU03,Europe,USD,58.18,197.77,83.99,83.32,981.53,725.1,0
BS_202105_BU03_LATAM,2021-05-31,BU03,Latin America,USD,17.63,67.76,26.26,27.19,314.06,232.75,0
BS_202105_BU03_NA,2021-05-31,BU03,North America,USD,115.6,340.93,156.17,143.96,1847.96,1397.32,0
BS_202105_BU04_APAC,2021-05-31,BU04,Asia Pacific,USD,47.57,267.69,227.22,145.22,2003.57,1017.09,0
BS_202105_BU04_EU,2021-05-31,BU04,Europe,USD,59.88,307.43,274.87,165.63,2681.44,1230.89,0
BS_202105_BU04_LATAM,2021-05-31,BU04,Latin America,USD,19.81,121.7,99.75,68.92,834.84,407.63,0
BS_202105_BU04_NA,2021-05-31,BU04,North America,USD,79.06,364.46,358.03,218.07,3082.19,1492.49,0
BS_202105_BU05_APAC,2021-05-31,BU05,Asia Pacific,USD,44.77,92.12,0.62,28.4,269.69,485.58,0
BS_202105_BU05_EU,2021-05-31,BU05,Europe,USD,30.73,59.52,0.42,20.1,179.42,306.28,0
BS_202105_BU05_LATAM,2021-05-31,BU05,Latin America,USD,14.65,32.25,0.21,10.28,89.7,152.2,0
BS_202105_BU05_NA,2021-05-31,BU05,North America,USD,65.91,114.96,0.88,39.98,359.09,631.92,0
BS_202106_BU01_APAC,2021-06-30,BU01,Asia Pacific,USD,65.38,196.76,2.99,66.13,701.35,835.79,0
BS_202106_BU01_EU,2021-06-30,BU01,Europe,USD,53.05,150.65,2.42,55.25,556.23,637.67,0
BS_202106_BU01_LATAM,2021-06-30,BU01,Latin America,USD,22.91,70.52,1.05,24.77,242.07,276.08,0
BS_202106_BU01_NA,2021-06-30,BU01,North America,USD,94.04,233.96,4.08,88.92,920.17,1079.15,0
BS_202106_BU02_APAC,2021-06-30,BU02,Asia Pacific,USD,52.5,179.14,134.79,108.64,903.45,693.81,0
BS_202106_BU02_EU,2021-06-30,BU02,Europe,USD,60.79,204.36,159.89,143.25,1019.33,749.21,0
BS_202106_BU02_LATAM,2021-06-30,BU02,Latin America,USD,28.07,104.61,74.85,69.51,470.57,343.3,0
BS_202106_BU02_NA,2021-06-30,BU02,North America,USD,97.14,260.68,243.17,196.66,1531.22,1138.2,0
BS_202106_BU03_APAC,2021-06-30,BU03,Asia Pacific,USD,45.01,164.02,66.21,68.69,790.7,627.33,0
BS_202106_BU03_EU,2021-06-30,BU03,Europe,USD,56.8,201.77,84.63,89.65,984.07,730.84,0
BS_202106_BU03_LATAM,2021-06-30,BU03,Latin America,USD,18.08,69.15,26.99,30.15,314.86,234.17,0
BS_202106_BU03_NA,2021-06-30,BU03,North America,USD,113.69,356.48,160.68,167.03,1853.37,1405.8,0
BS_202106_BU04_APAC,2021-06-30,BU04,Asia Pacific,USD,46.82,262.01,222.33,131.4,2008.35,1018.62,0
BS_202106_BU04_EU,2021-06-30,BU04,Europe,USD,58.27,325.3,286.98,205.44,2685.53,1238.06,0
BS_202106_BU04_LATAM,2021-06-30,BU04,Latin America,USD,20.32,123.87,102.56,72.42,837.22,411.87,0
BS_202106_BU04_NA,2021-06-30,BU04,North America,USD,77.49,362.68,360.52,221.18,3089.32,1500.22,0
BS_202106_BU05_APAC,2021-06-30,BU05,Asia Pacific,USD,44.73,96.25,0.64,29.51,270.51,492.11,0
BS_202106_BU05_EU,2021-06-30,BU05,Europe,USD,30.02,62.41,0.44,21.42,179.98,308.57,0
BS_202106_BU05_LATAM,2021-06-30,BU05,Latin America,USD,15.11,33.77,0.22,11.0,89.99,154.73,0
BS_202106_BU05_NA,2021-06-30,BU05,North America,USD,64.96,117.37,0.91,41.84,360.24,635.93,0
BS_202107_BU01_APAC,2021-07-31,BU01,Asia Pacific,USD,66.58,182.67,2.83,60.25,703.28,844.92,0
BS_202107_BU01_EU,2021-07-31,BU01,Europe,USD,52.39,140.78,2.24,50.28,557.5,644.95,0
BS_202107_BU01_LATAM,2021-07-31,BU01,Latin America,USD,23.86,66.08,1.0,22.66,242.59,278.49,0
BS_202107_BU01_NA,2021-07-31,BU01,North America,USD,92.4,212.25,3.78,79.39,922.08,1090.81,0
BS_202107_BU02_APAC,2021-07-31,BU02,Asia Pacific,USD,53.02,171.58,134.28,100.94,905.4,699.1,0
BS_202107_BU02_EU,2021-07-31,BU02,Europe,USD,59.68,207.86,159.2,129.82,1021.86,755.46,0
BS_202107_BU02_LATAM,2021-07-31,BU02,Latin America,USD,29.03,98.47,73.7,57.81,471.64,346.06,0
BS_202107_BU02_NA,2021-07-31,BU02,North America,USD,94.66,256.46,238.09,170.76,1534.48,1147.61,0
BS_202107_BU03_APAC,2021-07-31,BU03,Asia Pacific,USD,45.69,162.09,65.37,64.47,792.82,633.28,0
BS_202107_BU03_EU,2021-07-31,BU03,Europe,USD,55.88,196.06,81.6,81.15,986.45,735.87,0
BS_202107_BU03_LATAM,2021-07-31,BU03,Latin America,USD,18.77,67.2,26.81,27.9,315.62,236.63,0
BS_202107_BU03_NA,2021-07-31,BU03,North America,USD,111.18,349.92,154.42,146.98,1858.13,1417.13,0
BS_202107_BU04_APAC,2021-07-31,BU04,Asia Pacific,USD,47.16,244.42,210.94,112.71,2012.06,1020.88,0
BS_202107_BU04_EU,2021-07-31,BU04,Europe,USD,57.25,310.48,271.88,152.96,2689.37,1253.28,0
BS_202107_BU04_LATAM,2021-07-31,BU04,Latin America,USD,21.05,113.17,95.32,49.86,839.08,416.16,0
BS_202107_BU04_NA,2021-07-31,BU04,North America,USD,75.42,331.23,334.73,161.47,3094.49,1507.17,0
BS_202107_BU05_APAC,2021-07-31,BU05,Asia Pacific,USD,45.45,93.58,0.64,28.87,271.37,497.1,0
BS_202107_BU05_EU,2021-07-31,BU05,Europe,USD,29.36,58.33,0.41,19.55,180.39,307.7,0
BS_202107_BU05_LATAM,2021-07-31,BU05,Latin America,USD,15.69,32.26,0.21,10.36,90.22,156.04,0
BS_202107_BU05_NA,2021-07-31,BU05,North America,USD,63.61,113.11,0.86,39.68,361.23,639.97,0
BS_202108_BU01_APAC,2021-08-31,BU01,Asia Pacific,USD,68.8,179.66,2.83,59.68,704.93,853.82,0
BS_202108_BU01_EU,2021-08-31,BU01,Europe,USD,52.65,149.62,2.32,53.93,558.79,656.29,0
BS_202108_BU01_LATAM,2021-08-31,BU01,Latin America,USD,24.93,67.92,1.03,23.59,243.09,282.34,0
BS_202108_BU01_NA,2021-08-31,BU01,North America,USD,90.7,219.38,3.81,82.21,924.3,1104.93,0
BS_202108_BU02_APAC,2021-08-31,BU02,Asia Pacific,USD,54.55,179.64,147.91,123.92,907.59,708.13,0
BS_202108_BU02_EU,2021-08-31,BU02,Europe,USD,59.47,206.06,171.22,147.79,1024.03,760.23,0
BS_202108_BU02_LATAM,2021-08-31,BU02,Latin America,USD,30.01,99.66,79.18,67.55,472.8,347.6,0
BS_202108_BU02_NA,2021-08-31,BU02,North America,USD,91.82,258.82,247.85,189.84,1537.28,1150.38,0
BS_202108_BU03_APAC,2021-08-31,BU03,Asia Pacific,USD,46.9,160.58,65.11,64.27,794.77,637.67,0
BS_202108_BU03_EU,2021-08-31,BU03,Europe,USD,55.73,197.97,81.98,87.04,988.77,741.87,0
BS_202108_BU03_LATAM,2021-08-31,BU03,Latin America,USD,19.48,67.77,27.18,28.89,316.29,239.01,0
BS_202108_BU03_NA,2021-08-31,BU03,North America,USD,108.53,361.62,156.19,163.12,1862.49,1430.43,0
BS_202108_BU04_APAC,2021-08-31,BU04,Asia Pacific,USD,48.33,247.7,213.82,136.51,2016.14,1025.2,0
BS_202108_BU04_EU,2021-08-31,BU04,Europe,USD,56.78,300.99,261.24,152.4,2692.54,1257.56,0
BS_202108_BU04_LATAM,2021-08-31,BU04,Latin America,USD,21.67,108.68,91.77,52.83,840.51,416.24,0
BS_202108_BU04_NA,2021-08-31,BU04,North America,USD,73.43,332.42,330.44,193.76,3099.64,1512.21,0
BS_202108_BU05_APAC,2021-08-31,BU05,Asia Pacific,USD,47.04,98.92,0.67,30.85,272.25,504.74,0
BS_202108_BU05_EU,2021-08-31,BU05,Europe,USD,29.47,63.85,0.43,21.52,180.78,312.48,0
BS_202108_BU05_LATAM,2021-08-31,BU05,Latin America,USD,16.34,33.0,0.22,10.71,90.41,157.83,0
BS_202108_BU05_NA,2021-08-31,BU05,North America,USD,62.29,115.32,0.88,41.02,362.16,645.21,0
BS_202109_BU01_APAC,2021-09-30,BU01,Asia Pacific,USD,71.73,193.67,3.08,66.22,706.98,866.34,0
BS_202109_BU01_EU,2021-09-30,BU01,Europe,USD,53.65,160.59,2.45,58.3,560.2,664.86,0
BS_202109_BU01_LATAM,2021-09-30,BU01,Latin America,USD,25.79,72.24,1.1,25.47,243.77,285.74,0
BS_202109_BU01_NA,2021-09-30,BU01,North America,USD,89.64,235.2,4.03,89.97,926.59,1120.47,0
BS_202109_BU02_APAC,2021-09-30,BU02,Asia Pacific,USD,56.4,185.5,166.17,135.45,909.97,714.35,0
BS_202109_BU02_EU,2021-09-30,BU02,Europe,USD,59.95,218.99,188.54,163.0,1026.38,763.53,0
BS_202109_BU02_LATAM,2021-09-30,BU02,Latin America,USD,30.75,104.29,87.37,74.42,473.81,349.14,0
BS_202109_BU02_NA,2021-09-30,BU02,North America,USD,89.86,285.99,282.5,242.75,1540.94,1152.02,0
BS_202109_BU03_APAC,2021-09-30,BU03,Asia Pacific,USD,48.58,167.32,68.75,73.45,796.57,640.84,0
BS_202109_BU03_EU,2021-09-30,BU03,Europe,USD,56.49,209.9,84.91,95.81,990.93,748.23,0
BS_202109_BU03_LATAM,2021-09-30,BU03,Latin America,USD,20.06,70.9,28.47,31.78,317.03,240.73,0
BS_202109_BU03_NA,2021-09-30,BU03,North America,USD,106.55,359.83,156.46,161.67,1865.97,1438.71,0
BS_202109_BU04_APAC,2021-09-30,BU04,Asia Pacific,USD,49.9,266.41,232.71,173.23,2020.05,1029.5,0
BS_202109_BU04_EU,2021-09-30,BU04,Europe,USD,57.16,321.89,278.82,212.52,2695.31,1256.18,0
BS_202109_BU04_LATAM,2021-09-30,BU04,Latin America,USD,22.22,118.71,100.87,80.3,842.22,416.68,1
BS_202109_BU04_NA,2021-09-30,BU04,North America,USD,72.14,361.18,352.49,253.77,3105.04,1521.05,0
BS_202109_BU05_APAC,2021-09-30,BU05,Asia Pacific,USD,49.24,102.56,0.71,32.09,273.14,513.89,0
BS_202109_BU05_EU,2021-09-30,BU05,Europe,USD,30.36,71.73,0.47,24.31,181.33,320.59,0
BS_202109_BU05_LATAM,2021-09-30,BU05,Latin America,USD,16.99,35.89,0.24,11.69,90.63,160.48,0
BS_202109_BU05_NA,2021-09-30,BU05,North America,USD,61.93,126.74,0.94,45.19,363.19,656.81,0
BS_202110_BU01_APAC,2021-10-31,BU01,Asia Pacific,USD,74.64,184.57,2.99,61.77,708.23,873.57,0
BS_202110_BU01_EU,2021-10-31,BU01,Europe,USD,55.52,154.91,2.43,55.65,561.55,670.69,0
BS_202110_BU01_LATAM,2021-10-31,BU01,Latin America,USD,26.28,68.4,1.07,23.64,244.13,286.68,0
BS_202110_BU01_NA,2021-10-31,BU01,North America,USD,89.52,220.9,3.85,83.22,928.06,1127.35,0
BS_202110_BU02_APAC,2021-10-31,BU02,Asia Pacific,USD,58.43,201.2,180.78,139.87,913.09,722.76,0
BS_202110_BU02_EU,2021-10-31,BU02,Europe,USD,61.22,233.76,199.4,162.57,1028.96,766.16,0
BS_202110_BU02_LATAM,2021-10-31,BU02,Latin America,USD,31.23,114.48,96.15,81.83,475.17,351.86,0
BS_202110_BU02_NA,2021-10-31,BU02,North America,USD,89.73,310.9,305.56,245.56,1546.02,1164.9,0
BS_202110_BU03_APAC,2021-10-31,BU03,Asia Pacific,USD,50.25,159.14,66.84,61.86,797.98,642.56,0
BS_202110_BU03_EU,2021-10-31,BU03,Europe,USD,58.07,203.36,83.58,86.18,992.77,751.51,0
BS_202110_BU03_LATAM,2021-10-31,BU03,Latin America,USD,20.38,67.59,27.48,26.7,317.61,241.43,0
BS_202110_BU03_NA,2021-10-31,BU03,North America,USD,106.09,353.2,152.91,151.84,1869.05,1444.28,0
BS_202110_BU04_APAC,2021-10-31,BU04,Asia Pacific,USD,51.51,261.04,231.63,138.77,2024.01,1034.68,0
BS_202110_BU04_EU,2021-10-31,BU04,Europe,USD,58.83,320.3,280.93,186.78,2698.4,1266.31,0
BS_202110_BU04_LATAM,2021-10-31,BU04,Latin America,USD,22.49,109.49,95.61,51.99,843.63,419.54,0
BS_202110_BU04_NA,2021-10-31,BU04,North America,USD,71.79,372.57,354.0,225.97,3110.73,1531.34,0
BS_202110_BU05_APAC,2021-10-31,BU05,Asia Pacific,USD,51.81,105.09,0.73,32.43,273.92,523.76,0
BS_202110_BU05_EU,2021-10-31,BU05,Europe,USD,31.71,72.56,0.495,24.32,181.84,327.64,0
BS_202110_BU05_LATAM,2021-10-31,BU05,Latin America,USD,17.53,37.53,0.25,12.13,90.9,163.8,0
BS_202110_BU05_NA,2021-10-31,BU05,North America,USD,62.4,126.92,0.93,44.59,364.11,667.92,0
BS_202111_BU01_APAC,2021-11-30,BU01,Asia Pacific,USD,77.56,204.41,3.26,68.84,709.65,885.88,0
BS_202111_BU01_EU,2021-11-30,BU01,Europe,USD,58.04,163.86,2.56,59.0,562.7,678.95,0
BS_202111_BU01_LATAM,2021-11-30,BU01,Latin America,USD,26.49,74.16,1.16,26.33,244.63,288.81,0
BS_202111_BU01_NA,2021-11-30,BU01,North America,USD,91.52,240.11,4.17,92.27,930.36,1140.29,0
BS_202111_BU02_APAC,2021-11-30,BU02,Asia Pacific,USD,59.98,230.26,194.16,157.52,916.52,729.14,0
BS_202111_BU02_EU,2021-11-30,BU02,Europe,USD,63.57,267.31,203.98000000000002,196.58,1032.72,771.97,0
BS_202111_BU02_LATAM,2021-11-30,BU02,Latin America,USD,31.24,133.48,104.65,94.25,477.14,354.74,0
BS_202111_BU02_NA,2021-11-30,BU02,North America,USD,91.35,349.93,327.68,275.21,1552.73,1179.6,0
BS_202111_BU03_APAC,2021-11-30,BU03,Asia Pacific,USD,51.74,165.03,69.98,71.46,799.66,643.64,0
BS_202111_BU03_EU,2021-11-30,BU03,Europe,USD,60.3,213.44,87.38,97.83,994.72,755.09,0
BS_202111_BU03_LATAM,2021-11-30,BU03,Latin America,USD,20.44,70.28,28.87,31.76,318.19,241.93,0
BS_202111_BU03_NA,2021-11-30,BU03,North America,USD,107.62,367.0,159.71,174.91,1872.41,1446.77,0
BS_202111_BU04_APAC,2021-11-30,BU04,Asia Pacific,USD,53.0,265.37,238.89,153.27,2027.71,1036.38,0
BS_202111_BU04_EU,2021-11-30,BU04,Europe,USD,61.07,321.34,286.66,191.89,2701.47,1273.52,0
BS_202111_BU04_LATAM,2021-11-30,BU04,Latin America,USD,22.53,117.51,101.28,73.43,845.16,419.32,0
BS_202111_BU04_NA,2021-11-30,BU04,North America,USD,73.15,393.69,372.19,262.12,3116.8,1545.74,0
BS_202111_BU05_APAC,2021-11-30,BU05,Asia Pacific,USD,54.57,123.04,0.84,38.52,275.18,539.29,0
BS_202111_BU05_EU,2021-11-30,BU05,Europe,USD,33.28,77.38,0.52,26.24,182.34,332.3,0
BS_202111_BU05_LATAM,2021-11-30,BU05,Latin America,USD,17.73,39.22,0.26,12.65,91.13,165.72,0
BS_202111_BU05_NA,2021-11-30,BU05,North America,USD,64.26,137.4,1.01,48.83,365.5,681.43,0
BS_202112_BU01_APAC,2021-12-31,BU01,Asia Pacific,USD,79.33,207.95,3.28,68.92,711.63,897.88,0
BS_202112_BU01_EU,2021-12-31,BU01,Europe,USD,60.54,170.15,2.65,61.04,564.32,686.91,0
BS_202112_BU01_LATAM,2021-12-31,BU01,Latin America,USD,26.42,75.39,1.18,26.7,245.28,292.73,0
BS_202112_BU01_NA,2021-12-31,BU01,North America,USD,95.0,243.77,4.26,93.72,933.14,1157.19,0
BS_202112_BU02_APAC,2021-12-31,BU02,Asia Pacific,USD,60.81,238.0,194.12,143.85,920.61,736.41,0
BS_202112_BU02_EU,2021-12-31,BU02,Europe,USD,65.65,265.6,208.56,157.13,1036.62,777.45,0
BS_202112_BU02_LATAM,2021-12-31,BU02,Latin America,USD,30.76,136.51,102.54,80.2,479.16,358.87,0
BS_202112_BU02_NA,2021-12-31,BU02,North America,USD,93.62,342.4,311.68,218.06,1558.93,1187.72,0
BS_202112_BU03_APAC,2021-12-31,BU03,Asia Pacific,USD,52.59,163.67,70.19,67.41,801.45,647.57,0
BS_202112_BU03_EU,2021-12-31,BU03,Europe,USD,62.39,206.57,85.42,85.83,996.24,758.42,0
BS_202112_BU03_LATAM,2021-12-31,BU03,Latin America,USD,20.2,69.12,28.1,27.89,318.71,243.19,0
BS_202112_BU03_NA,2021-12-31,BU03,North America,USD,110.71,356.44,158.84,160.27,1875.84,1452.48,0
BS_202112_BU04_APAC,2021-12-31,BU04,Asia Pacific,USD,53.81,241.68,222.91,106.34,2030.79,1041.85,0
BS_202112_BU04_EU,2021-12-31,BU04,Europe,USD,62.73,281.69,255.05,108.35,2704.14,1273.04,0
BS_202112_BU04_LATAM,2021-12-31,BU04,Latin America,USD,22.14,107.82,91.77,43.28,846.23,421.68,0
BS_202112_BU04_NA,2021-12-31,BU04,North America,USD,75.29,352.24,339.54,159.06,3121.24,1558.11,0
BS_202112_BU05_APAC,2021-12-31,BU05,Asia Pacific,USD,56.24,117.45,0.81,35.9,276.32,549.34,0
BS_202112_BU05_EU,2021-12-31,BU05,Europe,USD,34.86,77.1,0.53,26.18,183.0,337.84,0
BS_202112_BU05_LATAM,2021-12-31,BU05,Latin America,USD,17.62,41.32,0.27,13.2,91.41,167.88,0
BS_202112_BU05_NA,2021-12-31,BU05,North America,USD,67.13,140.04,1.04,49.48,366.85,697.91,0
BS_202201_BU01_APAC,2022-01-31,BU01,Asia Pacific,USD,80.17,198.64,3.21,65.4,713.45,915.12,0
BS_202201_BU01_EU,2022-01-31,BU01,Europe,USD,62.44,154.64,2.5,54.39,565.32,694.74,0
BS_202201_BU01_LATAM,2022-01-31,BU01,Latin America,USD,26.02,71.86,1.11,24.65,245.74,296.75,0
BS_202201_BU01_NA,2022-01-31,BU01,North America,USD,98.82,229.7,4.01,84.93,934.72,1171.51,0
BS_202201_BU02_APAC,2022-01-31,BU02,Asia Pacific,USD,60.68,167.47,140.82,64.19,921.14,735.42,0
BS_202201_BU02_EU,2022-01-31,BU02,Europe,USD,67.18,189.87,156.55,77.18,1036.99,774.18,0
BS_202201_BU02_LATAM,2022-01-31,BU02,Latin America,USD,30.0,96.69,74.31,37.29,479.55,357.96,0
BS_202201_BU02_NA,2022-01-31,BU02,North America,USD,96.66,242.92,229.58,107.45,1559.73,1184.1,0
BS_202201_BU03_APAC,2022-01-31,BU03,Asia Pacific,USD,52.67,164.45,70.46,67.47,803.31,655.17,0
BS_202201_BU03_EU,2022-01-31,BU03,Europe,USD,64.2,209.63,87.61,93.42,998.28,769.09,0
BS_202201_BU03_LATAM,2022-01-31,BU03,Latin America,USD,19.76,70.19,28.29,29.73,319.38,246.11,0
BS_202201_BU03_NA,2022-01-31,BU03,North America,USD,114.8,359.79,159.91,162.5,1879.66,1471.93,0
BS_202201_BU04_APAC,2022-01-31,BU04,Asia Pacific,USD,53.53,226.29,209.17,100.38,2033.19,1048.16,0
BS_202201_BU04_EU,2022-01-31,BU04,Europe,USD,64.08,276.26,251.34,149.41,2707.15,1277.63,0
BS_202201_BU04_LATAM,2022-01-31,BU04,Latin America,USD,21.54,106.25,89.05,52.76,847.1,424.48,0
BS_202201_BU04_NA,2022-01-31,BU04,North America,USD,78.13,347.66,330.0,187.5,3125.14,1573.48,0
BS_202201_BU05_APAC,2022-01-31,BU05,Asia Pacific,USD,56.79,103.68,0.73,30.8,276.88,557.47,0
BS_202201_BU05_EU,2022-01-31,BU05,Europe,USD,36.11,67.51,0.47,21.76,183.27,342.57,0
BS_202201_BU05_LATAM,2022-01-31,BU05,Latin America,USD,17.31,35.5,0.23,10.9,91.53,169.76,0
BS_202201_BU05_NA,2022-01-31,BU05,North America,USD,70.5,127.24,0.96,43.67,367.71,712.21,0
BS_202202_BU01_APAC,2022-02-28,BU01,Asia Pacific,USD,79.6,215.07,3.4,72.17,715.08,928.03,0
BS_202202_BU01_EU,2022-02-28,BU01,Europe,USD,63.63,163.34,2.65,59.07,566.52,703.51,0
BS_202202_BU01_LATAM,2022-02-28,BU01,Latin America,USD,25.52,79.12,1.18,27.74,246.29,301.5,0
BS_202202_BU01_NA,2022-02-28,BU01,North America,USD,102.98,249.99,4.41,96.2,936.84,1188.42,0
BS_202202_BU02_APAC,2022-02-28,BU02,Asia Pacific,USD,59.74,175.0,141.07,102.14,921.89,735.69,0
BS_202202_BU02_EU,2022-02-28,BU02,Europe,USD,67.85,194.67,157.63,122.77,1037.85,770.85,0
BS_202202_BU02_LATAM,2022-02-28,BU02,Latin America,USD,29.18,101.48,73.82,58.52,480.02,358.08,0
BS_202202_BU02_NA,2022-02-28,BU02,North America,USD,99.8,253.52,231.04,172.32,1560.85,1183.89,0
BS_202202_BU03_APAC,2022-02-28,BU03,Asia Pacific,USD,51.91,173.7,73.4,75.38,804.98,661.75,0
BS_202202_BU03_EU,2022-02-28,BU03,Europe,USD,65.01,222.25,94.17,108.03,1000.42,778.31,0
BS_202202_BU03_LATAM,2022-02-28,BU03,Latin America,USD,19.26,76.94,30.1,35.38,320.08,249.36,0
BS_202202_BU03_NA,2022-02-28,BU03,North America,USD,119.17,397.49,176.8,206.93,1884.13,1490.44,0
BS_202202_BU04_APAC,2022-02-28,BU04,Asia Pacific,USD,52.63,251.02,226.11,163.49,2036.05,1052.99,0
BS_202202_BU04_EU,2022-02-28,BU04,Europe,USD,64.73,306.01,275.01,216.31,2710.43,1286.18,0
BS_202202_BU04_LATAM,2022-02-28,BU04,Latin America,USD,20.9,115.28,95.46,74.75,848.25,427.2,0
BS_202202_BU04_NA,2022-02-28,BU04,North America,USD,80.64,367.78,351.53,254.76,3129.87,1583.04,0
BS_202202_BU05_APAC,2022-02-28,BU05,Asia Pacific,USD,56.17,107.66,0.74,32.76,277.45,562.76,0
BS_202202_BU05_EU,2022-02-28,BU05,Europe,USD,36.91,73.9,0.51,24.55,183.6,348.98,0
BS_202202_BU05_LATAM,2022-02-28,BU05,Latin America,USD,16.9,38.58,0.25,12.42,91.7,171.48,0
BS_202202_BU05_NA,2022-02-28,BU05,North America,USD,73.7,137.87,1.03,48.5,368.58,725.18,0
BS_202203_BU01_APAC,2022-03-31,BU01,Asia Pacific,USD,78.49,212.39,3.36,70.94,717.71,940.94,0
BS_202203_BU01_EU,2022-03-31,BU01,Europe,USD,64.13,165.19,2.66,59.72,568.24,714.62,0
BS_202203_BU01_LATAM,2022-03-31,BU01,Latin America,USD,25.19,77.59,1.16,27.1,247.2,305.4,0
BS_202203_BU01_NA,2022-03-31,BU01,North America,USD,106.66,250.72,4.47,95.95,940.13,1204.47,0
BS_202203_BU02_APAC,2022-03-31,BU02,Asia Pacific,USD,58.31,165.05,131.86,88.65,923.28,737.44,0
BS_202203_BU02_EU,2022-03-31,BU02,Europe,USD,67.71,193.74,157.08,125.37,1040.22,773.56,0
BS_202203_BU02_LATAM,2022-03-31,BU02,Latin America,USD,28.61,98.1,69.61,53.59,480.69,359.36,0
BS_202203_BU02_NA,2022-03-31,BU02,North America,USD,102.09,253.7,228.02,172.06,1563.8,1183.96,0
BS_202203_BU03_APAC,2022-03-31,BU03,Asia Pacific,USD,50.6,168.56,70.42,63.94,807.29,665.36,0
BS_202203_BU03_EU,2022-03-31,BU03,Europe,USD,64.85,210.96,90.69,86.31,1003.22,784.21,0
BS_202203_BU03_LATAM,2022-03-31,BU03,Latin America,USD,18.87,72.34,28.57,28.09,320.97,250.96,0
BS_202203_BU03_NA,2022-03-31,BU03,North America,USD,122.44,388.02,172.84,167.58,1889.88,1505.08,0
BS_202203_BU04_APAC,2022-03-31,BU04,Asia Pacific,USD,51.31,248.85,226.42,136.51,2040.29,1060.45,0
BS_202203_BU04_EU,2022-03-31,BU04,Europe,USD,64.3,302.86,276.21,175.63,2714.19,1294.7,0
BS_202203_BU04_LATAM,2022-03-31,BU04,Latin America,USD,20.36,114.0,93.9,60.01,849.9,430.46,0
BS_202203_BU04_NA,2022-03-31,BU04,North America,USD,82.49,354.98,351.84,213.42,3136.71,1593.32,0
BS_202203_BU05_APAC,2022-03-31,BU05,Asia Pacific,USD,55.29,106.81,0.72,32.44,278.34,570.24,0
BS_202203_BU05_EU,2022-03-31,BU05,Europe,USD,37.1,70.48,0.49,23.61,184.07,353.0,0
BS_202203_BU05_LATAM,2022-03-31,BU05,Latin America,USD,16.7,39.61,0.25,12.67,92.01,173.94,0
BS_202203_BU05_NA,2022-03-31,BU05,North America,USD,76.0,127.44,0.99,44.85,369.81,732.28,0
BS_202204_BU01_APAC,2022-04-30,BU01,Asia Pacific,USD,77.24,216.41,3.46,73.26,720.54,956.9,0
BS_202204_BU01_EU,2022-04-30,BU01,Europe,USD,63.53,168.39,2.71,60.65,569.95,722.7,0
BS_202204_BU01_LATAM,2022-04-30,BU01,Latin America,USD,25.16,78.03,1.17,27.15,247.99,308.85,0
BS_202204_BU01_NA,2022-04-30,BU01,North America,USD,108.8,253.81,4.57,96.4,943.25,1219.09,0
BS_202204_BU02_APAC,2022-04-30,BU02,Asia Pacific,USD,56.77,179.49,257.02,116.56,925.2,740.84,1
BS_202204_BU02_EU,2022-04-30,BU02,Europe,USD,66.77,199.82,163.11,137.76,1042.53,779.39,0
BS_202204_BU02_LATAM,2022-04-30,BU02,Latin America,USD,28.31,102.1,72.89,66.45,481.73,359.24,0
BS_202204_BU02_NA,2022-04-30,BU02,North America,USD,103.1,264.9,236.0,190.31,1566.43,1188.44,0
BS_202204_BU03_APAC,2022-04-30,BU03,Asia Pacific,USD,49.27,169.85,71.07,69.93,809.6,669.54,0
BS_202204_BU03_EU,2022-04-30,BU03,Europe,USD,63.89,213.15,91.31,93.25,1005.82,788.9,0
BS_202204_BU03_LATAM,2022-04-30,BU03,Latin America,USD,18.71,73.22,28.71,30.87,321.79,252.28,0
BS_202204_BU03_NA,2022-04-30,BU03,North America,USD,124.52,405.3,179.21,188.12,1895.77,1522.48,0
BS_202204_BU04_APAC,2022-04-30,BU04,Asia Pacific,USD,49.9,268.91,237.85,162.61,2045.07,1067.17,0
BS_202204_BU04_EU,2022-04-30,BU04,Europe,USD,63.14,318.66,289.37,202.94,2718.7,1300.52,0
BS_202204_BU04_LATAM,2022-04-30,BU04,Latin America,USD,20.06,118.06,98.1,72.0,851.77,429.98,0
BS_202204_BU04_NA,2022-04-30,BU04,North America,USD,83.27,362.29,367.07,241.15,3143.47,1599.73,0
BS_202204_BU05_APAC,2022-04-30,BU05,Asia Pacific,USD,54.35,110.39,0.74,33.78,279.25,578.97,0
BS_202204_BU05_EU,2022-04-30,BU05,Europe,USD,36.79,71.45,0.5,23.96,184.66,357.11,0
BS_202204_BU05_LATAM,2022-04-30,BU05,Latin America,USD,16.7,38.98,0.25,12.46,92.33,176.36,0
BS_202204_BU05_NA,2022-04-30,BU05,North America,USD,77.03,132.04,1.02,46.32,370.93,737.61,0
BS_202205_BU01_APAC,2022-05-31,BU01,Asia Pacific,USD,76.21,205.48,3.3,69.1,722.81,965.59,0
BS_202205_BU01_EU,2022-05-31,BU01,Europe,USD,62.15,163.8,2.57,57.32,571.58,727.12,0
BS_202205_BU01_LATAM,2022-05-31,BU01,Latin America,USD,25.4,73.36,1.09,25.06,248.58,309.33,0
BS_202205_BU01_NA,2022-05-31,BU01,North America,USD,109.29,244.91,4.5,93.09,946.43,1234.62,0
BS_202205_BU02_APAC,2022-05-31,BU02,Asia Pacific,USD,55.66,187.14,141.23,113.78,927.68,748.73,0
BS_202205_BU02_EU,2022-05-31,BU02,Europe,USD,65.08,197.57,160.67,123.67,1044.92,784.23,0
BS_202205_BU02_LATAM,2022-05-31,BU02,Latin America,USD,28.59,104.33,74.94,66.11,482.98,363.13,0
BS_202205_BU02_NA,2022-05-31,BU02,North America,USD,102.67,271.83,241.93,191.69,1569.81,1198.76,0
BS_202205_BU03_APAC,2022-05-31,BU03,Asia Pacific,USD,48.24,166.93,67.74,62.66,811.9,672.0,0
BS_202205_BU03_EU,2022-05-31,BU03,Europe,USD,62.2,203.39,87.15,82.72,1008.47,791.62,0
BS_202205_BU03_LATAM,2022-05-31,BU03,Latin America,USD,18.81,68.03,26.67,25.25,322.57,252.95,0
BS_202205_BU03_NA,2022-05-31,BU03,North America,USD,124.45,374.9,169.95,153.62,1900.47,1531.78,0
BS_202205_BU04_APAC,2022-05-31,BU04,Asia Pacific,USD,48.72,270.7,235.26,141.71,2050.13,1073.12,0
BS_202205_BU04_EU,2022-05-31,BU04,Europe,USD,61.41,313.34,283.29,169.48,2722.58,1307.24,0
BS_202205_BU04_LATAM,2022-05-31,BU04,Latin America,USD,20.05,116.14,96.85,62.19,853.57,430.33,0
BS_202205_BU04_NA,2022-05-31,BU04,North America,USD,82.77,363.77,366.87,217.62,3150.49,1609.33,0
BS_202205_BU05_APAC,2022-05-31,BU05,Asia Pacific,USD,53.59,110.94,0.72,33.43,280.23,584.73,0
BS_202205_BU05_EU,2022-05-31,BU05,Europe,USD,36.29,72.99,0.5,24.46,185.32,363.12,0
BS_202205_BU05_LATAM,2022-05-31,BU05,Latin America,USD,17.02,39.35,0.25,12.55,92.63,179.07,0
BS_202205_BU05_NA,2022-05-31,BU05,North America,USD,77.22,129.34,0.99,45.08,372.0,745.01,0
BS_202206_BU01_APAC,2022-06-30,BU01,Asia Pacific,USD,76.17,220.46,3.45,74.72,725.64,975.13,0
BS_202206_BU01_EU,2022-06-30,BU01,Europe,USD,60.99,177.79,2.76,64.12,573.58,737.03,0
BS_202206_BU01_LATAM,2022-06-30,BU01,Latin America,USD,26.21,82.66,1.2,28.86,249.47,313.82,0
BS_202206_BU01_NA,2022-06-30,BU01,North America,USD,108.4,268.76,4.76,102.8,950.52,1250.08,0
BS_202206_BU02_APAC,2022-06-30,BU02,Asia Pacific,USD,55.54,199.48,149.01,127.92,930.22,757.34,0
BS_202206_BU02_EU,2022-06-30,BU02,Europe,USD,63.08,203.69,163.15,134.23,1046.79,784.16,0
BS_202206_BU02_LATAM,2022-06-30,BU02,Latin America,USD,29.18,103.5,76.56,65.55,484.11,363.19,0
BS_202206_BU02_NA,2022-06-30,BU02,North America,USD,100.86,289.83,253.64,211.21,1573.13,1206.32,0
BS_202206_BU03_APAC,2022-06-30,BU03,Asia Pacific,USD,47.9,174.48,69.79,73.38,814.11,674.76,0
BS_202206_BU03_EU,2022-06-30,BU03,Europe,USD,60.6,208.45,89.45,95.5,1010.88,795.47,0
BS_202206_BU03_LATAM,2022-06-30,BU03,Latin America,USD,19.26,72.09,27.87,31.89,323.36,254.31,0
BS_202206_BU03_NA,2022-06-30,BU03,North America,USD,122.64,386.41,174.7,179.92,1906.07,1540.87,0
BS_202206_BU04_APAC,2022-06-30,BU04,Asia Pacific,USD,48.49,279.51,241.75,160.42,2054.71,1077.37,0
BS_202206_BU04_EU,2022-06-30,BU04,Europe,USD,59.63,330.27,297.73,213.16,2726.56,1305.99,0
BS_202206_BU04_LATAM,2022-06-30,BU04,Latin America,USD,20.39,120.4,100.6,72.49,855.43,429.17,0
BS_202206_BU04_NA,2022-06-30,BU04,North America,USD,81.43,376.82,381.4,248.88,3157.65,1618.32,0
BS_202206_BU05_APAC,2022-06-30,BU05,Asia Pacific,USD,53.97,122.38,0.78,37.46,281.55,595.15,0
BS_202206_BU05_EU,2022-06-30,BU05,Europe,USD,35.86,78.78,0.54,26.82,186.13,370.34,0
BS_202206_BU05_LATAM,2022-06-30,BU05,Latin America,USD,17.63,41.2,0.26,13.35,92.98,181.88,0
BS_202206_BU05_NA,2022-06-30,BU05,North America,USD,76.94,142.58,1.09,50.91,373.58,757.7,0
BS_202207_BU01_APAC,2022-07-31,BU01,Asia Pacific,USD,77.41,204.02,3.24,68.21,727.57,983.02,0
BS_202207_BU01_EU,2022-07-31,BU01,Europe,USD,60.35,163.42,2.61,58.8,575.17,746.63,0
BS_202207_BU01_LATAM,2022-07-31,BU01,Latin America,USD,27.34,77.64,1.14,26.55,250.2,318.07,0
BS_202207_BU01_NA,2022-07-31,BU01,North America,USD,106.44,246.22,4.36,90.85,953.17,1263.5,0
BS_202207_BU02_APAC,2022-07-31,BU02,Asia Pacific,USD,56.14,189.41,145.02,105.75,932.29,762.74,0
BS_202207_BU02_EU,2022-07-31,BU02,Europe,USD,61.38,194.66,155.77,113.58,1048.38,783.54,0
BS_202207_BU02_LATAM,2022-07-31,BU02,Latin America,USD,30.11,103.91,75.73,60.55,485.04,364.44,0
BS_202207_BU02_NA,2022-07-31,BU02,North America,USD,97.69,264.4,237.97,156.99,1575.5,1206.67,0
BS_202207_BU03_APAC,2022-07-31,BU03,Asia Pacific,USD,48.29,167.78,67.6,64.73,816.03,677.01,0
BS_202207_BU03_EU,2022-07-31,BU03,Europe,USD,59.35,202.91,84.91,81.83,1013.11,799.67,0
BS_202207_BU03_LATAM,2022-07-31,BU03,Latin America,USD,19.85,69.9,27.08,27.82,323.94,254.73,0
BS_202207_BU03_NA,2022-07-31,BU03,North America,USD,119.47,359.27,163.61,145.61,1910.53,1546.79,0
BS_202207_BU04_APAC,2022-07-31,BU04,Asia Pacific,USD,49.02,261.03,227.12,117.34,2058.69,1085.75,0
BS_202207_BU04_EU,2022-07-31,BU04,Europe,USD,57.99,299.25,270.15,128.04,2730.35,1308.37,0
BS_202207_BU04_LATAM,2022-07-31,BU04,Latin America,USD,20.94,110.13,93.46,48.82,856.75,429.85,0
BS_202207_BU04_NA,2022-07-31,BU04,North America,USD,79.21,346.6,350.48,161.41,3162.99,1627.63,0
BS_202207_BU05_APAC,2022-07-31,BU05,Asia Pacific,USD,55.14,118.42,0.77,35.97,282.61,605.03,0
BS_202207_BU05_EU,2022-07-31,BU05,Europe,USD,35.8,76.21,0.53,25.82,186.96,378.92,0
BS_202207_BU05_LATAM,2022-07-31,BU05,Latin America,USD,18.51,42.09,0.26,13.44,93.33,186.14,0
BS_202207_BU05_NA,2022-07-31,BU05,North America,USD,75.88,133.94,1.04,47.2,374.74,770.1,0
BS_202208_BU01_APAC,2022-08-31,BU01,Asia Pacific,USD,80.01,207.99,3.28,69.54,729.56,997.75,0
BS_202208_BU01_EU,2022-08-31,BU01,Europe,USD,60.31,166.71,2.63,59.88,576.45,755.45,0
BS_202208_BU01_LATAM,2022-08-31,BU01,Latin America,USD,28.56,79.48,1.19,27.38,250.85,323.24,0
BS_202208_BU01_NA,2022-08-31,BU01,North America,USD,104.23,251.52,4.36,93.65,955.2,1278.28,0
BS_202208_BU02_APAC,2022-08-31,BU02,Asia Pacific,USD,57.39,187.52,153.93,121.55,933.9,762.96,0
BS_202208_BU02_EU,2022-08-31,BU02,Europe,USD,60.67,202.73,168.09,145.29,1050.01,781.85,0
BS_202208_BU02_LATAM,2022-08-31,BU02,Latin America,USD,31.18,108.81,82.7,74.22,485.95,366.41,0
BS_202208_BU02_NA,2022-08-31,BU02,North America,USD,95.03,282.1,257.51,213.19,1578.27,1209.2,0
BS_202208_BU03_APAC,2022-08-31,BU03,Asia Pacific,USD,49.7,173.91,70.44,74.5,818.12,684.34,0
BS_202208_BU03_EU,2022-08-31,BU03,Europe,USD,58.9,206.07,85.29,90.54,1015.27,802.83,0
BS_202208_BU03_LATAM,2022-08-31,BU03,Latin America,USD,20.57,73.22,28.3,32.05,324.58,256.84,0
BS_202208_BU03_NA,2022-08-31,BU03,North America,USD,116.57,373.67,167.38,173.13,1915.1,1558.97,0
BS_202208_BU04_APAC,2022-08-31,BU04,Asia Pacific,USD,50.06,252.78,222.11,126.88,2061.48,1086.93,0
BS_202208_BU04_EU,2022-08-31,BU04,Europe,USD,57.3,292.77,262.11,153.21,2733.42,1305.51,0
BS_202208_BU04_LATAM,2022-08-31,BU04,Latin America,USD,21.65,111.34,94.68,62.42,858.02,430.07,0
BS_202208_BU04_NA,2022-08-31,BU04,North America,USD,76.96,351.73,347.73,204.75,3168.05,1629.75,0
BS_202208_BU05_APAC,2022-08-31,BU05,Asia Pacific,USD,56.99,120.04,0.78,36.2,283.65,613.67,0
BS_202208_BU05_EU,2022-08-31,BU05,Europe,USD,36.17,79.07,0.54,26.74,187.62,387.45,0
BS_202208_BU05_LATAM,2022-08-31,BU05,Latin America,USD,19.4,42.44,0.27,13.41,93.6,190.01,0
BS_202208_BU05_NA,2022-08-31,BU05,North America,USD,74.84,138.43,1.08,49.39,376.28,784.33,0
BS_202209_BU01_APAC,2022-09-30,BU01,Asia Pacific,USD,83.62,232.71,3.61,79.64,731.91,1013.72,0
BS_202209_BU01_EU,2022-09-30,BU01,Europe,USD,61.4,183.22,2.8,66.66,577.88,764.57,0
BS_202209_BU01_LATAM,2022-09-30,BU01,Latin America,USD,29.62,86.06,1.28,30.09,251.53,327.81,0
BS_202209_BU01_NA,2022-09-30,BU01,North America,USD,103.09,274.68,4.65,104.7,958.28,1294.91,0
BS_202209_BU02_APAC,2022-09-30,BU02,Asia Pacific,USD,59.5,204.87,178.13,153.56,935.7,769.35,0
BS_202209_BU02_EU,2022-09-30,BU02,Europe,USD,61.27,221.68,192.34,175.21,1051.98,785.89,0
BS_202209_BU02_LATAM,2022-09-30,BU02,Latin America,USD,32.14,113.84,94.46,85.62,486.99,368.33,0
BS_202209_BU02_NA,2022-09-30,BU02,North America,USD,92.92,295.84,286.46,239.0,1580.96,1212.88,0
BS_202209_BU03_APAC,2022-09-30,BU03,Asia Pacific,USD,51.51,182.07,73.12,77.6,819.81,691.62,0
BS_202209_BU03_EU,2022-09-30,BU03,Europe,USD,59.46,214.44,87.85,98.15,1016.81,805.44,0
BS_202209_BU03_LATAM,2022-09-30,BU03,Latin America,USD,21.19,77.29,30.0,34.81,325.2,259.18,0
BS_202209_BU03_NA,2022-09-30,BU03,North America,USD,114.75,384.24,170.3,178.61,1919.0,1572.46,0
BS_202209_BU04_APAC,2022-09-30,BU04,Asia Pacific,USD,51.8,284.72,247.55,192.37,2065.53,1087.63,0
BS_202209_BU04_EU,2022-09-30,BU04,Europe,USD,57.59,314.46,278.85,208.39,2736.46,1298.99,0
BS_202209_BU04_LATAM,2022-09-30,BU04,Latin America,USD,22.24,123.79,106.08,87.52,859.71,429.69,0
BS_202209_BU04_NA,2022-09-30,BU04,North America,USD,75.57,394.59,381.94,291.87,3173.86,1631.2,0
BS_202209_BU05_APAC,2022-09-30,BU05,Asia Pacific,USD,59.28,120.99,0.79,36.5,284.39,619.96,0
BS_202209_BU05_EU,2022-09-30,BU05,Europe,USD,36.75,78.8,0.54,26.49,188.09,390.83,0
BS_202209_BU05_LATAM,2022-09-30,BU05,Latin America,USD,20.17,45.01,0.28,14.3,93.91,193.4,0
BS_202209_BU05_NA,2022-09-30,BU05,North America,USD,74.12,143.68,1.11,52.12,377.66,793.84,0
BS_202210_BU01_APAC,2022-10-31,BU01,Asia Pacific,USD,87.32,217.61,3.48,72.42,733.45,1024.28,0
BS_202210_BU01_EU,2022-10-31,BU01,Europe,USD,63.56,185.34,2.79,65.63,579.34,774.55,0
BS_202210_BU01_LATAM,2022-10-31,BU01,Latin America,USD,30.44,83.13,1.27,28.72,252.14,331.69,0
BS_202210_BU01_NA,2022-10-31,BU01,North America,USD,103.43,255.09,4.43,95.67,960.7,1306.99,0
BS_202210_BU02_APAC,2022-10-31,BU02,Asia Pacific,USD,61.73,222.72,194.11,153.56,938.57,776.7,0
BS_202210_BU02_EU,2022-10-31,BU02,Europe,USD,63.04,244.58,211.36,182.07,1054.99,793.64,0
BS_202210_BU02_LATAM,2022-10-31,BU02,Latin America,USD,32.7,124.19,103.51,87.93,488.36,371.52,0
BS_202210_BU02_NA,2022-10-31,BU02,North America,USD,92.18,326.6,310.98,252.76,1584.87,1217.65,0
BS_202210_BU03_APAC,2022-10-31,BU03,Asia Pacific,USD,53.5,175.54,72.75,70.56,821.18,695.58,0
BS_202210_BU03_EU,2022-10-31,BU03,Europe,USD,61.0,213.92,87.42,92.65,1018.35,806.97,0
BS_202210_BU03_LATAM,2022-10-31,BU03,Latin America,USD,21.62,76.39,29.88,31.27,325.87,261.24,0
BS_202210_BU03_NA,2022-10-31,BU03,North America,USD,114.52,372.21,166.59,163.2,1922.55,1578.94,0
BS_202210_BU04_APAC,2022-10-31,BU04,Asia Pacific,USD,53.67,278.61,249.23,152.69,2069.46,1095.18,0
BS_202210_BU04_EU,2022-10-31,BU04,Europe,USD,58.79,322.44,283.49,190.89,2738.96,1298.67,0
BS_202210_BU04_LATAM,2022-10-31,BU04,Latin America,USD,22.64,120.91,105.1,64.9,861.17,433.53,0
BS_202210_BU04_NA,2022-10-31,BU04,North America,USD,75.18,399.45,379.2,233.07,3179.82,1641.45,0
BS_202210_BU05_APAC,2022-10-31,BU05,Asia Pacific,USD,61.78,119.09,0.81,36.48,285.15,627.09,0
BS_202210_BU05_EU,2022-10-31,BU05,Europe,USD,37.95,80.89,0.54,27.0,188.56,395.15,0
BS_202210_BU05_LATAM,2022-10-31,BU05,Latin America,USD,20.62,43.79,0.28,13.86,94.19,195.22,0
BS_202210_BU05_NA,2022-10-31,BU05,North America,USD,74.49,140.69,1.1,50.75,378.83,802.27,0
BS_202211_BU01_APAC,2022-11-30,BU01,Asia Pacific,USD,90.16,233.3,3.67,77.39,735.18,1036.94,0
BS_202211_BU01_EU,2022-11-30,BU01,Europe,USD,66.15,190.98,2.87,67.29,580.45,784.31,0
BS_202211_BU01_LATAM,2022-11-30,BU01,Latin America,USD,30.61,84.54,1.32,29.65,252.67,335.49,0
BS_202211_BU01_NA,2022-11-30,BU01,North America,USD,104.94,271.52,4.57,101.71,962.55,1316.53,0
BS_202211_BU02_APAC,2022-11-30,BU02,Asia Pacific,USD,63.5,251.07,207.33,168.13,941.98,782.16,0
BS_202211_BU02_EU,2022-11-30,BU02,Europe,USD,65.64,294.0,237.18,225.15,1059.56,807.03,0
BS_202211_BU02_LATAM,2022-11-30,BU02,Latin America,USD,32.78,142.95,112.47,100.31,490.21,376.18,0
BS_202211_BU02_NA,2022-11-30,BU02,North America,USD,93.03,376.05,332.98,285.05,1590.8,1222.13,0
BS_202211_BU03_APAC,2022-11-30,BU03,Asia Pacific,USD,55.06,178.2,74.85,75.23,822.79,700.59,0
BS_202211_BU03_EU,2022-11-30,BU03,Europe,USD,63.1,220.24,91.15,101.74,1019.83,811.06,0
BS_202211_BU03_LATAM,2022-11-30,BU03,Latin America,USD,21.66,79.15,30.76,33.83,326.41,263.02,0
BS_202211_BU03_NA,2022-11-30,BU03,North America,USD,116.24,391.35,172.65,185.74,1925.82,1591.94,0
BS_202211_BU04_APAC,2022-11-30,BU04,Asia Pacific,USD,54.92,268.83,249.9,145.02,2071.81,1093.88,0
BS_202211_BU04_EU,2022-11-30,BU04,Europe,USD,60.36,313.89,285.19,180.95,2741.35,1293.62,0
BS_202211_BU04_LATAM,2022-11-30,BU04,Latin America,USD,22.53,119.8,105.1,64.81,862.48,432.7,0
BS_202211_BU04_NA,2022-11-30,BU04,North America,USD,75.57,398.21,382.26,239.46,3184.84,1630.7,0
BS_202211_BU05_APAC,2022-11-30,BU05,Asia Pacific,USD,63.68,131.73,0.9,40.97,286.03,635.13,0
BS_202211_BU05_EU,2022-11-30,BU05,Europe,USD,39.52,83.19,0.57,28.32,189.17,400.84,0
BS_202211_BU05_LATAM,2022-11-30,BU05,Latin America,USD,20.88,47.63,0.31,15.32,94.55,199.5,0
BS_202211_BU05_NA,2022-11-30,BU05,North America,USD,76.05,153.2,1.17,55.24,379.96,813.72,0
BS_202212_BU01_APAC,2022-12-31,BU01,Asia Pacific,USD,92.3,240.76,3.79,80.14,737.37,1052.02,0
BS_202212_BU01_EU,2022-12-31,BU01,Europe,USD,68.69,185.15,2.91,66.31,581.75,789.2,0
BS_202212_BU01_LATAM,2022-12-31,BU01,Latin America,USD,30.43,87.54,1.33,30.23,253.42,340.35,0
BS_202212_BU01_NA,2022-12-31,BU01,North America,USD,108.29,276.22,4.68,104.62,965.07,1325.99,0
BS_202212_BU02_APAC,2022-12-31,BU02,Asia Pacific,USD,64.35,254.9,204.5,148.51,945.74,783.82,0
BS_202212_BU02_EU,2022-12-31,BU02,Europe,USD,68.54,302.07,235.33,189.1,1064.13,822.05,0
BS_202212_BU02_LATAM,2022-12-31,BU02,Latin America,USD,32.43,148.38,111.26,88.24,492.29,380.18,0
BS_202212_BU02_NA,2022-12-31,BU02,North America,USD,95.46,366.43,321.44,234.82,1596.69,1225.82,0
BS_202212_BU03_APAC,2022-12-31,BU03,Asia Pacific,USD,55.85,174.2,73.6,68.71,824.12,703.29,0
BS_202212_BU03_EU,2022-12-31,BU03,Europe,USD,65.38,216.06,90.49,92.9,1021.44,816.66,0
BS_202212_BU03_LATAM,2022-12-31,BU03,Latin America,USD,21.39,75.88,30.12,30.42,326.86,264.34,0
BS_202212_BU03_NA,2022-12-31,BU03,North America,USD,119.52,374.38,168.74,164.81,1929.23,1600.16,0
BS_202212_BU04_APAC,2022-12-31,BU04,Asia Pacific,USD,55.54,254.06,235.73,113.9,2074.31,1093.44,0
BS_202212_BU04_EU,2022-12-31,BU04,Europe,USD,62.52,297.26,275.04,152.51,2743.95,1294.8,0
BS_202212_BU04_LATAM,2022-12-31,BU04,Latin America,USD,22.2,112.52,99.74,52.83,863.39,432.15,0
BS_202212_BU04_NA,2022-12-31,BU04,North America,USD,77.31,358.8,352.86,166.97,3188.51,1627.5,0
BS_202212_BU05_APAC,2022-12-31,BU05,Asia Pacific,USD,65.13,131.62,0.92,40.56,287.44,643.46,0
BS_202212_BU05_EU,2022-12-31,BU05,Europe,USD,41.37,88.85,0.61,30.24,190.05,408.41,0
BS_202212_BU05_LATAM,2022-12-31,BU05,Latin America,USD,20.92,49.34,0.32,16.03,94.99,203.72,0
BS_202212_BU05_NA,2022-12-31,BU05,North America,USD,78.59,155.19,1.18,55.53,381.42,820.15,0
BS_202301_BU01_APAC,2023-01-31,BU01,Asia Pacific,USD,92.77,233.13,3.63,75.16,739.2,1065.03,0
BS_202301_BU01_EU,2023-01-31,BU01,Europe,USD,70.96,175.47,2.81,62.22,582.87,798.39,0
BS_202301_BU01_LATAM,2023-01-31,BU01,Latin America,USD,29.88,82.03,1.25,27.75,253.85,344.73,0
BS_202301_BU01_NA,2023-01-31,BU01,North America,USD,112.66,259.26,4.45,95.94,966.31,1337.82,0
BS_202301_BU02_APAC,2023-01-31,BU02,Asia Pacific,USD,64.47,185.36,155.15,71.41,946.35,781.78,0
BS_202301_BU02_EU,2023-01-31,BU02,Europe,USD,70.36,206.33,171.34,83.27,1064.35,816.32,0
BS_202301_BU02_LATAM,2023-01-31,BU02,Latin America,USD,31.54,101.93,77.99,38.61,492.23,375.22,0
BS_202301_BU02_NA,2023-01-31,BU02,North America,USD,98.7,266.56,239.5,114.82,1596.95,1220.37,0
BS_202301_BU03_APAC,2023-01-31,BU03,Asia Pacific,USD,55.85,175.24,74.14,71.46,825.66,711.82,0
BS_202301_BU03_EU,2023-01-31,BU03,Europe,USD,67.09,214.13,91.1,93.56,1023.26,823.64,0
BS_202301_BU03_LATAM,2023-01-31,BU03,Latin America,USD,20.9,75.81,30.0,31.22,327.48,266.96,0
BS_202301_BU03_NA,2023-01-31,BU03,North America,USD,123.73,377.13,167.79,167.42,1932.56,1615.51,0
BS_202301_BU04_APAC,2023-01-31,BU04,Asia Pacific,USD,55.57,247.02,231.66,125.81,2076.77,1099.89,0
BS_202301_BU04_EU,2023-01-31,BU04,Europe,USD,64.06,286.81,269.15,153.27,2746.37,1302.21,0
BS_202301_BU04_LATAM,2023-01-31,BU04,Latin America,USD,21.6,106.51,95.1,50.92,864.19,433.26,0
BS_202301_BU04_NA,2023-01-31,BU04,North America,USD,79.75,350.57,345.03,193.64,3191.97,1630.91,0
BS_202301_BU05_APAC,2023-01-31,BU05,Asia Pacific,USD,65.31,112.33,0.81,33.3,287.86,647.26,0
BS_202301_BU05_EU,2023-01-31,BU05,Europe,USD,43.01,80.21,0.57,26.37,190.52,416.13,0
BS_202301_BU05_LATAM,2023-01-31,BU05,Latin America,USD,20.72,44.29,0.29,13.78,95.23,207.61,0
BS_202301_BU05_NA,2023-01-31,BU05,North America,USD,82.05,142.76,1.12,50.75,382.48,830.84,0
BS_202302_BU01_APAC,2023-02-28,BU01,Asia Pacific,USD,92.12,245.51,3.94,82.86,741.14,1078.59,0
BS_202302_BU01_EU,2023-02-28,BU01,Europe,USD,72.58,191.53,3.09,70.12,584.27,809.93,0
BS_202302_BU01_LATAM,2023-02-28,BU01,Latin America,USD,29.3,91.54,1.35,31.7,254.51,350.34,0
BS_202302_BU01_NA,2023-02-28,BU01,North America,USD,117.42,269.67499999999995,5.01,110.86,968.77,1355.51,0
BS_202302_BU02_APAC,2023-02-28,BU02,Asia Pacific,USD,63.61,191.42,155.97,113.06,946.71,776.87,0
BS_202302_BU02_EU,2023-02-28,BU02,Europe,USD,71.39,219.12,174.88,139.61,1064.89,811.93,0
BS_202302_BU02_LATAM,2023-02-28,BU02,Latin America,USD,30.65,106.74,79.14,64.38,492.47,370.93,0
BS_202302_BU02_NA,2023-02-28,BU02,North America,USD,102.22,288.83,250.17,204.59,1597.66,1212.97,0
BS_202302_BU03_APAC,2023-02-28,BU03,Asia Pacific,USD,55.3,191.41,80.68,88.26,827.5,721.3,0
BS_202302_BU03_EU,2023-02-28,BU03,Europe,USD,67.94,230.31,98.07,112.09,1024.98,829.17,0
BS_202302_BU03_LATAM,2023-02-28,BU03,Latin America,USD,20.34,83.46,31.94,38.02,328.12,269.1,0
BS_202302_BU03_NA,2023-02-28,BU03,North America,USD,127.67,408.71,180.26,203.66,1935.27,1623.79,0
BS_202302_BU04_APAC,2023-02-28,BU04,Asia Pacific,USD,54.81,274.25,255.29,187.46,2080.26,1103.72,1
BS_202302_BU04_EU,2023-02-28,BU04,Europe,USD,64.7,318.11,296.55,229.27,2749.7,1301.48,0
BS_202302_BU04_LATAM,2023-02-28,BU04,Latin America,USD,21.02,122.88,106.74,88.73,865.47,432.51,0
BS_202302_BU04_NA,2023-02-28,BU04,North America,USD,82.26,378.63,374.46,274.63,3195.8,1630.26,0
BS_202302_BU05_APAC,2023-02-28,BU05,Asia Pacific,USD,65.7,139.4,0.96,43.71,288.91,665.52,0
BS_202302_BU05_EU,2023-02-28,BU05,Europe,USD,44.22,89.06,0.63,30.41,191.14,424.61,0
BS_202302_BU05_LATAM,2023-02-28,BU05,Latin America,USD,20.44,48.25,0.31,15.39,95.44,211.68,0
BS_202302_BU05_NA,2023-02-28,BU05,North America,USD,85.86,160.45,1.24,58.24,383.57,845.52,0
BS_202303_BU01_APAC,2023-03-31,BU01,Asia Pacific,USD,90.63,247.2,3.89,82.56,744.12,1091.11,0
BS_202303_BU01_EU,2023-03-31,BU01,Europe,USD,72.97,191.175,3.06,68.74,586.52,817.44,0
BS_202303_BU01_LATAM,2023-03-31,BU01,Latin America,USD,28.92,90.39,1.33,31.22,255.4,354.3,0
BS_202303_BU01_NA,2023-03-31,BU01,North America,USD,120.85,280.09,4.92,106.01,972.29,1366.42,0
BS_202303_BU02_APAC,2023-03-31,BU02,Asia Pacific,USD,62.07,179.51,144.53,93.67,947.78,775.24,0
BS_202303_BU02_EU,2023-03-31,BU02,Europe,USD,71.15,215.89,168.62,128.54,1066.36,808.12,0
BS_202303_BU02_LATAM,2023-03-31,BU02,Latin America,USD,30.0,104.82,75.19,58.33,493.37,369.76,0
BS_202303_BU02_NA,2023-03-31,BU02,North America,USD,104.75,281.33,244.3,183.32,1600.36,1209.87,0
BS_202303_BU03_APAC,2023-03-31,BU03,Asia Pacific,USD,54.16,182.01,77.28,69.25,829.75,727.27,0
BS_202303_BU03_EU,2023-03-31,BU03,Europe,USD,67.66,222.31,94.26,90.6,1026.91,830.6,0
BS_202303_BU03_LATAM,2023-03-31,BU03,Latin America,USD,19.96,81.06,30.77,31.68,329.02,270.84,0
BS_202303_BU03_NA,2023-03-31,BU03,North America,USD,130.64,392.06,176.38,170.48,1939.96,1628.39,0
BS_202303_BU04_APAC,2023-03-31,BU04,Asia Pacific,USD,53.27,260.19,246.96,129.2,2084.18,1105.9,0
BS_202303_BU04_EU,2023-03-31,BU04,Europe,USD,64.52,324.77,303.86,197.09,2753.51,1308.06,0
BS_202303_BU04_LATAM,2023-03-31,BU04,Latin America,USD,20.57,120.35,105.8,65.79,867.14,434.97,0
BS_202303_BU04_NA,2023-03-31,BU04,North America,USD,84.46,385.16,390.47,254.73,3202.41,1636.84,0
BS_202303_BU05_APAC,2023-03-31,BU05,Asia Pacific,USD,65.18,129.63,0.91,40.19,290.37,677.7,0
BS_202303_BU05_EU,2023-03-31,BU05,Europe,USD,44.76,84.27,0.62,28.88,192.05,431.71,0
BS_202303_BU05_LATAM,2023-03-31,BU05,Latin America,USD,20.23,47.22,0.3,14.93,95.84,214.63,0
BS_202303_BU05_NA,2023-03-31,BU05,North America,USD,89.55,159.4,1.25,57.15,385.3,864.37,0
BS_202304_BU01_APAC,2023-04-30,BU01,Asia Pacific,USD,88.5,238.12,3.85,79.75,746.55,1100.2,0
BS_202304_BU01_EU,2023-04-30,BU01,Europe,USD,72.28,190.82,3.09,68.3,588.27,828.03,0
BS_202304_BU01_LATAM,2023-04-30,BU01,Latin America,USD,28.88,90.64,1.33,31.13,256.28,359.05,0
BS_202304_BU01_NA,2023-04-30,BU01,North America,USD,122.93,288.15,5.06,107.41,975.5,1382.79,0
BS_202304_BU02_APAC,2023-04-30,BU02,Asia Pacific,USD,60.36,188.48,150.55,120.85,949.39,772.03,0
BS_202304_BU02_EU,2023-04-30,BU02,Europe,USD,69.81,218.86,171.94,141.73,1067.46,804.35,0
BS_202304_BU02_LATAM,2023-04-30,BU02,Latin America,USD,29.66,105.9,77.16,66.94,494.17,367.83,0
BS_202304_BU02_NA,2023-04-30,BU02,North America,USD,106.05,294.6,257.18,213.87,1602.79,1210.61,0
BS_202304_BU03_APAC,2023-04-30,BU03,Asia Pacific,USD,52.78,182.37,76.9,73.28,831.93,731.56,0
BS_202304_BU03_EU,2023-04-30,BU03,Europe,USD,66.53,223.47,95.34,98.25,1029.07,834.42,0
BS_202304_BU03_LATAM,2023-04-30,BU03,Latin America,USD,19.83,80.79,31.05,34.0,329.93,272.83,0
BS_202304_BU03_NA,2023-04-30,BU03,North America,USD,131.76,404.79,181.86,188.43,1944.56,1635.25,0
BS_202304_BU04_APAC,2023-04-30,BU04,Asia Pacific,USD,51.55,268.15,252.83,153.55,2088.23,1100.09,0
BS_202304_BU04_EU,2023-04-30,BU04,Europe,USD,63.37,333.83,316.28,210.27,2756.68,1310.01,0
BS_202304_BU04_LATAM,2023-04-30,BU04,Latin America,USD,20.37,125.5,109.46,75.23,868.92,435.32,0
BS_202304_BU04_NA,2023-04-30,BU04,North America,USD,85.39,397.88,405.81,259.66,3208.83,1645.85,0
BS_202304_BU05_APAC,2023-04-30,BU05,Asia Pacific,USD,63.96,131.62,0.9,39.66,291.32,686.9,0
BS_202304_BU05_EU,2023-04-30,BU05,Europe,USD,44.32,81.52,0.6,27.27,192.73,436.96,0
BS_202304_BU05_LATAM,2023-04-30,BU05,Latin America,USD,20.33,47.48,0.31,15.36,96.26,218.6,0
BS_202304_BU05_NA,2023-04-30,BU05,North America,USD,91.67,159.18,1.24,55.76,386.75,880.46,0
BS_202305_BU01_APAC,2023-05-31,BU01,Asia Pacific,USD,87.49,238.68,3.82,80.25,749.58,1116.02,0
BS_202305_BU01_EU,2023-05-31,BU01,Europe,USD,71.24,192.77,3.05,68.39,590.58,840.51,0
BS_202305_BU01_LATAM,2023-05-31,BU01,Latin America,USD,29.56,91.57,1.34,31.44,257.32,367.13,0
BS_202305_BU01_NA,2023-05-31,BU01,North America,USD,123.2,279.11,5.02,105.28,979.09,1395.62,0
BS_202305_BU02_APAC,2023-05-31,BU02,Asia Pacific,USD,59.03,192.63,153.97,117.11,951.31,769.97,0
BS_202305_BU02_EU,2023-05-31,BU02,Europe,USD,68.28,223.23,178.31,150.81,1069.86,803.75,0
BS_202305_BU02_LATAM,2023-05-31,BU02,Latin America,USD,29.93,114.08,81.52,74.92,495.44,367.83,0
BS_202305_BU02_NA,2023-05-31,BU02,North America,USD,105.9,297.51,265.99,212.21,1606.37,1213.23,0
BS_202305_BU03_APAC,2023-05-31,BU03,Asia Pacific,USD,51.77,175.88,73.2,66.33,834.16,734.8,0
BS_202305_BU03_EU,2023-05-31,BU03,Europe,USD,64.95,219.07,92.22,90.13,1031.4,838.47,0
BS_202305_BU03_LATAM,2023-05-31,BU03,Latin America,USD,20.1,77.15,29.89,30.49,330.76,274.81,0
BS_202305_BU03_NA,2023-05-31,BU03,North America,USD,131.29,389.64,176.72,166.46,1949.28,1643.98,0
BS_202305_BU04_APAC,2023-05-31,BU04,Asia Pacific,USD,50.26,268.88,250.26,142.08,2092.81,1097.37,0
BS_202305_BU04_EU,2023-05-31,BU04,Europe,USD,61.6,320.57,309.32,173.98,2760.66,1307.76,0
BS_202305_BU04_LATAM,2023-05-31,BU04,Latin America,USD,20.5,121.37,106.65,62.9,870.87,435.02,0
BS_202305_BU04_NA,2023-05-31,BU04,North America,USD,84.68,376.34,396.98,212.25,3214.96,1638.84,0
BS_202305_BU05_APAC,2023-05-31,BU05,Asia Pacific,USD,63.25,125.96,0.86,38.31,292.52,695.69,0
BS_202305_BU05_EU,2023-05-31,BU05,Europe,USD,43.54,83.37,0.59,28.08,193.48,441.27,0
BS_202305_BU05_LATAM,2023-05-31,BU05,Latin America,USD,20.65,45.2,0.29,14.43,96.61,220.7,0
BS_202305_BU05_NA,2023-05-31,BU05,North America,USD,92.67,158.15,1.24,55.65,388.42,897.1,0
BS_202306_BU01_APAC,2023-06-30,BU01,Asia Pacific,USD,87.53,246.65,3.93,83.64,752.44,1132.56,0
BS_202306_BU01_EU,2023-06-30,BU01,Europe,USD,69.8,198.93,3.15,71.72,592.94,850.45,0
BS_202306_BU01_LATAM,2023-06-30,BU01,Latin America,USD,30.51,95.42,1.39,33.2,258.31,372.04,0
BS_202306_BU01_NA,2023-06-30,BU01,North America,USD,122.18,309.41,5.47,118.93,983.04,1416.95,0
BS_202306_BU02_APAC,2023-06-30,BU02,Asia Pacific,USD,58.41,204.09,157.39,129.04,953.37,767.03,0
BS_202306_BU02_EU,2023-06-30,BU02,Europe,USD,66.69,233.52,183.04,154.93,1071.84,805.78,0
BS_202306_BU02_LATAM,2023-06-30,BU02,Latin America,USD,30.72,119.99,84.05,75.28,496.52,369.29,0
BS_202306_BU02_NA,2023-06-30,BU02,North America,USD,104.07,306.42,275.56,220.58,1609.45,1208.46,0
BS_202306_BU03_APAC,2023-06-30,BU03,Asia Pacific,USD,51.44,183.62,74.83,77.11,836.11,738.24,0
BS_202306_BU03_EU,2023-06-30,BU03,Europe,USD,63.37,233.05,95.91,106.48,1033.91,845.08,0
BS_202306_BU03_LATAM,2023-06-30,BU03,Latin America,USD,20.65,79.82,30.73,34.73,331.55,276.17,0
BS_202306_BU03_NA,2023-06-30,BU03,North America,USD,129.1,409.99,183.85,193.98,1954.12,1649.67,0
BS_202306_BU04_APAC,2023-06-30,BU04,Asia Pacific,USD,49.78,283.57,261.38,171.38,2097.15,1094.98,0
BS_202306_BU04_EU,2023-06-30,BU04,Europe,USD,59.65,334.24,317.36,205.56,2764.41,1299.86,0
BS_202306_BU04_LATAM,2023-06-30,BU04,Latin America,USD,20.92,125.45,108.9,72.84,872.71,433.29,0
BS_202306_BU04_NA,2023-06-30,BU04,North America,USD,83.12,406.93,420.27,279.1,3222.11,1633.65,0
BS_202306_BU05_APAC,2023-06-30,BU05,Asia Pacific,USD,63.52,140.13,0.94,43.89,294.06,708.48,0
BS_202306_BU05_EU,2023-06-30,BU05,Europe,USD,42.73,89.24,0.63,30.88,194.36,446.18,0
BS_202306_BU05_LATAM,2023-06-30,BU05,Latin America,USD,21.25,48.26,0.3,15.41,96.99,222.68,0
BS_202306_BU05_NA,2023-06-30,BU05,North America,USD,91.87,165.82,1.28,58.83,390.48,909.76,0
BS_202307_BU01_APAC,2023-07-31,BU01,Asia Pacific,USD,88.97,229.08,3.69,76.32,754.83,1143.68,0
BS_202307_BU01_EU,2023-07-31,BU01,Europe,USD,68.77,184.97,2.96,65.85,594.63,855.91,0
BS_202307_BU01_LATAM,2023-07-31,BU01,Latin America,USD,31.78,91.05,1.33,30.95,259.15,376.49,0
BS_202307_BU01_NA,2023-07-31,BU01,North America,USD,119.91,284.21,5.06,105.96,985.69,1427.39,0
BS_202307_BU02_APAC,2023-07-31,BU02,Asia Pacific,USD,58.78,198.22,151.63,108.19,954.82,763.77,0
BS_202307_BU02_EU,2023-07-31,BU02,Europe,USD,65.47,220.05,173.9,125.2,1073.54,806.61,0
BS_202307_BU02_LATAM,2023-07-31,BU02,Latin America,USD,31.67,111.15,79.88,59.36,497.17,367.98,0
BS_202307_BU02_NA,2023-07-31,BU02,North America,USD,101.63,294.78,262.88,178.6,1611.76,1211.89,0
BS_202307_BU03_APAC,2023-07-31,BU03,Asia Pacific,USD,51.99,175.27,72.79,69.36,838.15,740.41,0
BS_202307_BU03_EU,2023-07-31,BU03,Europe,USD,62.23,221.11,91.35,88.91,1035.79,849.37,0
BS_202307_BU03_LATAM,2023-07-31,BU03,Latin America,USD,21.42,76.96,29.89,30.89,332.27,278.14,0
BS_202307_BU03_NA,2023-07-31,BU03,North America,USD,126.19,392.04,176.75,165.02,1958.55,1662.38,0
BS_202307_BU04_APAC,2023-07-31,BU04,Asia Pacific,USD,49.94,259.25,238.4,105.5,2100.62,1091.83,0
BS_202307_BU04_EU,2023-07-31,BU04,Europe,USD,58.41,310.24,295.45,145.12,2767.65,1301.11,0
BS_202307_BU04_LATAM,2023-07-31,BU04,Latin America,USD,21.68,118.68,104.73,58.91,874.2,434.29,0
BS_202307_BU04_NA,2023-07-31,BU04,North America,USD,80.61,356.4,370.74,142.21,3226.0,1636.92,0
BS_202307_BU05_APAC,2023-07-31,BU05,Asia Pacific,USD,64.58,131.83,0.89,40.41,295.34,714.22,0
BS_202307_BU05_EU,2023-07-31,BU05,Europe,USD,42.22,87.97,0.62,29.93,195.05,450.81,0
BS_202307_BU05_LATAM,2023-07-31,BU05,Latin America,USD,22.12,49.45,0.3,15.6,97.38,224.96,0
BS_202307_BU05_NA,2023-07-31,BU05,North America,USD,90.26,159.64,1.22,55.36,392.14,919.93,0
BS_202308_BU01_APAC,2023-08-31,BU01,Asia Pacific,USD,91.75,232.1,3.69,77.41,757.1,1156.85,0
BS_202308_BU01_EU,2023-08-31,BU01,Europe,USD,68.74,187.28,2.96,67.18,595.99,864.56,0
BS_202308_BU01_LATAM,2023-08-31,BU01,Latin America,USD,33.11,91.27,1.36,31.47,259.88,380.32,0
BS_202308_BU01_NA,2023-08-31,BU01,North America,USD,117.58,282.16,5.04,106.29,987.85,1443.18,0
BS_202308_BU02_APAC,2023-08-31,BU02,Asia Pacific,USD,60.08,200.07,160.57,128.09,956.41,760.2,0
BS_202308_BU02_EU,2023-08-31,BU02,Europe,USD,65.19,226.3,185.8,157.87,1075.14,807.77,0
BS_202308_BU02_LATAM,2023-08-31,BU02,Latin America,USD,32.68,113.98,85.54,74.56,497.74,366.3,0
BS_202308_BU02_NA,2023-08-31,BU02,North America,USD,98.84,296.54,275.18,212.47,1613.79,1208.73,0
BS_202308_BU03_APAC,2023-08-31,BU03,Asia Pacific,USD,53.33,180.78,74.91,77.25,840.01,745.38,0
BS_202308_BU03_EU,2023-08-31,BU03,Europe,USD,62.03,223.77,91.98,97.84,1037.67,857.2,0
BS_202308_BU03_LATAM,2023-08-31,BU03,Latin America,USD,22.23,79.09,30.73,34.08,332.96,280.81,0
BS_202308_BU03_NA,2023-08-31,BU03,North America,USD,122.78,395.06,176.4,175.78,1962.24,1671.45,0
BS_202308_BU04_APAC,2023-08-31,BU04,Asia Pacific,USD,51.13,263.89,240.3,144.3,2103.48,1088.62,0
BS_202308_BU04_EU,2023-08-31,BU04,Europe,USD,57.94,303.95,283.51,154.91,2770.58,1300.58,0
BS_202308_BU04_LATAM,2023-08-31,BU04,Latin America,USD,22.43,117.06,103.55,62.36,875.48,435.13,0
BS_202308_BU04_NA,2023-08-31,BU04,North America,USD,78.2,360.52,368.36,208.87,3229.91,1627.32,0
BS_202308_BU05_APAC,2023-08-31,BU05,Asia Pacific,USD,66.78,135.14,0.92,41.68,296.56,722.79,0
BS_202308_BU05_EU,2023-08-31,BU05,Europe,USD,42.19,86.78,0.62,29.72,195.84,454.11,0
BS_202308_BU05_LATAM,2023-08-31,BU05,Latin America,USD,23.17,51.49,0.32,16.31,97.8,228.77,0
BS_202308_BU05_NA,2023-08-31,BU05,North America,USD,88.75,160.76,1.27,57.77,393.75,932.92,0
BS_202309_BU01_APAC,2023-09-30,BU01,Asia Pacific,USD,95.82,267.3,4.1,90.48,759.69,1177.31,0
BS_202309_BU01_EU,2023-09-30,BU01,Europe,USD,70.04,208.04,3.18,75.78,597.96,875.51,0
BS_202309_BU01_LATAM,2023-09-30,BU01,Latin America,USD,34.42,100.03,1.49,35.36,260.83,386.1,0
BS_202309_BU01_NA,2023-09-30,BU01,North America,USD,116.15,307.93,5.36,119.37,990.79,1456.45,0
BS_202309_BU02_APAC,2023-09-30,BU02,Asia Pacific,USD,61.97,216.89,184.24,159.16,958.17,757.76,0
BS_202309_BU02_EU,2023-09-30,BU02,Europe,USD,65.87,237.67,205.82,178.43,1076.78,808.89,0
BS_202309_BU02_LATAM,2023-09-30,BU02,Latin America,USD,33.62,125.13,99.21,93.82,498.66,367.61,0
BS_202309_BU02_NA,2023-09-30,BU02,North America,USD,97.11,326.23,311.84,267.5,1616.59,1210.9,0
BS_202309_BU03_APAC,2023-09-30,BU03,Asia Pacific,USD,55.21,189.72,77.74,81.93,841.79,748.6,0
BS_202309_BU03_EU,2023-09-30,BU03,Europe,USD,62.96,235.24,95.25,107.46,1039.58,863.38,0
BS_202309_BU03_LATAM,2023-09-30,BU03,Latin America,USD,22.85,79.43,31.62,35.19,333.6,281.3,0
BS_202309_BU03_NA,2023-09-30,BU03,North America,USD,120.51,402.1,180.35,188.26,1965.87,1675.78,0
BS_202309_BU04_APAC,2023-09-30,BU04,Asia Pacific,USD,52.52,277.07,252.9,170.61,2106.8,1082.41,0
BS_202309_BU04_EU,2023-09-30,BU04,Europe,USD,58.58,334.03,303.57,225.16,2772.77,1296.02,0
BS_202309_BU04_LATAM,2023-09-30,BU04,Latin America,USD,22.98,126.53,196.35,84.68,876.88,432.93,1
BS_202309_BU04_NA,2023-09-30,BU04,North America,USD,76.29,397.14,390.37,271.52,3235.04,1621.54,0
BS_202309_BU05_APAC,2023-09-30,BU05,Asia Pacific,USD,70.23,143.86,0.99,45.33,298.06,736.84,0
BS_202309_BU05_EU,2023-09-30,BU05,Europe,USD,43.36,97.92,0.67,33.78,196.91,463.2,0
BS_202309_BU05_LATAM,2023-09-30,BU05,Latin America,USD,24.11,54.86,0.34,17.38,98.29,232.32,0
BS_202309_BU05_NA,2023-09-30,BU05,North America,USD,87.4,157.76,1.24,56.77,394.92,937.48,0
BS_202310_BU01_APAC,2023-10-31,BU01,Asia Pacific,USD,100.43,264.02,4.11,87.54,762.2,1196.09,0
BS_202310_BU01_EU,2023-10-31,BU01,Europe,USD,72.26,202.65,3.13,72.81,599.34,879.67,0
BS_202310_BU01_LATAM,2023-10-31,BU01,Latin America,USD,35.31,96.06,1.48,33.44,261.58,390.29,0
BS_202310_BU01_NA,2023-10-31,BU01,North America,USD,116.5,294.66,5.14,111.32,993.0,1467.02,0
BS_202310_BU02_APAC,2023-10-31,BU02,Asia Pacific,USD,63.92,230.35,197.42,153.32,960.36,760.48,0
BS_202310_BU02_EU,2023-10-31,BU02,Europe,USD,67.44,252.69,219.86,180.13,1079.19,811.68,0
BS_202310_BU02_LATAM,2023-10-31,BU02,Latin America,USD,34.18,134.78,108.53,93.3,499.95,371.9,0
BS_202310_BU02_NA,2023-10-31,BU02,North America,USD,96.52,338.13,327.12,249.4,1620.71,1216.64,0
BS_202310_BU03_APAC,2023-10-31,BU03,Asia Pacific,USD,57.22,187.17,77.13,75.08,843.16,749.66,0
BS_202310_BU03_EU,2023-10-31,BU03,Europe,USD,64.83,227.36,94.12,97.48,1041.13,868.07,0
BS_202310_BU03_LATAM,2023-10-31,BU03,Latin America,USD,23.2,79.77,31.43,32.74,334.06,281.51,0
BS_202310_BU03_NA,2023-10-31,BU03,North America,USD,119.96,396.63,175.95,173.01,1968.69,1678.43,0
BS_202310_BU04_APAC,2023-10-31,BU04,Asia Pacific,USD,54.22,282.83,259.77,164.01,2110.27,1081.64,0
BS_202310_BU04_EU,2023-10-31,BU04,Europe,USD,59.98,329.5,299.88,183.94,2775.12,1297.15,0
BS_202310_BU04_LATAM,2023-10-31,BU04,Latin America,USD,23.26,121.41,108.72,61.61,878.15,433.91,0
BS_202310_BU04_NA,2023-10-31,BU04,North America,USD,75.55,391.61,386.47,228.48,3239.82,1617.7,0
BS_202310_BU05_APAC,2023-10-31,BU05,Asia Pacific,USD,74.16,154.73,1.05,47.94,299.83,755.38,0
BS_202310_BU05_EU,2023-10-31,BU05,Europe,USD,45.19,99.11,0.68,33.8,197.9,471.46,0
BS_202310_BU05_LATAM,2023-10-31,BU05,Latin America,USD,24.86,56.34,0.35,17.79,98.79,236.67,0
BS_202310_BU05_NA,2023-10-31,BU05,North America,USD,87.88,172.53,1.29,61.0,396.6,950.0,0
BS_202311_BU01_APAC,2023-11-30,BU01,Asia Pacific,USD,104.5,271.76,4.38,91.45,764.53,1213.03,0
BS_202311_BU01_EU,2023-11-30,BU01,Europe,USD,75.44,213.21,3.32,77.29,600.63,887.11,0
BS_202311_BU01_LATAM,2023-11-30,BU01,Latin America,USD,35.75,100.25,1.57,35.14,262.29,395.76,0
BS_202311_BU01_NA,2023-11-30,BU01,North America,USD,119.18,307.37,5.37,117.5,995.63,1486.62,0
BS_202311_BU02_APAC,2023-11-30,BU02,Asia Pacific,USD,65.67,261.02,213.8,177.77,963.48,766.95,0
BS_202311_BU02_EU,2023-11-30,BU02,Europe,USD,69.34,285.98,234.94,205.43,1082.31,811.04,0
BS_202311_BU02_LATAM,2023-11-30,BU02,Latin America,USD,34.15,151.94,115.91,101.77,501.66,375.0,0
BS_202311_BU02_NA,2023-11-30,BU02,North America,USD,98.22,401.01,363.2,324.57,1626.65,1224.59,0
BS_202311_BU03_APAC,2023-11-30,BU03,Asia Pacific,USD,58.87,191.14,79.68,81.3,844.4,751.04,0
BS_202311_BU03_EU,2023-11-30,BU03,Europe,USD,67.2,232.66,97.21,106.28,1042.75,870.74,0
BS_202311_BU03_LATAM,2023-11-30,BU03,Latin America,USD,23.27,82.33,32.84,36.43,334.63,282.46,0
BS_202311_BU03_NA,2023-11-30,BU03,North America,USD,121.48,410.99,182.6,196.89,1971.28,1678.08,0
BS_202311_BU04_APAC,2023-11-30,BU04,Asia Pacific,USD,55.62,278.85,258.72,148.86,2112.65,1081.38,0
BS_202311_BU04_EU,2023-11-30,BU04,Europe,USD,61.98,330.13,298.92,185.57,2777.78,1296.0,0
BS_202311_BU04_LATAM,2023-11-30,BU04,Latin America,USD,23.26,123.26,110.81,71.08,879.11,432.4,0
BS_202311_BU04_NA,2023-11-30,BU04,North America,USD,75.97,385.4,375.22,209.28,3243.19,1612.05,0
BS_202311_BU05_APAC,2023-11-30,BU05,Asia Pacific,USD,77.47,164.51,1.14,51.16,301.81,769.48,0
BS_202311_BU05_EU,2023-11-30,BU05,Europe,USD,47.55,109.72,0.73,37.26,199.01,479.92,0
BS_202311_BU05_LATAM,2023-11-30,BU05,Latin America,USD,25.27,59.72,0.39,19.34,99.36,240.87,0
BS_202311_BU05_NA,2023-11-30,BU05,North America,USD,89.93,186.8,1.36,66.24,398.5,959.62,0
BS_202312_BU01_APAC,2023-12-31,BU01,Asia Pacific,USD,107.26,277.01,4.52,93.49,767.96,1226.33,0
BS_202312_BU01_EU,2023-12-31,BU01,Europe,USD,78.94,218.89,3.43,79.33,602.52,898.43,0
BS_202312_BU01_LATAM,2023-12-31,BU01,Latin America,USD,35.62,100.69,1.58,35.22,263.26,399.98,0
BS_202312_BU01_NA,2023-12-31,BU01,North America,USD,123.9,327.99,5.54,124.12,998.77,1510.4,0
BS_202312_BU02_APAC,2023-12-31,BU02,Asia Pacific,USD,66.65,273.51,210.93,156.76,967.05,775.34,0
BS_202312_BU02_EU,2023-12-31,BU02,Europe,USD,71.46,293.64,233.95,187.45,1086.3,815.99,0
BS_202312_BU02_LATAM,2023-12-31,BU02,Latin America,USD,33.52,149.54,111.53,83.56,503.21,376.32,0
BS_202312_BU02_NA,2023-12-31,BU02,North America,USD,101.21,399.27,344.63,247.22,1632.76,1240.98,0
BS_202312_BU03_APAC,2023-12-31,BU03,Asia Pacific,USD,59.9,188.01,79.57,76.42,845.82,754.02,0
BS_202312_BU03_EU,2023-12-31,BU03,Europe,USD,69.75,234.45,97.4,102.04,1044.38,874.51,0
BS_202312_BU03_LATAM,2023-12-31,BU03,Latin America,USD,22.98,81.12,32.25,32.76,335.13,283.16,0
BS_202312_BU03_NA,2023-12-31,BU03,North America,USD,124.85,403.71,178.22,176.47,1973.99,1679.21,0
BS_202312_BU04_APAC,2023-12-31,BU04,Asia Pacific,USD,56.43,264.73,247.1,124.88,2115.45,1080.19,0
BS_202312_BU04_EU,2023-12-31,BU04,Europe,USD,64.02,311.08,282.58,150.0,2779.73,1295.82,0
BS_202312_BU04_LATAM,2023-12-31,BU04,Latin America,USD,22.92,114.84,103.46,51.53,880.05,433.64,0
BS_202312_BU04_NA,2023-12-31,BU04,North America,USD,77.56,350.2,343.51,158.38,3245.78,1603.37,0
BS_202312_BU05_APAC,2023-12-31,BU05,Asia Pacific,USD,79.57,159.12,1.12,48.59,303.77,780.23,0
BS_202312_BU05_EU,2023-12-31,BU05,Europe,USD,49.7,108.62,0.74,36.67,200.13,484.0,0
BS_202312_BU05_LATAM,2023-12-31,BU05,Latin America,USD,25.08,56.39,0.37,18.04,99.95,241.74,0
BS_202312_BU05_NA,2023-12-31,BU05,North America,USD,93.55,191.71,1.39,67.27,400.81,972.38,0
BS_202401_BU01_APAC,2024-01-31,BU01,Asia Pacific,USD,108.25,264.8,4.31,86.6,771.82,1244.48,0
BS_202401_BU01_EU,2024-01-31,BU01,Europe,USD,81.88,207.84,3.32,73.73,604.24,911.86,0
BS_202401_BU01_LATAM,2024-01-31,BU01,Latin America,USD,35.08,95.41,1.48,32.41,264.0,404.04,0
BS_202401_BU01_NA,2024-01-31,BU01,North America,USD,129.88,307.29,5.37,115.28,1001.29,1534.8,0
BS_202401_BU02_APAC,2024-01-31,BU02,Asia Pacific,USD,66.16,190.57,152.18,70.54,966.99,766.99,0
BS_202401_BU02_EU,2024-01-31,BU02,Europe,USD,73.15,206.0,170.84,83.74,1085.98,813.81,0
BS_202401_BU02_LATAM,2024-01-31,BU02,Latin America,USD,32.67,103.11,79.39,39.1,503.03,372.94,0
BS_202401_BU02_NA,2024-01-31,BU02,North America,USD,104.6,272.58,250.81,118.45,1632.37,1233.66,0
BS_202401_BU03_APAC,2024-01-31,BU03,Asia Pacific,USD,59.89,189.99,79.21,75.9,847.01,759.35,0
BS_202401_BU03_EU,2024-01-31,BU03,Europe,USD,71.76,230.16,97.68,100.24,1046.01,883.12,0
BS_202401_BU03_LATAM,2024-01-31,BU03,Latin America,USD,22.47,82.38,32.38,34.26,335.66,285.28,0
BS_202401_BU03_NA,2024-01-31,BU03,North America,USD,129.44,402.95,178.87,182.31,1977.37,1692.09,0
BS_202401_BU04_APAC,2024-01-31,BU04,Asia Pacific,USD,56.22,248.69,233.65,113.31,2117.85,1089.04,0
BS_202401_BU04_EU,2024-01-31,BU04,Europe,USD,65.52,296.21,270.41,147.86,2781.93,1306.07,0
BS_202401_BU04_LATAM,2024-01-31,BU04,Latin America,USD,22.38,110.76,98.53,52.59,880.77,437.62,0
BS_202401_BU04_NA,2024-01-31,BU04,North America,USD,80.08,349.51,340.74,202.51,3248.63,1612.63,0
BS_202401_BU05_APAC,2024-01-31,BU05,Asia Pacific,USD,80.44,139.48,1.0,41.48,304.93,790.94,0
BS_202401_BU05_EU,2024-01-31,BU05,Europe,USD,51.26,94.92,0.65,30.58,200.8,486.76,0
BS_202401_BU05_LATAM,2024-01-31,BU05,Latin America,USD,24.6,50.76,0.34,15.7,100.31,242.78,0
BS_202401_BU05_NA,2024-01-31,BU05,North America,USD,97.44,172.2,1.29,59.31,402.33,978.79,0
BS_202402_BU01_APAC,2024-02-29,BU01,Asia Pacific,USD,107.55,281.43,4.48,93.25,776.23,1261.89,0
BS_202402_BU01_EU,2024-02-29,BU01,Europe,USD,83.46,217.13,3.42,76.91,605.63,924.15,0
BS_202402_BU01_LATAM,2024-02-29,BU01,Latin America,USD,34.36,101.87,1.53,35.1,264.72,407.77,0
BS_202402_BU01_NA,2024-02-29,BU01,North America,USD,135.08,322.5,5.53,120.64,1003.52,1552.11,0
BS_202402_BU02_APAC,2024-02-29,BU02,Asia Pacific,USD,64.96,188.36,151.5,107.48,967.55,763.6,0
BS_202402_BU02_EU,2024-02-29,BU02,Europe,USD,73.89,211.52,170.05,128.76,1086.09,810.5,0
BS_202402_BU02_LATAM,2024-02-29,BU02,Latin America,USD,31.72,104.56,77.66,58.26,502.95,372.34,0
BS_202402_BU02_NA,2024-02-29,BU02,North America,USD,107.98,275.8,249.38,182.11,1632.91,1230.41,0
BS_202402_BU03_APAC,2024-02-29,BU03,Asia Pacific,USD,59.08,205.52,84.61,91.28,848.66,765.07,0
BS_202402_BU03_EU,2024-02-29,BU03,Europe,USD,72.85,243.85,103.23,115.34,1048.22,890.88,0
BS_202402_BU03_LATAM,2024-02-29,BU03,Latin America,USD,21.93,86.33,33.72,38.22,336.37,287.83,0
BS_202402_BU03_NA,2024-02-29,BU03,North America,USD,134.3,427.1,189.93,210.47,1981.25,1709.64,0
BS_202402_BU04_APAC,2024-02-29,BU04,Asia Pacific,USD,55.25,270.58,247.3,167.26,2120.31,1094.91,0
BS_202402_BU04_EU,2024-02-29,BU04,Europe,USD,66.29,319.12,288.64,211.85,2784.38,1315.25,0
BS_202402_BU04_LATAM,2024-02-29,BU04,Latin America,USD,21.72,118.69,103.54,74.19,882.0,440.05,0
BS_202402_BU04_NA,2024-02-29,BU04,North America,USD,82.68,371.27,358.19,248.61,3252.53,1628.15,0
BS_202402_BU05_APAC,2024-02-29,BU05,Asia Pacific,USD,79.58,151.14,1.06,46.74,306.71,798.1,0
BS_202402_BU05_EU,2024-02-29,BU05,Europe,USD,52.14,101.38,0.69,33.55,201.63,491.01,0
BS_202402_BU05_LATAM,2024-02-29,BU05,Latin America,USD,24.2,56.26,0.36,18.18,100.84,246.32,0
BS_202402_BU05_NA,2024-02-29,BU05,North America,USD,101.03,178.08,1.33,62.42,403.97,983.81,0
BS_202403_BU01_APAC,2024-03-31,BU01,Asia Pacific,USD,105.87,277.1,4.47,92.44,782.12,1274.63,0
BS_202403_BU01_EU,2024-03-31,BU01,Europe,USD,83.84,220.5,3.45,78.16,608.14,932.38,0
BS_202403_BU01_LATAM,2024-03-31,BU01,Latin America,USD,33.84,100.42,1.52,34.89,265.73,410.46,0
BS_202403_BU01_NA,2024-03-31,BU01,North America,USD,139.83,319.03,5.66,121.4,1007.51,1566.5,0
BS_202403_BU02_APAC,2024-03-31,BU02,Asia Pacific,USD,63.4,183.72,146.48,104.43,968.65,766.8,0
BS_202403_BU02_EU,2024-03-31,BU02,Europe,USD,73.32,201.45,161.97,118.25,1087.13,811.94,0
BS_202403_BU02_LATAM,2024-03-31,BU02,Latin America,USD,30.93,102.1,74.32,57.52,503.42,373.24,0
BS_202403_BU02_NA,2024-03-31,BU02,North America,USD,110.7,277.45,247.53,189.91,1634.89,1238.5,0
BS_202403_BU03_APAC,2024-03-31,BU03,Asia Pacific,USD,57.76,199.57,83.16,78.85,851.08,766.95,0
BS_202403_BU03_EU,2024-03-31,BU03,Europe,USD,72.95,238.37,101.53,100.79,1050.6,898.29,0
BS_202403_BU03_LATAM,2024-03-31,BU03,Latin America,USD,21.47,84.21,32.7,33.4,337.21,289.34,0
BS_202403_BU03_NA,2024-03-31,BU03,North America,USD,137.87,411.45,185.19,177.5,1985.46,1718.34,0
BS_202403_BU04_APAC,2024-03-31,BU04,Asia Pacific,USD,54.04,277.02,250.45,153.81,2124.37,1110.14,0
BS_202403_BU04_EU,2024-03-31,BU04,Europe,USD,65.77,316.71,288.43,180.18,2787.52,1324.34,0
BS_202403_BU04_LATAM,2024-03-31,BU04,Latin America,USD,21.21,121.62,103.41,66.98,883.67,445.08,0
BS_202403_BU04_NA,2024-03-31,BU04,North America,USD,84.42,380.35,368.65,239.95,3258.49,1643.59,0
BS_202403_BU05_APAC,2024-03-31,BU05,Asia Pacific,USD,78.25,151.36,1.06,46.86,308.9,805.26,0
BS_202403_BU05_EU,2024-03-31,BU05,Europe,USD,52.23,97.68,0.68,32.59,202.84,492.99,0
BS_202403_BU05_LATAM,2024-03-31,BU05,Latin America,USD,23.99,57.36,0.36,18.53,101.6,250.07,0
BS_202403_BU05_NA,2024-03-31,BU05,North America,USD,104.21,184.91,1.38,65.26,406.62,990.37,0
BS_202404_BU01_APAC,2024-04-30,BU01,Asia Pacific,USD,104.55,292.8,4.64,97.36,788.11,1294.34,0
BS_202404_BU01_EU,2024-04-30,BU01,Europe,USD,83.43,228.53,3.63,82.25,610.43,942.01,0
BS_202404_BU01_LATAM,2024-04-30,BU01,Latin America,USD,33.86,104.07,1.55,35.97,266.91,413.74,0
BS_202404_BU01_NA,2024-04-30,BU01,North America,USD,142.87,323.92,5.88,124.13,1011.89,1583.14,0
BS_202404_BU02_APAC,2024-04-30,BU02,Asia Pacific,USD,61.64,193.22,151.26,120.78,969.83,770.94,0
BS_202404_BU02_EU,2024-04-30,BU02,Europe,USD,72.0,213.03,169.34,144.82,1088.25,816.05,0
BS_202404_BU02_LATAM,2024-04-30,BU02,Latin America,USD,30.64,105.57,78.01,69.76,504.09,375.1,0
BS_202404_BU02_NA,2024-04-30,BU02,North America,USD,111.84,290.15,256.84,208.39,1636.69,1244.88,0
BS_202404_BU03_APAC,2024-04-30,BU03,Asia Pacific,USD,56.47,202.84,84.44,83.87,853.61,770.25,0
BS_202404_BU03_EU,2024-04-30,BU03,Europe,USD,72.06,243.14,103.55,108.04,1053.3,903.35,0
BS_202404_BU03_LATAM,2024-04-30,BU03,Latin America,USD,21.34,86.54,33.2,36.54,338.12,290.33,0
BS_202404_BU03_NA,2024-04-30,BU03,North America,USD,139.72,424.44,191.72,198.66,1990.69,1723.48,0
BS_202404_BU04_APAC,2024-04-30,BU04,Asia Pacific,USD,52.84,287.74,260.22,169.72,2128.74,1124.16,0
BS_202404_BU04_EU,2024-04-30,BU04,Europe,USD,64.56,336.38,303.27,213.92,2790.66,1333.47,0
BS_202404_BU04_LATAM,2024-04-30,BU04,Latin America,USD,21.02,129.49,107.36,77.19,885.68,449.62,0
BS_202404_BU04_NA,2024-04-30,BU04,North America,USD,85.26,396.63,386.4,260.65,3264.65,1659.14,0
BS_202404_BU05_APAC,2024-04-30,BU05,Asia Pacific,USD,77.09,159.1,1.08,48.29,311.22,813.04,0
BS_202404_BU05_EU,2024-04-30,BU05,Europe,USD,52.11,104.39,0.72,34.61,204.26,499.86,0
BS_202404_BU05_LATAM,2024-04-30,BU05,Latin America,USD,24.01,60.21,0.37,18.8,102.43,252.14,0
BS_202404_BU05_NA,2024-04-30,BU05,North America,USD,106.6,192.38,1.45,67.35,409.86,1000.58,0
BS_202405_BU01_APAC,2024-05-31,BU01,Asia Pacific,USD,103.45,285.69,4.54,94.87,794.03,1306.33,0
BS_202405_BU01_EU,2024-05-31,BU01,Europe,USD,82.22,230.92,3.63,82.19,613.21,950.66,0
BS_202405_BU01_LATAM,2024-05-31,BU01,Latin America,USD,34.46,106.54,1.57,36.99,268.17,416.87,0
BS_202405_BU01_NA,2024-05-31,BU01,North America,USD,143.75,319.92,5.89,122.08,1016.35,1595.66,0
BS_202405_BU02_APAC,2024-05-31,BU02,Asia Pacific,USD,60.5,200.12,157.84,128.27,972.2,779.41,0
BS_202405_BU02_EU,2024-05-31,BU02,Europe,USD,69.98,220.09,173.81,144.91,1089.9,822.28,0
BS_202405_BU02_LATAM,2024-05-31,BU02,Latin America,USD,30.76,108.79,80.04,69.34,505.01,377.26,0
BS_202405_BU02_NA,2024-05-31,BU02,North America,USD,111.21,302.81,266.78,216.69,1639.67,1250.23,0
BS_202405_BU03_APAC,2024-05-31,BU03,Asia Pacific,USD,55.52,193.5,80.94,73.87,856.08,771.54,0
BS_202405_BU03_EU,2024-05-31,BU03,Europe,USD,70.43,404.18,99.75,96.34,1055.84,905.72,1
BS_202405_BU03_LATAM,2024-05-31,BU03,Latin America,USD,21.55,82.85,32.05,32.78,339.03,290.5,0
BS_202405_BU03_NA,2024-05-31,BU03,North America,USD,139.27,403.68,186.17,173.53,1995.29,1722.19,0
BS_202405_BU04_APAC,2024-05-31,BU04,Asia Pacific,USD,51.79,278.7,251.52,137.1,2133.67,1135.75,0
BS_202405_BU04_EU,2024-05-31,BU04,Europe,USD,63.05,333.46,304.26,191.7,2794.39,1347.73,0
BS_202405_BU04_LATAM,2024-05-31,BU04,Latin America,USD,21.21,127.87,104.65,64.98,887.44,455.46,0
BS_202405_BU04_NA,2024-05-31,BU04,North America,USD,84.99,388.65,383.0,223.08,3270.96,1681.03,0
BS_202405_BU05_APAC,2024-05-31,BU05,Asia Pacific,USD,76.54,186.63,1.08,48.98,316.37,824.87,0
BS_202405_BU05_EU,2024-05-31,BU05,Europe,USD,51.55,121.17,0.73,35.13,207.5,508.87,0
BS_202405_BU05_LATAM,2024-05-31,BU05,Latin America,USD,24.7,71.22,0.38,19.63,104.37,258.13,0
BS_202405_BU05_NA,2024-05-31,BU05,North America,USD,108.03,233.13,1.54,71.3,416.86,1021.49,0
BS_202406_BU01_APAC,2024-06-30,BU01,Asia Pacific,USD,104.67,321.89,5.02,109.16,801.05,1333.93,0
BS_202406_BU01_EU,2024-06-30,BU01,Europe,USD,80.92,244.54,3.82,88.48,615.98,957.57,0
BS_202406_BU01_LATAM,2024-06-30,BU01,Latin America,USD,35.59,113.7,1.62,38.91,269.43,420.86,0
BS_202406_BU01_NA,2024-06-30,BU01,North America,USD,142.74,356.01,6.36,136.0,1022.0,1618.01,0
BS_202406_BU02_APAC,2024-06-30,BU02,Asia Pacific,USD,60.3,208.88,167.12,139.49,974.6,788.81,0
BS_202406_BU02_EU,2024-06-30,BU02,Europe,USD,68.25,239.6,187.44,171.16,1092.43,832.87,0
BS_202406_BU02_LATAM,2024-06-30,BU02,Latin America,USD,31.51,116.85,85.04,78.2,506.08,382.26,0
BS_202406_BU02_NA,2024-06-30,BU02,North America,USD,109.33,314.23,279.59,230.1,1642.71,1263.27,0
BS_202406_BU03_APAC,2024-06-30,BU03,Asia Pacific,USD,55.32,202.82,83.16,86.06,858.45,773.59,0
BS_202406_BU03_EU,2024-06-30,BU03,Europe,USD,68.59,245.84,101.71,108.44,1058.36,905.32,0
BS_202406_BU03_LATAM,2024-06-30,BU03,Latin America,USD,22.11,85.02,32.83,36.67,339.87,291.28,0
BS_202406_BU03_NA,2024-06-30,BU03,North America,USD,136.6,406.16,188.57,186.24,1999.16,1719.72,0
BS_202406_BU04_APAC,2024-06-30,BU04,Asia Pacific,USD,51.38,291.04,256.47,163.69,2138.02,1141.16,0
BS_202406_BU04_EU,2024-06-30,BU04,Europe,USD,61.34,340.96,308.02,199.94,2797.4,1357.21,0
BS_202406_BU04_LATAM,2024-06-30,BU04,Latin America,USD,21.72,130.18,106.21,73.19,889.15,457.91,0
BS_202406_BU04_NA,2024-06-30,BU04,North America,USD,83.46,408.64,402.77,271.67,3278.02,1688.92,0
BS_202406_BU05_APAC,2024-06-30,BU05,Asia Pacific,USD,77.15,243.05,1.19,55.78,326.13,839.27,0
BS_202406_BU05_EU,2024-06-30,BU05,Europe,USD,50.89,152.35,0.78,38.55,213.23,518.22,0
BS_202406_BU05_LATAM,2024-06-30,BU05,Latin America,USD,25.88,88.21,0.4,21.15,107.69,265.46,0
BS_202406_BU05_NA,2024-06-30,BU05,North America,USD,108.1,291.11,1.64,76.28,428.24,1042.21,0
BS_202407_BU01_APAC,2024-07-31,BU01,Asia Pacific,USD,107.48,299.95,4.71,98.9,807.43,1354.05,0
BS_202407_BU01_EU,2024-07-31,BU01,Europe,USD,80.11,231.59,3.58,81.59,618.25,963.95,0
BS_202407_BU01_LATAM,2024-07-31,BU01,Latin America,USD,37.13,106.1,1.55,36.0,270.23,422.97,0
BS_202407_BU01_NA,2024-07-31,BU01,North America,USD,140.39,322.98,5.88,120.29,1025.74,1630.04,0
BS_202407_BU02_APAC,2024-07-31,BU02,Asia Pacific,USD,61.02,203.15,159.26,109.7,976.36,801.19,0
BS_202407_BU02_EU,2024-07-31,BU02,Europe,USD,66.78,212.64,172.85,114.4,1093.53,843.64,0
BS_202407_BU02_LATAM,2024-07-31,BU02,Latin America,USD,32.78,116.85,84.83,69.43,507.03,390.67,0
BS_202407_BU02_NA,2024-07-31,BU02,North America,USD,106.82,300.1,273.69,194.62,1645.05,1282.23,0
BS_202407_BU03_APAC,2024-07-31,BU03,Asia Pacific,USD,55.97,193.81,78.88,72.63,860.43,777.2,0
BS_202407_BU03_EU,2024-07-31,BU03,Europe,USD,67.36,237.7,97.83,96.31,1060.57,909.46,0
BS_202407_BU03_LATAM,2024-07-31,BU03,Latin America,USD,22.96,83.68,32.44,34.35,340.69,293.25,0
BS_202407_BU03_NA,2024-07-31,BU03,North America,USD,133.19,402.24,185.35,176.34,2002.99,1723.65,0
BS_202407_BU04_APAC,2024-07-31,BU04,Asia Pacific,USD,52.07,271.96,241.09,123.79,2141.69,1157.28,0
BS_202407_BU04_EU,2024-07-31,BU04,Europe,USD,60.16,319.04,290.8,155.45,2800.63,1373.14,0
BS_202407_BU04_LATAM,2024-07-31,BU04,Latin America,USD,22.44,124.29,101.26,59.2,890.68,462.92,0
BS_202407_BU04_NA,2024-07-31,BU04,North America,USD,81.65,380.37,373.19,178.44,3283.15,1718.37,0
BS_202407_BU05_APAC,2024-07-31,BU05,Asia Pacific,USD,79.34,202.4,1.15,52.97,331.55,847.25,0
BS_202407_BU05_EU,2024-07-31,BU05,Europe,USD,50.45,126.63,0.75,36.43,216.41,519.05,0
BS_202407_BU05_LATAM,2024-07-31,BU05,Latin America,USD,27.22,72.33,0.39,19.87,109.6,266.8,0
BS_202407_BU05_NA,2024-07-31,BU05,North America,USD,107.37,244.06,1.61,73.52,435.22,1051.07,0
BS_202408_BU01_APAC,2024-08-31,BU01,Asia Pacific,USD,111.93,303.59,4.7,99.33,813.2,1380.47,0
BS_202408_BU01_EU,2024-08-31,BU01,Europe,USD,80.5,233.17,3.59,82.83,620.37,975.59,0
BS_202408_BU01_LATAM,2024-08-31,BU01,Latin America,USD,38.78,105.04,1.57,36.2,271.24,427.14,0
BS_202408_BU01_NA,2024-08-31,BU01,North America,USD,138.03,332.1,5.96,125.45,1029.34,1647.83,0
BS_202408_BU02_APAC,2024-08-31,BU02,Asia Pacific,USD,62.82,216.05,170.99,140.2,977.85,815.02,0
BS_202408_BU02_EU,2024-08-31,BU02,Europe,USD,66.2,221.27,183.42,151.97,1094.63,850.61,0
BS_202408_BU02_LATAM,2024-08-31,BU02,Latin America,USD,33.97,113.16,88.94,73.61,507.69,394.77,0
BS_202408_BU02_NA,2024-08-31,BU02,North America,USD,104.14,306.05,285.79,219.57,1646.88,1300.15,0
BS_202408_BU03_APAC,2024-08-31,BU03,Asia Pacific,USD,57.36,192.1,78.82,77.89,861.99,780.56,0
BS_202408_BU03_EU,2024-08-31,BU03,Europe,USD,67.07,244.56,98.29,105.22,1062.53,916.5,0
BS_202408_BU03_LATAM,2024-08-31,BU03,Latin America,USD,23.81,86.99,32.84,36.36,341.42,295.71,0
BS_202408_BU03_NA,2024-08-31,BU03,North America,USD,129.77,403.54,186.3,184.46,2006.41,1732.02,0
BS_202408_BU04_APAC,2024-08-31,BU04,Asia Pacific,USD,53.31,266.4,233.07,130.16,2144.4,1168.9,0
BS_202408_BU04_EU,2024-08-31,BU04,Europe,USD,59.7,302.85,273.98,146.27,2803.19,1386.89,0
BS_202408_BU04_LATAM,2024-08-31,BU04,Latin America,USD,23.18,120.31,98.75,60.65,891.99,467.56,0
BS_202408_BU04_NA,2024-08-31,BU04,North America,USD,79.74,383.87,373.41,225.65,3288.01,1736.37,0
BS_202408_BU05_APAC,2024-08-31,BU05,Asia Pacific,USD,82.74,181.09,1.18,54.42,334.15,859.75,0
BS_202408_BU05_EU,2024-08-31,BU05,Europe,USD,50.93,115.79,0.77,38.34,218.06,525.98,0
BS_202408_BU05_LATAM,2024-08-31,BU05,Latin America,USD,28.49,64.29,0.39,19.85,110.42,269.13,0
BS_202408_BU05_NA,2024-08-31,BU05,North America,USD,105.71,208.09,1.56,71.2,438.4,1058.66,0
BS_202409_BU01_APAC,2024-09-30,BU01,Asia Pacific,USD,117.38,332.93,5.09,112.23,819.73,1401.47,0
BS_202409_BU01_EU,2024-09-30,BU01,Europe,USD,82.24,248.08,3.8,90.21,622.92,987.33,0
BS_202409_BU01_LATAM,2024-09-30,BU01,Latin America,USD,40.27,116.19,1.72,40.86,272.55,432.73,0
BS_202409_BU01_NA,2024-09-30,BU01,North America,USD,137.11,368.71,6.46,143.59,1033.33,1673.73,0
BS_202409_BU02_APAC,2024-09-30,BU02,Asia Pacific,USD,65.18,229.79,192.94,163.94,979.8,829.15,0
BS_202409_BU02_EU,2024-09-30,BU02,Europe,USD,66.93,239.38,206.42,183.4,1096.23,862.25,0
BS_202409_BU02_LATAM,2024-09-30,BU02,Latin America,USD,34.97,126.97,102.62,95.38,508.56,400.36,0
BS_202409_BU02_NA,2024-09-30,BU02,North America,USD,102.37,336.97,324.36,277.44,1649.69,1319.02,0
BS_202409_BU03_APAC,2024-09-30,BU03,Asia Pacific,USD,59.38,199.69,81.71,85.88,863.46,784.09,0
BS_202409_BU03_EU,2024-09-30,BU03,Europe,USD,67.8,251.27,100.63,112.25,1064.27,920.18,0
BS_202409_BU03_LATAM,2024-09-30,BU03,Latin America,USD,24.59,89.8,34.53,39.98,342.09,298.21,0
BS_202409_BU03_NA,2024-09-30,BU03,North America,USD,127.51,426.48,192.44,202.47,2009.57,1741.02,0
BS_202409_BU04_APAC,2024-09-30,BU04,Asia Pacific,USD,55.28,296.12,251.64,186.97,2147.87,1181.87,0
BS_202409_BU04_EU,2024-09-30,BU04,Europe,USD,60.27,330.98,294.75,225.29,2804.86,1390.39,0
BS_202409_BU04_LATAM,2024-09-30,BU04,Latin America,USD,23.82,131.27,107.16,85.31,893.33,471.24,0
BS_202409_BU04_NA,2024-09-30,BU04,North America,USD,78.48,422.44,398.98,290.8,3293.8,1757.54,0
BS_202409_BU05_APAC,2024-09-30,BU05,Asia Pacific,USD,86.54,181.03,1.22,56.25,336.44,868.0,0
BS_202409_BU05_EU,2024-09-30,BU05,Europe,USD,52.09,119.78,0.8,40.55,219.57,531.79,0
BS_202409_BU05_LATAM,2024-09-30,BU05,Latin America,USD,29.66,66.21,0.41,21.04,111.12,272.68,0
BS_202409_BU05_NA,2024-09-30,BU05,North America,USD,105.61,216.55,1.62,76.45,441.43,1080.57,0
BS_202410_BU01_APAC,2024-10-31,BU01,Asia Pacific,USD,123.12,322.24,5.07,107.67,825.8,1417.35,0
BS_202410_BU01_EU,2024-10-31,BU01,Europe,USD,85.35,240.48,3.77,87.38,625.32,997.78,0
BS_202410_BU01_LATAM,2024-10-31,BU01,Latin America,USD,41.3,112.58,1.73,39.26,273.67,436.46,0
BS_202410_BU01_NA,2024-10-31,BU01,North America,USD,138.03,354.64,6.2,133.96,1037.36,1690.91,0
BS_202410_BU02_APAC,2024-10-31,BU02,Asia Pacific,USD,67.94,256.28,213.28,177.01,982.59,848.79,0
BS_202410_BU02_EU,2024-10-31,BU02,Europe,USD,68.79,262.74,224.72,192.06,1098.58,876.88,0
BS_202410_BU02_LATAM,2024-10-31,BU02,Latin America,USD,35.54,137.8,111.08,94.36,509.78,408.02,0
BS_202410_BU02_NA,2024-10-31,BU02,North America,USD,102.32,359.71,344.27,268.83,1653.61,1345.87,0
BS_202410_BU03_APAC,2024-10-31,BU03,Asia Pacific,USD,61.59,199.42,81.44,80.2,864.78,788.96,0
BS_202410_BU03_EU,2024-10-31,BU03,Europe,USD,69.7,250.1,100.11,106.64,1066.11,924.33,0
BS_202410_BU03_LATAM,2024-10-31,BU03,Latin America,USD,25.08,87.48,34.37,36.11,342.74,299.99,0
BS_202410_BU03_NA,2024-10-31,BU03,North America,USD,127.16,409.87,187.96,180.96,2012.81,1742.82,0
BS_202410_BU04_APAC,2024-10-31,BU04,Asia Pacific,USD,57.52,302.98,264.59,183.17,2152.08,1200.37,0
BS_202410_BU04_EU,2024-10-31,BU04,Europe,USD,61.91,342.71,300.77,206.5,2806.48,1409.5,0
BS_202410_BU04_LATAM,2024-10-31,BU04,Latin America,USD,24.3,130.91,109.73,75.7,894.83,478.71,0
BS_202410_BU04_NA,2024-10-31,BU04,North America,USD,78.49,426.73,399.68,253.36,3299.45,1786.22,0
BS_202410_BU05_APAC,2024-10-31,BU05,Asia Pacific,USD,89.76,171.95,1.18,52.69,338.64,867.43,0
BS_202410_BU05_EU,2024-10-31,BU05,Europe,USD,54.05,120.56,0.8,40.19,221.06,537.81,0
BS_202410_BU05_LATAM,2024-10-31,BU05,Latin America,USD,30.45,66.41,0.42,21.0,111.81,275.18,0
BS_202410_BU05_NA,2024-10-31,BU05,North America,USD,106.68,221.51,1.61,77.28,444.22,1098.03,0
BS_202411_BU01_APAC,2024-11-30,BU01,Asia Pacific,USD,128.74,356.4,5.51,118.68,832.89,1448.64,0
BS_202411_BU01_EU,2024-11-30,BU01,Europe,USD,89.24,252.38,3.94,91.63,627.7,1011.81,0
BS_202411_BU01_LATAM,2024-11-30,BU01,Latin America,USD,41.64,114.88,1.8,40.17,274.76,440.66,0
BS_202411_BU01_NA,2024-11-30,BU01,North America,USD,140.97,365.94,6.32,137.99,1041.11,1708.02,0
BS_202411_BU02_APAC,2024-11-30,BU02,Asia Pacific,USD,70.41,286.26,232.44,197.28,986.68,868.33,0
BS_202411_BU02_EU,2024-11-30,BU02,Europe,USD,71.35,300.79,242.51,218.32,1102.11,893.2,0
BS_202411_BU02_LATAM,2024-11-30,BU02,Latin America,USD,35.68,157.47,120.62,108.79,511.47,416.04,0
BS_202411_BU02_NA,2024-11-30,BU02,North America,USD,103.62,419.86,369.75,318.42,1659.15,1370.8,0
BS_202411_BU03_APAC,2024-11-30,BU03,Asia Pacific,USD,63.56,209.9,86.13,91.63,866.13,795.31,0
BS_202411_BU03_EU,2024-11-30,BU03,Europe,USD,72.19,253.4,102.29,112.27,1067.29,928.13,0
BS_202411_BU03_LATAM,2024-11-30,BU03,Latin America,USD,25.12,88.39,35.31,38.31,343.28,300.49,0
BS_202411_BU03_NA,2024-11-30,BU03,North America,USD,128.68,418.6,190.08,193.71,2015.91,1746.26,0
BS_202411_BU04_APAC,2024-11-30,BU04,Asia Pacific,USD,59.27,293.81,263.44,156.11,2155.45,1217.52,0
BS_202411_BU04_EU,2024-11-30,BU04,Europe,USD,63.9,339.38,304.61,199.12,2808.12,1419.45,0
BS_202411_BU04_LATAM,2024-11-30,BU04,Latin America,USD,24.36,131.01,111.65,74.31,896.04,483.59,0
BS_202411_BU04_NA,2024-11-30,BU04,North America,USD,79.87,413.43,393.26,234.12,3303.63,1802.66,0
BS_202411_BU05_APAC,2024-11-30,BU05,Asia Pacific,USD,92.87,192.61,1.29,59.58,340.87,876.85,0
BS_202411_BU05_EU,2024-11-30,BU05,Europe,USD,56.45,125.03,0.84,42.17,222.61,544.92,0
BS_202411_BU05_LATAM,2024-11-30,BU05,Latin America,USD,30.86,72.99,0.46,23.59,112.61,279.63,0
BS_202411_BU05_NA,2024-11-30,BU05,North America,USD,109.8,236.31,1.73,83.91,447.44,1119.13,0
BS_202412_BU01_APAC,2024-12-31,BU01,Asia Pacific,USD,132.81,357.79,5.64,118.81,841.06,1479.87,0
BS_202412_BU01_EU,2024-12-31,BU01,Europe,USD,93.25,254.56,4.02,92.44,630.89,1024.45,0
BS_202412_BU01_LATAM,2024-12-31,BU01,Latin America,USD,41.45,118.92,1.83,41.32,276.19,446.3,0
BS_202412_BU01_NA,2024-12-31,BU01,North America,USD,146.08,369.78,6.43,141.15,1046.37,1727.7,0
BS_202412_BU02_APAC,2024-12-31,BU02,Asia Pacific,USD,72.08,296.39,231.66,174.84,991.35,892.33,0
BS_202412_BU02_EU,2024-12-31,BU02,Europe,USD,73.66,295.29,234.53,179.01,1105.44,905.31,0
BS_202412_BU02_LATAM,2024-12-31,BU02,Latin America,USD,35.21,155.82,114.6,84.37,513.07,423.79,0
BS_202412_BU02_NA,2024-12-31,BU02,North America,USD,107.04,426.93,364.76,283.67,1665.29,1400.08,0
BS_202412_BU03_APAC,2024-12-31,BU03,Asia Pacific,USD,64.54,200.31,84.31,78.69,867.53,800.01,0
BS_202412_BU03_EU,2024-12-31,BU03,Europe,USD,74.49,243.03,99.35,99.86,1068.5,930.13,0
BS_202412_BU03_LATAM,2024-12-31,BU03,Latin America,USD,24.76,84.57,34.13,33.45,343.64,301.31,0
BS_202412_BU03_NA,2024-12-31,BU03,North America,USD,132.39,421.42,187.96,187.97,2018.7,1758.53,0
BS_202412_BU04_APAC,2024-12-31,BU04,Asia Pacific,USD,59.96,264.24,242.59,110.28,2157.77,1224.77,0
BS_202412_BU04_EU,2024-12-31,BU04,Europe,USD,65.42,306.63,280.57,133.45,2809.65,1426.7,0
BS_202412_BU04_LATAM,2024-12-31,BU04,Latin America,USD,23.95,116.5,102.41,48.91,896.73,486.77,0
BS_202412_BU04_NA,2024-12-31,BU04,North America,USD,82.4,385.18,365.32,184.6,3306.41,1817.96,0
BS_202412_BU05_APAC,2024-12-31,BU05,Asia Pacific,USD,95.59,196.61,1.33,60.71,343.43,892.82,0
BS_202412_BU05_EU,2024-12-31,BU05,Europe,USD,59.26,127.23,0.88,43.36,224.4,554.9,0
BS_202412_BU05_LATAM,2024-12-31,BU05,Latin America,USD,31.16,75.98,0.49,24.64,113.66,288.64,0
BS_202412_BU05_NA,2024-12-31,BU05,North America,USD,114.48,238.79,1.73,83.51,450.78,1138.79,0
BS_202501_BU01_APAC,2025-01-31,BU01,Asia Pacific,USD,134.77,337.1,5.45,109.97,848.28,1476.81,0
BS_202501_BU01_EU,2025-01-31,BU01,Europe,USD,96.13,230.94,3.74,81.73,633.14,1008.54,0
BS_202501_BU01_LATAM,2025-01-31,BU01,Latin America,USD,40.84,112.02,1.75,38.4,277.27,442.52,0
BS_202501_BU01_NA,2025-01-31,BU01,North America,USD,152.17,348.62,6.09,129.91,1050.28,1712.19,0
BS_202501_BU02_APAC,2025-01-31,BU02,Asia Pacific,USD,72.36,204.46,169.52,77.7,991.34,876.85,0
BS_202501_BU02_EU,2025-01-31,BU02,Europe,USD,75.59,209.6,175.38,86.45,1105.17,887.3,0
BS_202501_BU02_LATAM,2025-01-31,BU02,Latin America,USD,34.38,107.98,83.48,41.26,512.78,412.74,0
BS_202501_BU02_NA,2025-01-31,BU02,North America,USD,111.04,302.55,266.99,130.46,1664.6,1376.55,0
BS_202501_BU03_APAC,2025-01-31,BU03,Asia Pacific,USD,64.62,202.4,85.13,82.83,868.92,793.24,0
BS_202501_BU03_EU,2025-01-31,BU03,Europe,USD,76.37,243.31,100.34,105.79,1070.1,917.57,0
BS_202501_BU03_LATAM,2025-01-31,BU03,Latin America,USD,24.22,86.38,34.63,36.72,344.26,298.9,0
BS_202501_BU03_NA,2025-01-31,BU03,North America,USD,137.38,423.78,190.65,196.69,2021.64,1744.44,0
BS_202501_BU04_APAC,2025-01-31,BU04,Asia Pacific,USD,59.83,251.69,233.83,122.5,2159.15,1210.44,0
BS_202501_BU04_EU,2025-01-31,BU04,Europe,USD,66.4,292.92,274.79,153.34,2811.43,1408.58,0
BS_202501_BU04_LATAM,2025-01-31,BU04,Latin America,USD,23.3,110.86,96.63,50.99,897.37,480.83,0
BS_202501_BU04_NA,2025-01-31,BU04,North America,USD,85.16,363.1,346.2,185.35,3309.29,1798.84,0
BS_202501_BU05_APAC,2025-01-31,BU05,Asia Pacific,USD,96.9,179.15,1.24,53.54,345.23,891.26,0
BS_202501_BU05_EU,2025-01-31,BU05,Europe,USD,61.74,115.51,0.81,38.19,225.6,552.67,0
BS_202501_BU05_LATAM,2025-01-31,BU05,Latin America,USD,31.01,67.2,0.45,21.11,114.34,288.75,0
BS_202501_BU05_NA,2025-01-31,BU05,North America,USD,120.29,219.22,1.62,75.28,453.32,1137.85,0
BS_202502_BU01_APAC,2025-02-28,BU01,Asia Pacific,USD,135.26,383.98,5.97,126.99,856.39,1500.72,0
BS_202502_BU01_EU,2025-02-28,BU01,Europe,USD,98.04,250.83,4.01,90.35,635.61,1008.49,0
BS_202502_BU01_LATAM,2025-02-28,BU01,Latin America,USD,40.27,129.77,1.92,45.08,278.75,447.75,0
BS_202502_BU01_NA,2025-02-28,BU01,North America,USD,158.83,383.64,6.62,146.13,1055.26,1718.64,0
BS_202502_BU02_APAC,2025-02-28,BU02,Asia Pacific,USD,71.28,201.45,166.15,112.83,991.35,864.9,0
BS_202502_BU02_EU,2025-02-28,BU02,Europe,USD,76.39,217.02,175.68,135.68,1105.13,873.96,0
BS_202502_BU02_LATAM,2025-02-28,BU02,Latin America,USD,33.5,113.12,85.0,69.21,512.79,406.76,0
BS_202502_BU02_NA,2025-02-28,BU02,North America,USD,114.9,319.73,271.7,215.44,1664.64,1357.72,0
BS_202502_BU03_APAC,2025-02-28,BU03,Asia Pacific,USD,63.58,218.59,90.21,96.26,870.35,790.46,0
BS_202502_BU03_EU,2025-02-28,BU03,Europe,USD,77.21,263.38,107.19,124.61,1071.68,913.15,0
BS_202502_BU03_LATAM,2025-02-28,BU03,Latin America,USD,23.59,93.47,36.93,43.14,344.89,298.27,0
BS_202502_BU03_NA,2025-02-28,BU03,North America,USD,142.09,447.79,203.75,225.54,2025.41,1738.33,0
BS_202502_BU04_APAC,2025-02-28,BU04,Asia Pacific,USD,58.75,279.16,250.25,178.02,2161.48,1202.58,0
BS_202502_BU04_EU,2025-02-28,BU04,Europe,USD,66.29,321.85,302.68,226.81,2813.14,1394.21,0
BS_202502_BU04_LATAM,2025-02-28,BU04,Latin America,USD,22.67,130.08,107.94,91.46,898.74,478.27,0
BS_202502_BU04_NA,2025-02-28,BU04,North America,USD,87.95,399.37,373.03,282.0,3312.31,1786.17,0
BS_202502_BU05_APAC,2025-02-28,BU05,Asia Pacific,USD,96.82,196.92,1.37,61.14,347.38,898.9,0
BS_202502_BU05_EU,2025-02-28,BU05,Europe,USD,63.54,126.6,0.9,43.37,227.01,557.8,0
BS_202502_BU05_LATAM,2025-02-28,BU05,Latin America,USD,30.64,75.01,0.48,24.07,115.1,291.69,0
BS_202502_BU05_NA,2025-02-28,BU05,North America,USD,126.06,228.61,1.71,80.79,455.6,1144.32,0
BS_202503_BU01_APAC,2025-03-31,BU01,Asia Pacific,USD,135.01,384.97,6.05,127.2,866.66,1529.4,0
BS_202503_BU01_EU,2025-03-31,BU01,Europe,USD,98.73,249.51,4.0,89.48,639.02,1013.15,0
BS_202503_BU01_LATAM,2025-03-31,BU01,Latin America,USD,39.86,124.64,1.86,42.89,280.65,449.41,0
BS_202503_BU01_NA,2025-03-31,BU01,North America,USD,164.49,377.14,6.61,142.66,1061.95,1726.58,0
BS_202503_BU02_APAC,2025-03-31,BU02,Asia Pacific,USD,69.72,201.52,160.69,114.74,992.72,862.45,0
BS_202503_BU02_EU,2025-03-31,BU02,Europe,USD,76.33,217.19,172.1,134.47,1106.04,870.52,0
BS_202503_BU02_LATAM,2025-03-31,BU02,Latin America,USD,32.87,110.1,81.04,61.87,513.41,407.06,0
BS_202503_BU02_NA,2025-03-31,BU02,North America,USD,117.62,305.94,256.73,185.44,1666.3,1350.27,0
BS_202503_BU03_APAC,2025-03-31,BU03,Asia Pacific,USD,62.12,210.69,88.92,83.82,872.56,789.69,0
BS_202503_BU03_EU,2025-03-31,BU03,Europe,USD,76.83,251.48,103.54,101.67,1073.86,908.37,0
BS_202503_BU03_LATAM,2025-03-31,BU03,Latin America,USD,23.11,88.25,35.07,33.96,345.69,298.09,0
BS_202503_BU03_NA,2025-03-31,BU03,North America,USD,146.16,423.06,199.8,188.93,2030.25,1738.33,0
BS_202503_BU04_APAC,2025-03-31,BU04,Asia Pacific,USD,57.17,278.88,252.64,154.94,2165.22,1203.15,0
BS_202503_BU04_EU,2025-03-31,BU04,Europe,USD,65.3,325.52,311.74,192.75,2815.7,1395.66,0
BS_202503_BU04_LATAM,2025-03-31,BU04,Latin America,USD,22.15,125.53,104.51,63.29,900.35,481.86,0
BS_202503_BU04_NA,2025-03-31,BU04,North America,USD,89.77,378.54,365.29,214.24,3317.23,1783.74,0
BS_202503_BU05_APAC,2025-03-31,BU05,Asia Pacific,USD,95.99,193.97,1.35,59.65,350.44,910.6,0
BS_202503_BU05_EU,2025-03-31,BU05,Europe,USD,64.54,123.97,0.88,42.07,228.95,565.73,0
BS_202503_BU05_LATAM,2025-03-31,BU05,Latin America,USD,30.34,70.55,0.46,22.62,116.12,292.65,0
BS_202503_BU05_NA,2025-03-31,BU05,North America,USD,131.12,405.59,1.72,80.1,459.62,1156.06,1
BS_202504_BU01_APAC,2025-04-30,BU01,Asia Pacific,USD,133.52,382.02,6.06,125.66,876.03,1602.66,0
BS_202504_BU01_EU,2025-04-30,BU01,Europe,USD,98.11,264.67,4.28,96.14,643.37,1058.5,0
BS_202504_BU01_LATAM,2025-04-30,BU01,Latin America,USD,39.9,125.19,1.87,43.09,282.4,468.92,0
BS_202504_BU01_NA,2025-04-30,BU01,North America,USD,168.19,399.32,6.96,150.03,1069.08,1802.95,0
BS_202504_BU02_APAC,2025-04-30,BU02,Asia Pacific,USD,67.86,196.92,162.46,122.37,994.09,888.93,0
BS_202504_BU02_EU,2025-04-30,BU02,Europe,USD,74.92,217.91,174.04,140.44,1106.63,897.0,0
BS_202504_BU02_LATAM,2025-04-30,BU02,Latin America,USD,32.54,112.23,82.31,69.62,514.0,419.92,0
BS_202504_BU02_NA,2025-04-30,BU02,North America,USD,119.16,318.76,273.09,234.9,1667.75,1396.15,0
BS_202504_BU03_APAC,2025-04-30,BU03,Asia Pacific,USD,60.45,209.36,89.3,85.81,874.59,815.0,0
BS_202504_BU03_EU,2025-04-30,BU03,Europe,USD,75.44,250.49,106.05,111.35,1075.65,934.99,0
BS_202504_BU03_LATAM,2025-04-30,BU03,Latin America,USD,22.92,91.76,35.68,39.0,346.52,308.16,0
BS_202504_BU03_NA,2025-04-30,BU03,North America,USD,148.01,442.87,204.39,206.51,2034.58,1797.24,0
BS_202504_BU04_APAC,2025-04-30,BU04,Asia Pacific,USD,55.44,287.17,261.32,168.9,2169.27,1242.89,0
BS_202504_BU04_EU,2025-04-30,BU04,Europe,USD,63.08,334.7,324.41,200.04,2817.33,1435.5,0
BS_202504_BU04_LATAM,2025-04-30,BU04,Latin America,USD,21.8,124.98,104.85,68.52,901.72,495.74,0
BS_202504_BU04_NA,2025-04-30,BU04,North America,USD,90.65,404.53,390.65,278.24,3322.93,1841.44,0
BS_202504_BU05_APAC,2025-04-30,BU05,Asia Pacific,USD,94.68,194.51,1.36,59.8,353.17,954.86,0
BS_202504_BU05_EU,2025-04-30,BU05,Europe,USD,64.3,126.42,0.9,42.44,230.61,592.03,0
BS_202504_BU05_LATAM,2025-04-30,BU05,Latin America,USD,30.46,71.71,0.46,23.03,117.03,306.37,0
BS_202504_BU05_NA,2025-04-30,BU05,North America,USD,134.32,233.83,1.79,82.75,463.0,1210.62,0
BS_202505_BU01_APAC,2025-05-31,BU01,Asia Pacific,USD,133.29,373.74,6.01,123.97,886.1,1702.64,0
BS_202505_BU01_EU,2025-05-31,BU01,Europe,USD,96.38,260.03,4.17,92.27,647.54,1114.19,0
BS_202505_BU01_LATAM,2025-05-31,BU01,Latin America,USD,40.51,123.26,1.83,42.39,284.32,492.85,0
BS_202505_BU01_NA,2025-05-31,BU01,North America,USD,169.15,393.29,6.87,145.9,1076.58,1900.95,0
BS_202505_BU02_APAC,2025-05-31,BU02,Asia Pacific,USD,66.45,206.62,168.28,133.23,996.12,929.85,0
BS_202505_BU02_EU,2025-05-31,BU02,Europe,USD,73.25,231.53,187.81,167.85,1108.84,940.44,0
BS_202505_BU02_LATAM,2025-05-31,BU02,Latin America,USD,32.74,115.53,83.05,70.64,514.83,439.25,0
BS_202505_BU02_NA,2025-05-31,BU02,North America,USD,118.7,317.32,278.32,220.94,1670.28,1467.42,0
BS_202505_BU03_APAC,2025-05-31,BU03,Asia Pacific,USD,59.12,201.8,84.55,75.11,876.67,851.91,0
BS_202505_BU03_EU,2025-05-31,BU03,Europe,USD,73.56,246.97,103.63,102.35,1078.03,980.0,0
BS_202505_BU03_LATAM,2025-05-31,BU03,Latin America,USD,23.11,88.22,34.1,34.39,347.36,322.34,0
BS_202505_BU03_NA,2025-05-31,BU03,North America,USD,147.96,436.0,202.13,193.97,2039.41,1884.94,0
BS_202505_BU04_APAC,2025-05-31,BU04,Asia Pacific,USD,54.14,283.32,254.27,142.26,2173.97,1302.64,0
BS_202505_BU04_EU,2025-05-31,BU04,Europe,USD,60.17,326.85,322.6,171.53,2819.75,1488.55,0
BS_202505_BU04_LATAM,2025-05-31,BU04,Latin America,USD,21.89,125.71,104.26,68.14,903.47,517.35,0
BS_202505_BU04_NA,2025-05-31,BU04,North America,USD,90.43,405.42,398.55,253.7,3329.73,1937.03,0
BS_202505_BU05_APAC,2025-05-31,BU05,Asia Pacific,USD,93.85,191.92,1.34,59.14,356.2,1011.3,0
BS_202505_BU05_EU,2025-05-31,BU05,Europe,USD,63.59,131.72,0.91,44.01,232.65,629.59,0
BS_202505_BU05_LATAM,2025-05-31,BU05,Latin America,USD,30.91,69.34,0.44,22.12,117.85,322.12,0
BS_202505_BU05_NA,2025-05-31,BU05,North America,USD,134.55,227.91,1.76,80.0,466.44,1273.48,0
BS_202506_BU01_APAC,2025-06-30,BU01,Asia Pacific,USD,134.07,380.94,6.23,129.1,896.31,1814.26,0
BS_202506_BU01_EU,2025-06-30,BU01,Europe,USD,94.7,277.4,4.42,99.96,651.9,1189.08,0
BS_202506_BU01_LATAM,2025-06-30,BU01,Latin America,USD,41.81,128.64,1.88,44.53,286.41,522.65,0
BS_202506_BU01_NA,2025-06-30,BU01,North America,USD,167.59,418.1,7.37,158.48,1084.4,2012.78,0
BS_202506_BU02_APAC,2025-06-30,BU02,Asia Pacific,USD,65.8,218.11,173.41,139.22,997.96,978.62,0
BS_202506_BU02_EU,2025-06-30,BU02,Europe,USD,71.15,239.85,194.46,164.48,1110.63,992.06,0
BS_202506_BU02_LATAM,2025-06-30,BU02,Latin America,USD,33.41,120.56,86.61,78.15,515.68,460.61,0
BS_202506_BU02_NA,2025-06-30,BU02,North America,USD,116.52,319.04,290.12,234.17,1672.62,1545.31,0
BS_202506_BU03_APAC,2025-06-30,BU03,Asia Pacific,USD,58.68,209.94,87.19,89.6,878.43,895.78,0
BS_202506_BU03_EU,2025-06-30,BU03,Europe,USD,71.65,251.8,107.31,115.1,1080.41,1031.05,0
BS_202506_BU03_LATAM,2025-06-30,BU03,Latin America,USD,23.71,91.89,35.23,40.09,348.23,339.65,0
BS_202506_BU03_NA,2025-06-30,BU03,North America,USD,146.24,446.66,210.11,215.47,2043.65,1991.71,0
BS_202506_BU04_APAC,2025-06-30,BU04,Asia Pacific,USD,53.54,292.51,257.55,162.22,2178.16,1367.49,0
BS_202506_BU04_EU,2025-06-30,BU04,Europe,USD,57.23,331.18,325.58,179.22,2821.35,1544.4,0
BS_202506_BU04_LATAM,2025-06-30,BU04,Latin America,USD,22.38,131.15,107.96,78.42,905.04,543.9,0
BS_202506_BU04_NA,2025-06-30,BU04,North America,USD,88.7,422.52,412.76,271.89,3336.2,2043.19,0
BS_202506_BU05_APAC,2025-06-30,BU05,Asia Pacific,USD,93.49,193.47,1.34,59.78,358.93,1073.13,0
BS_202506_BU05_EU,2025-06-30,BU05,Europe,USD,62.77,137.71,0.96,46.68,234.94,675.78,0
BS_202506_BU05_LATAM,2025-06-30,BU05,Latin America,USD,31.84,72.98,0.46,23.54,118.83,342.39,0
BS_202506_BU05_NA,2025-06-30,BU05,North America,USD,133.9,258.43,1.95,91.44,471.06,1368.55,0
BS_202507_BU01_APAC,2025-07-31,BU01,Asia Pacific,USD,137.23,368.64,5.87,120.88,906.39,1934.65,0
BS_202507_BU01_EU,2025-07-31,BU01,Europe,USD,93.75,263.0,4.22,94.19,656.16,1263.11,0
BS_202507_BU01_LATAM,2025-07-31,BU01,Latin America,USD,43.57,121.75,1.78,41.25,288.03,553.26,0
BS_202507_BU01_NA,2025-07-31,BU01,North America,USD,164.66,385.07,6.88,142.56,1090.83,2129.63,0
BS_202507_BU02_APAC,2025-07-31,BU02,Asia Pacific,USD,66.29,207.03,165.42,113.29,999.3,1031.21,0
BS_202507_BU02_EU,2025-07-31,BU02,Europe,USD,69.99,234.66,190.26,142.94,1112.09,1051.48,0
BS_202507_BU02_LATAM,2025-07-31,BU02,Latin America,USD,34.39,115.43,85.27,67.89,516.28,483.59,0
BS_202507_BU02_NA,2025-07-31,BU02,North America,USD,113.51,311.5,287.57,208.99,1674.7,1629.7,0
BS_202507_BU03_APAC,2025-07-31,BU03,Asia Pacific,USD,59.32,202.23,83.91,78.28,880.2,945.6,0
BS_202507_BU03_EU,2025-07-31,BU03,Europe,USD,70.13,234.12,102.14,95.27,1082.41,1084.28,0
BS_202507_BU03_LATAM,2025-07-31,BU03,Latin America,USD,24.49,87.57,33.98,34.71,348.9,357.53,0
BS_202507_BU03_NA,2025-07-31,BU03,North America,USD,142.54,430.01,199.58,178.76,2047.35,2100.59,0
BS_202507_BU04_APAC,2025-07-31,BU04,Asia Pacific,USD,53.69,266.85,236.33,111.97,2180.79,1436.44,0
BS_202507_BU04_EU,2025-07-31,BU04,Europe,USD,54.44,289.12,288.83,101.18,2822.04,1596.49,0
BS_202507_BU04_LATAM,2025-07-31,BU04,Latin America,USD,23.08,123.87,102.66,59.28,906.38,575.0,0
BS_202507_BU04_NA,2025-07-31,BU04,North America,USD,86.24,383.96,382.65,181.45,3341.0,2157.66,0
BS_202507_BU05_APAC,2025-07-31,BU05,Asia Pacific,USD,94.96,195.97,1.31,58.92,362.12,1139.29,0
BS_202507_BU05_EU,2025-07-31,BU05,Europe,USD,61.93,128.47,0.88,41.59,236.56,717.41,0
BS_202507_BU05_LATAM,2025-07-31,BU05,Latin America,USD,33.22,72.93,0.46,23.18,119.86,364.07,0
BS_202507_BU05_NA,2025-07-31,BU05,North America,USD,132.32,256.09,1.95,89.21,475.44,1466.26,0
BS_202508_BU01_APAC,2025-08-31,BU01,Asia Pacific,USD,143.18,382.05,6.03,127.13,916.31,2065.13,0
BS_202508_BU01_EU,2025-08-31,BU01,Europe,USD,93.97,265.97,4.2,95.18,660.0,1335.56,0
BS_202508_BU01_LATAM,2025-08-31,BU01,Latin America,USD,45.48,122.06,1.81,41.83,289.54,584.7,0
BS_202508_BU01_NA,2025-08-31,BU01,North America,USD,161.69,392.95,6.95,147.01,1096.59,2254.53,0
BS_202508_BU02_APAC,2025-08-31,BU02,Asia Pacific,USD,67.63,207.57,172.75,132.9,1000.23,1074.21,0
BS_202508_BU02_EU,2025-08-31,BU02,Europe,USD,69.72,241.05,200.01,164.65,1113.28,1103.86,0
BS_202508_BU02_LATAM,2025-08-31,BU02,Latin America,USD,35.6,117.8,91.81,80.03,516.71,507.49,0
BS_202508_BU02_NA,2025-08-31,BU02,North America,USD,110.67,324.46,306.12,242.85,1676.69,1712.1,0
BS_202508_BU03_APAC,2025-08-31,BU03,Asia Pacific,USD,60.99,211.41,85.6,88.33,881.8,994.76,0
BS_202508_BU03_EU,2025-08-31,BU03,Europe,USD,69.74,244.27,103.74,108.94,1084.25,1138.91,0
BS_202508_BU03_LATAM,2025-08-31,BU03,Latin America,USD,25.38,90.97,34.92,39.33,349.6,375.49,0
BS_202508_BU03_NA,2025-08-31,BU03,North America,USD,138.74,430.41,197.7,190.47,2050.16,2202.68,0
BS_202508_BU04_APAC,2025-08-31,BU04,Asia Pacific,USD,54.85,262.67,233.21,136.95,2182.83,1497.16,0
BS_202508_BU04_EU,2025-08-31,BU04,Europe,USD,52.73,281.1,277.08,126.42,2822.43,1634.9,0
BS_202508_BU04_LATAM,2025-08-31,BU04,Latin America,USD,23.85,122.26,101.28,64.24,907.28,602.34,0
BS_202508_BU04_NA,2025-08-31,BU04,North America,USD,83.37,368.01,365.65,191.49,3344.14,2246.83,0
BS_202508_BU05_APAC,2025-08-31,BU05,Asia Pacific,USD,98.59,245.82,1.39,64.53,368.91,1218.72,0
BS_202508_BU05_EU,2025-08-31,BU05,Europe,USD,61.94,151.31,0.89,43.62,240.25,760.16,0
BS_202508_BU05_LATAM,2025-08-31,BU05,Latin America,USD,34.83,85.85,0.47,23.89,122.01,387.96,0
BS_202508_BU05_NA,2025-08-31,BU05,North America,USD,130.68,290.38,1.94,87.35,483.41,1567.16,0
BS_202509_BU01_APAC,2025-09-30,BU01,Asia Pacific,USD,150.83,428.38,6.54,144.41,927.03,2218.84,0
BS_202509_BU01_EU,2025-09-30,BU01,Europe,USD,96.07,296.46,4.53,108.07,664.2,1423.35,0
BS_202509_BU01_LATAM,2025-09-30,BU01,Latin America,USD,47.32,139.04,2.02,48.58,291.48,625.75,0
BS_202509_BU01_NA,2025-09-30,BU01,North America,USD,159.91,426.67,7.39,162.73,1103.08,2393.86,0
BS_202509_BU02_APAC,2025-09-30,BU02,Asia Pacific,USD,69.71,225.64,195.81,165.59,1001.59,1125.75,0
BS_202509_BU02_EU,2025-09-30,BU02,Europe,USD,70.78,265.54,230.17,211.73,1115.2,1164.85,0
BS_202509_BU02_LATAM,2025-09-30,BU02,Latin America,USD,36.48,125.48,103.59,92.85,517.12,533.04,0
BS_202509_BU02_NA,2025-09-30,BU02,North America,USD,108.13,333.91,331.82,260.64,1678.11,1796.99,0
BS_202509_BU03_APAC,2025-09-30,BU03,Asia Pacific,USD,63.27,219.23,88.88,94.63,883.67,1048.88,0
BS_202509_BU03_EU,2025-09-30,BU03,Europe,USD,70.63,258.58,106.73,117.47,1085.76,1202.58,0
BS_202509_BU03_LATAM,2025-09-30,BU03,Latin America,USD,26.12,94.25,36.43,41.9,350.09,395.4,0
BS_202509_BU03_NA,2025-09-30,BU03,North America,USD,136.03,443.52,202.69,209.68,2052.99,2311.95,0
BS_202509_BU04_APAC,2025-09-30,BU04,Asia Pacific,USD,56.7,297.81,258.97,202.0,2186.36,1571.39,0
BS_202509_BU04_EU,2025-09-30,BU04,Europe,USD,52.02,313.28,298.6,197.11,2822.69,1679.52,0
BS_202509_BU04_LATAM,2025-09-30,BU04,Latin America,USD,24.46,131.81,108.33,83.97,908.43,630.35,0
BS_202509_BU04_NA,2025-09-30,BU04,North America,USD,81.11,402.45,385.09,269.74,3348.24,2340.02,0
BS_202509_BU05_APAC,2025-09-30,BU05,Asia Pacific,USD,103.42,301.25,1.45,67.49,380.04,1310.04,0
BS_202509_BU05_EU,2025-09-30,BU05,Europe,USD,63.29,187.65,0.95,47.66,246.72,812.35,0
BS_202509_BU05_LATAM,2025-09-30,BU05,Latin America,USD,36.24,102.95,0.49,24.63,125.62,415.31,0
BS_202509_BU05_NA,2025-09-30,BU05,North America,USD,129.44,343.79,1.95,89.22,495.55,1669.16,0
BS_202510_BU01_APAC,2025-10-31,BU01,Asia Pacific,USD,158.4,406.04,6.39,134.86,936.66,2324.92,0
BS_202510_BU01_EU,2025-10-31,BU01,Europe,USD,99.44,282.07,4.36,100.58,667.6,1485.74,0
BS_202510_BU01_LATAM,2025-10-31,BU01,Latin America,USD,48.62,136.94,2.04,47.21,293.14,655.9,0
BS_202510_BU01_NA,2025-10-31,BU01,North America,USD,160.41,407.57,7.11,152.62,1108.46,2494.5,0
BS_202510_BU02_APAC,2025-10-31,BU02,Asia Pacific,USD,71.89,251.68,214.53,174.7,1003.88,1171.27,0
BS_202510_BU02_EU,2025-10-31,BU02,Europe,USD,72.64,277.08,238.31,187.32,1117.14,1217.58,0
BS_202510_BU02_LATAM,2025-10-31,BU02,Latin America,USD,37.1,141.93,116.42,104.18,518.32,556.86,0
BS_202510_BU02_NA,2025-10-31,BU02,North America,USD,107.15,355.93,349.19,265.08,1680.84,1861.19,0
BS_202510_BU03_APAC,2025-10-31,BU03,Asia Pacific,USD,65.69,219.75,89.32,90.14,885.3,1088.41,0
BS_202510_BU03_EU,2025-10-31,BU03,Europe,USD,72.33,249.09,103.68,104.08,1087.05,1242.1,0
BS_202510_BU03_LATAM,2025-10-31,BU03,Latin America,USD,26.52,92.27,36.08,37.89,350.53,408.9,0
BS_202510_BU03_NA,2025-10-31,BU03,North America,USD,135.85,448.08,203.8,206.17,2055.81,2402.45,0
BS_202510_BU04_APAC,2025-10-31,BU04,Asia Pacific,USD,58.13,287.91,254.15,149.25,2189.43,1626.14,0
BS_202510_BU04_EU,2025-10-31,BU04,Europe,USD,51.9,307.05,292.67,149.15,2822.21,1704.93,0
BS_202510_BU04_LATAM,2025-10-31,BU04,Latin America,USD,24.71,130.24,108.99,72.45,909.63,653.25,0
BS_202510_BU04_NA,2025-10-31,BU04,North America,USD,80.02,403.24,381.36,233.84,3351.62,2414.37,0
BS_202510_BU05_APAC,2025-10-31,BU05,Asia Pacific,USD,108.75,256.46,1.45,66.1,386.27,1369.29,0
BS_202510_BU05_EU,2025-10-31,BU05,Europe,USD,65.63,165.19,0.95,47.87,250.38,843.96,0
BS_202510_BU05_LATAM,2025-10-31,BU05,Latin America,USD,37.3,90.91,0.51,25.23,127.73,433.16,0
BS_202510_BU05_NA,2025-10-31,BU05,North America,USD,130.13,288.89,1.93,88.03,502.76,1731.79,0
BS_202511_BU01_APAC,2025-11-30,BU01,Asia Pacific,USD,165.1,441.67,6.9,148.36,946.43,2400.17,0
BS_202511_BU01_EU,2025-11-30,BU01,Europe,USD,104.08,303.68,4.63,108.91,671.54,1535.63,0
BS_202511_BU01_LATAM,2025-11-30,BU01,Latin America,USD,49.27,141.76,2.18,49.55,295.0,676.23,0
BS_202511_BU01_NA,2025-11-30,BU01,North America,USD,164.45,443.75,7.56,167.85,1113.99,2574.75,0
BS_202511_BU02_APAC,2025-11-30,BU02,Asia Pacific,USD,73.55,287.69,233.17,198.62,1007.35,1197.27,0
BS_202511_BU02_EU,2025-11-30,BU02,Europe,USD,75.18,317.99,254.44,225.98,1120.14,1246.13,0
BS_202511_BU02_LATAM,2025-11-30,BU02,Latin America,USD,37.12,162.83,125.4,112.21,519.75,573.85,0
BS_202511_BU02_NA,2025-11-30,BU02,North America,USD,108.37,417.56,381.56,333.19,1685.98,1894.8,0
BS_202511_BU03_APAC,2025-11-30,BU03,Asia Pacific,USD,67.51,229.6,91.94,96.48,886.85,1107.53,0
BS_202511_BU03_EU,2025-11-30,BU03,Europe,USD,74.64,249.0,104.5,109.85,1087.91,1257.97,0
BS_202511_BU03_LATAM,2025-11-30,BU03,Latin America,USD,26.59,94.72,37.77,42.39,351.04,416.15,0
BS_202511_BU03_NA,2025-11-30,BU03,North America,USD,137.92,454.33,206.52,211.61,2058.74,2453.0,0
BS_202511_BU04_APAC,2025-11-30,BU04,Asia Pacific,USD,59.45,290.4,261.26,167.7,2192.14,1645.16,0
BS_202511_BU04_EU,2025-11-30,BU04,Europe,USD,52.25,295.47,285.96,140.35,2821.73,1693.32,0
BS_202511_BU04_LATAM,2025-11-30,BU04,Latin America,USD,24.55,128.56,108.72,69.33,910.25,662.0,0
BS_202511_BU04_NA,2025-11-30,BU04,North America,USD,80.36,397.67,378.61,231.9,3353.93,2442.21,0
BS_202511_BU05_APAC,2025-11-30,BU05,Asia Pacific,USD,113.79,244.64,1.62,74.94,389.59,1412.94,0
BS_202511_BU05_EU,2025-11-30,BU05,Europe,USD,68.79,153.73,1.02,51.36,252.43,865.41,0
BS_202511_BU05_LATAM,2025-11-30,BU05,Latin America,USD,37.76,86.4,0.55,27.42,128.76,445.19,0
BS_202511_BU05_NA,2025-11-30,BU05,North America,USD,133.36,273.52,2.07,97.49,506.82,1780.73,0
BS_202512_BU01_APAC,2025-12-31,BU01,Asia Pacific,USD,170.43,456.16,7.18,153.2,957.56,2430.77,0
BS_202512_BU01_EU,2025-12-31,BU01,Europe,USD,109.23,312.76,4.83,113.33,676.42,1552.82,0
BS_202512_BU01_LATAM,2025-12-31,BU01,Latin America,USD,49.21,144.72,2.2,49.87,297.01,682.45,0
BS_202512_BU01_NA,2025-12-31,BU01,North America,USD,170.89,436.46,7.66,167.93,1121.34,2587.49,0
BS_202512_BU02_APAC,2025-12-31,BU02,Asia Pacific,USD,74.42,294.74,234.32,179.23,1011.29,1197.0,0
BS_202512_BU02_EU,2025-12-31,BU02,Europe,USD,77.8,314.79,242.96,184.07,1123.11,1250.22,0
BS_202512_BU02_LATAM,2025-12-31,BU02,Latin America,USD,36.86,167.68,125.6,102.06,521.81,579.96,0
BS_202512_BU02_NA,2025-12-31,BU02,North America,USD,110.85,419.74,365.83,267.49,1690.79,1897.38,0
BS_202512_BU03_APAC,2025-12-31,BU03,Asia Pacific,USD,68.37,213.43,87.89,80.11,887.62,1098.42,0
BS_202512_BU03_EU,2025-12-31,BU03,Europe,USD,77.28,253.3,104.2,109.56,1088.73,1254.94,0
BS_202512_BU03_LATAM,2025-12-31,BU03,Latin America,USD,26.27,90.38,36.31,35.33,351.33,415.79,0
BS_202512_BU03_NA,2025-12-31,BU03,North America,USD,141.58,443.0,198.22,188.14,2060.72,2443.86,0
BS_202512_BU04_APAC,2025-12-31,BU04,Asia Pacific,USD,60.03,256.42,238.09,105.06,2193.62,1634.73,0
BS_202512_BU04_EU,2025-12-31,BU04,Europe,USD,52.87,274.72,264.73,106.65,2821.27,1652.51,0
BS_202512_BU04_LATAM,2025-12-31,BU04,Latin America,USD,24.07,114.19,99.52,47.35,910.71,656.47,0
BS_202512_BU04_NA,2025-12-31,BU04,North America,USD,82.1,383.09,355.87,189.49,3356.02,2427.97,0
BS_202512_BU05_APAC,2025-12-31,BU05,Asia Pacific,USD,117.29,246.08,1.66,75.65,392.76,1430.18,0
BS_202512_BU05_EU,2025-12-31,BU05,Europe,USD,72.58,160.69,1.11,55.6,254.7,879.36,0
BS_202512_BU05_LATAM,2025-12-31,BU05,Latin America,USD,37.45,86.17,0.55,27.24,129.7,445.93,0
BS_202512_BU05_NA,2025-12-31,BU05,North America,USD,138.48,269.31,2.05,96.0,510.35,1791.36,0
