performance_id,period_end,business_unit_id,region,currency_code,revenue_usd_m,cogs_usd_m,operating_expense_usd_m,depreciation_amortization_usd_m,capex_usd_m,effective_tax_rate,financial_outlier_flag,balance_id,cash_usd_m,accounts_receivable_usd_m,inventory_usd_m,accounts_payable_usd_m,net_fixed_assets_usd_m,total_debt_usd_m,balance_outlier_flag,year,ebitda_usd_m,ebitda_margin,ebit_usd_m,nopat_usd_m,net_working_capital_usd_m,invested_capital_usd_m,net_debt_usd_m,change_nwc_usd_m,free_cash_flow_usd_m,revenue_growth_yoy,ttm_nopat_usd_m,ttm_ebitda_usd_m,avg_invested_capital_usd_m,wacc,roic,roic_wacc_spread,economic_profit_usd_m,net_debt_to_ebitda,value_creation_flag
FP_202101_BU01_APAC,2021-01-31,BU01,Asia Pacific,USD,100.53,40.36,29.65,5.17,6.24,0.2231,0,BS_202101_BU01_APAC,68.57,167.5,2.71,55.27,691.18,772.43,0,2021,30.520000000000003,0.3035909678702875,25.35,19.694415000000003,114.94,806.1199999999999,703.8599999999999,0.0,18.624415,,,,,0.091,,,,,Not Available
FP_202102_BU01_APAC,2021-02-28,BU01,Asia Pacific,USD,103.18,41.03,30.03,5.23,6.68,0.226,0,BS_202102_BU01_APAC,68.02,183.84,2.92,62.01,692.63,786.05,0,2021,32.120000000000005,0.31130063965884863,26.890000000000004,20.812860000000004,124.75,817.38,718.03,9.810000000000002,9.552860000000003,,,,,0.091,,,,,Not Available
FP_202103_BU01_APAC,2021-03-31,BU01,Asia Pacific,USD,109.65,43.83,31.55,5.29,7.46,0.2294,0,BS_202103_BU01_APAC,67.09,178.94,2.82,59.76,694.8,796.4,0,2021,34.27000000000001,0.31253989968080265,28.98000000000001,22.331988000000006,122.0,816.8,729.31,-2.75,22.911988000000004,,,,,0.091,,,,,Not Available
FP_202104_BU01_APAC,2021-04-30,BU01,Asia Pacific,USD,109.63,43.93,32.22,5.36,7.32,0.2286,0,BS_202104_BU01_APAC,65.99,187.39,2.89,62.55,696.76,808.84,0,2021,33.47999999999999,0.30539086016601286,28.11999999999999,21.691767999999993,127.72999999999998,824.49,742.85,5.729999999999976,14.001768000000016,,,,,0.091,,,,,Not Available
FP_202105_BU01_APAC,2021-05-31,BU01,Asia Pacific,USD,111.23,44.35,32.55,5.43,7.52,0.2253,0,BS_202105_BU01_APAC,65.18,185.04,2.82,61.14,698.85,821.27,0,2021,34.33,0.308639755461656,28.9,22.38883,126.71999999999998,825.57,756.0899999999999,-1.009999999999991,21.30882999999999,,,,,0.091,,,,,Not Available
FP_202106_BU01_APAC,2021-06-30,BU01,Asia Pacific,USD,117.82,46.81,34.03,5.5,8.0,0.219,0,BS_202106_BU01_APAC,65.38,196.76,2.99,66.13,701.35,835.79,0,2021,36.97999999999999,0.3138686131386861,31.47999999999999,24.585879999999992,133.62,834.97,770.41,6.90000000000002,15.185879999999973,,,,,0.091,,,,,Not Available
FP_202107_BU01_APAC,2021-07-31,BU01,Asia Pacific,USD,110.97,44.19,32.45,5.57,7.5,0.2304,0,BS_202107_BU01_APAC,66.58,182.67,2.83,60.25,703.28,844.92,0,2021,34.33,0.30936289087140667,28.759999999999998,22.133696,125.25,828.53,778.3399999999999,-8.370000000000005,28.573696000000005,,,,,0.091,,,,,Not Available
FP_202108_BU01_APAC,2021-08-31,BU01,Asia Pacific,USD,110.63,44.0,33.14,5.64,7.29,0.2276,0,BS_202108_BU01_APAC,68.8,179.66,2.83,59.68,704.93,853.82,0,2021,33.489999999999995,0.3027207809816505,27.849999999999994,21.511339999999993,122.81,827.74,785.0200000000001,-2.4399999999999977,22.301339999999993,,,,,0.091,,,,,Not Available
FP_202109_BU01_APAC,2021-09-30,BU01,Asia Pacific,USD,120.62,47.84,34.92,5.71,7.76,0.2229,0,BS_202109_BU01_APAC,71.73,193.67,3.08,66.22,706.98,866.34,0,2021,37.86,0.31387829547338747,32.15,24.983765,130.53,837.51,794.61,7.719999999999999,15.213765000000002,,,,,0.091,,,,,Not Available
FP_202110_BU01_APAC,2021-10-31,BU01,Asia Pacific,USD,115.45,45.96,33.92,5.78,7.03,0.2259,0,BS_202110_BU01_APAC,74.64,184.57,2.99,61.77,708.23,873.57,0,2021,35.57000000000001,0.3080987440450412,29.790000000000006,23.060439000000006,125.78999999999999,834.02,798.9300000000001,-4.740000000000009,26.550439000000015,,,,,0.091,,,,,Not Available
FP_202111_BU01_APAC,2021-11-30,BU01,Asia Pacific,USD,123.45,48.97,35.64,5.85,7.27,0.2264,0,BS_202111_BU01_APAC,77.56,204.41,3.26,68.84,709.65,885.88,0,2021,38.84,0.31462130417172945,32.99,25.521064000000003,138.82999999999998,848.48,808.3199999999999,13.039999999999992,11.061064000000012,,,,,0.091,,,,,Not Available
FP_202112_BU01_APAC,2021-12-31,BU01,Asia Pacific,USD,127.94,50.45,37.07,5.92,7.9,0.2192,0,BS_202112_BU01_APAC,79.33,207.95,3.28,68.92,711.63,897.88,0,2021,40.419999999999995,0.31592934187900573,34.49999999999999,26.937599999999993,142.31,853.94,818.55,3.480000000000018,21.477599999999974,,275.653645,422.21,829.6291666666666,0.091,0.3322612753690153,0.2412612753690153,200.15739083333332,1.9387271736813434,Strong Creator
FP_202201_BU01_APAC,2022-01-31,BU01,Asia Pacific,USD,121.6,48.1,35.5,5.99,7.81,0.2196,0,BS_202201_BU01_APAC,80.17,198.64,3.21,65.4,713.45,915.12,0,2022,38.0,0.3125,32.01,24.980604,136.45,849.9000000000001,834.95,-5.860000000000014,29.020604000000016,0.20958917735999205,280.939834,429.69,833.2775000000001,0.098,0.33715038987612167,0.23915038987612167,199.278639,1.9431450580651168,Strong Creator
FP_202202_BU01_APAC,2022-02-28,BU01,Asia Pacific,USD,119.6,47.62,35.81,6.06,7.69,0.2252,0,BS_202202_BU01_APAC,79.6,215.07,3.4,72.17,715.08,928.03,0,2022,36.16999999999999,0.3024247491638795,30.10999999999999,23.32922799999999,146.3,861.3800000000001,848.43,9.850000000000023,11.849227999999965,0.15913936809459184,283.45620199999996,433.74,836.9441666666667,0.098,0.33867994221040226,0.24067994221040226,201.43567366666662,1.9560796790704107,Strong Creator
FP_202203_BU01_APAC,2022-03-31,BU01,Asia Pacific,USD,130.18,51.98,37.78,6.14,8.77,0.2267,0,BS_202203_BU01_APAC,78.49,212.39,3.36,70.94,717.71,940.94,0,2022,40.420000000000016,0.3104931633123369,34.280000000000015,26.50872400000001,144.81,862.52,862.45,-1.490000000000009,25.368724000000018,0.18723210214318287,287.63293799999997,439.89,840.7541666666667,0.098,0.34211300925260546,0.24411300925260546,205.23902966666662,1.9606037873104643,Strong Creator
FP_202204_BU01_APAC,2022-04-30,BU01,Asia Pacific,USD,130.84,52.41,37.62,6.22,9.05,0.2251,0,BS_202204_BU01_APAC,77.24,216.41,3.46,73.26,720.54,956.9,0,2022,40.81000000000001,0.3119076734943443,34.59000000000001,26.80379100000001,146.61,867.15,879.66,1.8000000000000114,22.173790999999998,0.19346894098330747,292.744961,447.22,844.3091666666668,0.098,0.3467272091285676,0.24872720912856758,210.00266266666665,1.966951388578328,Strong Creator
FP_202205_BU01_APAC,2022-05-31,BU01,Asia Pacific,USD,127.85,51.36,37.98,6.3,8.57,0.2315,0,BS_202205_BU01_APAC,76.21,205.48,3.3,69.1,722.81,965.59,0,2022,38.51,0.30121235823230347,32.21,24.753384999999998,139.68,862.49,889.38,-6.930000000000007,29.413385000000005,0.14942012047109587,295.109516,451.4,847.3858333333333,0.098,0.34825873219892944,0.25025873219892947,212.06570433333331,1.9702702702702704,Strong Creator
FP_202206_BU01_APAC,2022-06-30,BU01,Asia Pacific,USD,133.82,53.46,39.04,6.38,9.21,0.2246,0,BS_202206_BU01_APAC,76.17,220.46,3.45,74.72,725.64,975.13,0,2022,41.319999999999986,0.3087729786280077,34.93999999999998,27.092475999999987,149.19,874.8299999999999,898.96,9.509999999999991,14.752475999999994,0.1358003734510269,297.616112,455.74,850.7075,0.098,0.34984540749905224,0.25184540749905227,214.24677699999998,1.9725281959011718,Strong Creator
FP_202207_BU01_APAC,2022-07-31,BU01,Asia Pacific,USD,126.67,50.7,37.69,6.46,8.39,0.2231,0,BS_202207_BU01_APAC,77.41,204.02,3.24,68.21,727.57,983.02,0,2022,38.28,0.3022025736164838,31.82,24.720958000000003,139.05,866.6200000000001,905.61,-10.139999999999986,32.93095799999999,0.14147967919257454,300.203374,459.69,853.8816666666667,0.098,0.351574914556857,0.253574914556857,216.52297066666665,1.970045030346538,Strong Creator
FP_202208_BU01_APAC,2022-08-31,BU01,Asia Pacific,USD,129.17,51.41,38.09,6.54,8.53,0.2275,0,BS_202208_BU01_APAC,80.01,207.99,3.28,69.54,729.56,997.75,0,2022,39.66999999999999,0.30711465510567465,33.12999999999999,25.59292499999999,141.73000000000002,871.29,917.74,2.680000000000007,20.922924999999985,0.16758564584651525,304.28495899999996,465.87,857.5108333333333,0.098,0.3548467811388194,0.2568467811388194,220.24889733333328,1.9699486981346728,Strong Creator
FP_202209_BU01_APAC,2022-09-30,BU01,Asia Pacific,USD,142.37,56.84,41.23,6.62,8.97,0.227,0,BS_202209_BU01_APAC,83.62,232.71,3.61,79.64,731.91,1013.72,0,2022,44.300000000000004,0.3111610592119126,37.68000000000001,29.126640000000005,156.68,888.5899999999999,930.1,14.949999999999989,11.826640000000019,0.18031835516498096,308.42783399999996,472.31,861.7674999999999,0.098,0.35790144557551773,0.25990144557551775,223.97461899999996,1.9692574791979844,Strong Creator
FP_202210_BU01_APAC,2022-10-31,BU01,Asia Pacific,USD,135.49,53.74,39.99,6.7,8.24,0.2241,0,BS_202210_BU01_APAC,87.32,217.61,3.48,72.42,733.45,1024.28,0,2022,41.76,0.3082146283858587,35.059999999999995,27.203053999999998,148.67000000000002,882.1200000000001,936.96,-8.009999999999991,33.673053999999986,0.17358163707232577,312.570449,478.5,865.7758333333335,0.098,0.36102930685483436,0.2630293068548344,227.7244173333333,1.9581191222570533,Strong Creator
FP_202211_BU01_APAC,2022-11-30,BU01,Asia Pacific,USD,137.39,54.49,40.22,6.78,8.51,0.2275,0,BS_202211_BU01_APAC,90.16,233.3,3.67,77.39,735.18,1036.94,0,2022,42.67999999999998,0.3106485188150519,35.89999999999998,27.73274999999998,159.57999999999998,894.76,946.7800000000001,10.909999999999968,15.092750000000017,0.11292021061158342,314.782135,482.3399999999999,869.6325,0.098,0.36197144770923345,0.2639714477092334,229.55814999999996,1.9628892482481242,Strong Creator
FP_202212_BU01_APAC,2022-12-31,BU01,Asia Pacific,USD,148.54,58.64,42.51,6.86,9.05,0.2204,0,BS_202212_BU01_APAC,92.3,240.76,3.79,80.14,737.37,1052.02,0,2022,47.38999999999999,0.3190386427898209,40.529999999999994,31.597187999999992,164.40999999999997,901.78,959.72,4.829999999999984,24.57718800000001,0.16101297483195243,319.44172299999997,489.30999999999995,873.6191666666667,0.098,0.36565329057379115,0.26765329057379117,233.8270446666666,1.9613741799677098,Strong Creator
FP_202301_BU01_APAC,2023-01-31,BU01,Asia Pacific,USD,137.63,54.15,40.83,6.95,8.78,0.2235,0,BS_202301_BU01_APAC,92.77,233.13,3.63,75.16,739.2,1065.03,0,2023,42.64999999999999,0.30988883237666204,35.69999999999999,27.72104999999999,161.6,900.8000000000001,972.26,-2.809999999999974,28.701049999999967,0.13182565789473677,322.18216899999993,493.96,877.8608333333333,0.104,0.3670082509281558,0.26300825092815583,230.88464233333326,1.9682970280994414,Strong Creator
FP_202302_BU01_APAC,2023-02-28,BU01,Asia Pacific,USD,138.74,55.09,41.73,7.03,8.97,0.2234,0,BS_202302_BU01_APAC,92.12,245.51,3.94,82.86,741.14,1078.59,0,2023,41.92000000000001,0.3021479025515353,34.89000000000001,27.095574000000003,166.58999999999997,907.73,986.4699999999999,4.989999999999981,20.16557400000002,0.16003344481605364,325.948515,499.71,881.7233333333334,0.104,0.36967209857967537,0.2656720985796754,234.2492883333333,1.9740849692821836,Strong Creator
FP_202303_BU01_APAC,2023-03-31,BU01,Asia Pacific,USD,150.05,60.15,43.42,7.12,10.1,0.2228,0,BS_202303_BU01_APAC,90.63,247.2,3.89,82.56,744.12,1091.11,0,2023,46.480000000000004,0.3097634121959347,39.36000000000001,30.590592000000004,168.52999999999997,912.65,1000.4799999999999,1.9399999999999977,25.670592000000006,0.15263481333538187,330.030383,505.7699999999999,885.9008333333333,0.104,0.3725364855547226,0.2685364855547226,237.89669633333332,1.9781323526504144,Strong Creator
FP_202304_BU01_APAC,2023-04-30,BU01,Asia Pacific,USD,142.67,57.05,41.33,7.21,9.64,0.2278,0,BS_202304_BU01_APAC,88.5,238.12,3.85,79.75,746.55,1100.2,0,2023,44.28999999999999,0.31043667204037284,37.07999999999999,28.63317599999999,162.22,908.77,1011.7,-6.309999999999974,32.513175999999966,0.09041577499235687,331.859768,509.24999999999994,889.3691666666667,0.104,0.37314062645526835,0.2691406264552684,239.36537466666664,1.9866470299459993,Strong Creator
FP_202305_BU01_APAC,2023-05-31,BU01,Asia Pacific,USD,149.97,59.68,43.74,7.3,10.33,0.226,0,BS_202305_BU01_APAC,87.49,238.68,3.82,80.25,749.58,1116.02,0,2023,46.54999999999999,0.3103954124158164,39.24999999999999,30.379499999999997,162.25,911.83,1028.53,0.030000000000001137,27.319499999999998,0.17301525224872893,337.48588299999994,517.29,893.4808333333334,0.104,0.3777203387127311,0.2737203387127311,244.56387633333327,1.9883044327166581,Strong Creator
FP_202306_BU01_APAC,2023-06-30,BU01,Asia Pacific,USD,153.78,60.77,44.38,7.39,10.25,0.2261,0,BS_202306_BU01_APAC,87.53,246.65,3.93,83.64,752.44,1132.56,0,2023,48.62999999999999,0.316230979321108,41.23999999999999,31.915635999999992,166.94,919.3800000000001,1045.03,4.689999999999998,24.365635999999995,0.14915558212524282,342.309043,524.5999999999999,897.1933333333333,0.104,0.3815331994590538,0.2775331994590538,249.0009363333333,1.9920510865421277,Strong Creator
FP_202307_BU01_APAC,2023-07-31,BU01,Asia Pacific,USD,145.2,57.46,43.04,7.49,9.88,0.2284,0,BS_202307_BU01_APAC,88.97,229.08,3.69,76.32,754.83,1143.68,0,2023,44.69999999999998,0.3078512396694214,37.20999999999998,28.711235999999985,156.45000000000002,911.2800000000001,1054.71,-10.48999999999998,36.811235999999965,0.14628562406252454,346.29932099999996,531.02,900.915,0.104,0.38438623066549005,0.28038623066549007,252.60416099999998,1.986196376784302,Strong Creator
FP_202308_BU01_APAC,2023-08-31,BU01,Asia Pacific,USD,146.46,57.86,43.65,7.58,9.85,0.2222,0,BS_202308_BU01_APAC,91.75,232.1,3.69,77.41,757.1,1156.85,0,2023,44.95000000000001,0.30690973644681147,37.37000000000001,29.066386000000012,158.38,915.48,1065.1,1.9299999999999784,24.866386000000034,0.13385461020360778,349.77278199999995,536.3,904.5975,0.104,0.38666122999455554,0.28266122999455556,255.69464199999996,1.986015289949655,Strong Creator
FP_202309_BU01_APAC,2023-09-30,BU01,Asia Pacific,USD,166.12,65.05,47.47,7.67,10.26,0.2255,0,BS_202309_BU01_APAC,95.82,267.3,4.1,90.48,759.69,1177.31,0,2023,53.60000000000001,0.32265831928726224,45.93000000000001,35.572785,180.92000000000002,940.6100000000001,1081.49,22.54000000000002,10.442784999999986,0.16681885228629634,356.21892699999995,545.5999999999999,908.9325,0.104,0.39190910986239347,0.2879091098623935,261.68994699999996,1.982203079178886,Strong Creator
FP_202310_BU01_APAC,2023-10-31,BU01,Asia Pacific,USD,164.98,64.77,47.43,7.77,10.28,0.2269,0,BS_202310_BU01_APAC,100.43,264.02,4.11,87.54,762.2,1196.09,0,2023,52.779999999999994,0.3199175657655473,45.00999999999999,34.797231,180.58999999999997,942.79,1095.6599999999999,-0.3300000000000409,32.61723100000003,0.217654439442025,363.81310399999995,556.6199999999999,913.9883333333333,0.104,0.3980500524259062,0.2940500524259062,268.7583173333333,1.9684165139592542,Strong Creator
FP_202311_BU01_APAC,2023-11-30,BU01,Asia Pacific,USD,167.27,66.02,48.0,7.86,10.19,0.2275,0,BS_202311_BU01_APAC,104.5,271.76,4.38,91.45,764.53,1213.03,0,2023,53.250000000000014,0.3183475817540504,45.390000000000015,35.06377500000001,184.69,949.22,1108.53,4.100000000000023,28.633774999999986,0.21748307737098793,371.14412899999996,567.19,918.5266666666666,0.104,0.40406462051546316,0.3000646205154632,275.61735566666664,1.9544244433082387,Strong Creator
FP_202312_BU01_APAC,2023-12-31,BU01,Asia Pacific,USD,177.41,70.05,51.43,7.96,11.39,0.2247,0,BS_202312_BU01_APAC,107.26,277.01,4.52,93.49,767.96,1226.33,0,2023,55.93,0.3152584408996111,47.97,37.191141,188.03999999999996,956.0,1119.07,3.349999999999966,30.411141000000036,0.1943584219738792,376.73808199999996,575.73,923.0450000000001,0.104,0.40814703725170487,0.3041470372517049,280.741402,1.9437409897000328,Strong Creator
FP_202401_BU01_APAC,2024-01-31,BU01,Asia Pacific,USD,163.72,64.21,47.48,8.07,11.93,0.2278,0,BS_202401_BU01_APAC,108.25,264.8,4.31,86.6,771.82,1244.48,0,2024,52.03000000000001,0.31779868067432204,43.96000000000001,33.94591200000001,182.51000000000002,954.33,1136.23,-5.529999999999944,35.61591199999995,0.18956622829324998,382.962944,585.11,927.5058333333333,0.101,0.41289545600342137,0.3118954560034214,289.2848548333333,1.941908359111962,Strong Creator
FP_202402_BU01_APAC,2024-02-29,BU01,Asia Pacific,USD,162.14,63.94,48.46,8.18,12.59,0.2213,0,BS_202402_BU01_APAC,107.55,281.43,4.48,93.25,776.23,1261.89,0,2024,49.73999999999999,0.30677192549648447,41.55999999999999,32.362771999999985,192.66000000000003,968.8900000000001,1154.3400000000001,10.150000000000006,17.80277199999998,0.1686608043822977,388.230142,592.93,932.6025,0.101,0.4162868338868918,0.3152868338868918,294.0372895,1.946840267822509,Strong Creator
FP_202403_BU01_APAC,2024-03-31,BU01,Asia Pacific,USD,174.34,68.71,50.7,8.31,14.2,0.2277,0,BS_202403_BU01_APAC,105.87,277.1,4.47,92.44,782.12,1274.63,0,2024,54.93000000000001,0.3150739933463348,46.620000000000005,36.004626,189.13000000000005,971.25,1168.7600000000002,-3.5299999999999727,33.644625999999974,0.16187937354215265,393.64417599999996,601.38,937.4858333333335,0.101,0.41989346612348794,0.3188934661234879,298.95810683333326,1.9434633675878816,Strong Creator
FP_202404_BU01_APAC,2024-04-30,BU01,Asia Pacific,USD,178.22,69.75,51.86,8.44,14.43,0.2255,0,BS_202404_BU01_APAC,104.55,292.8,4.64,97.36,788.11,1294.34,0,2024,56.61,0.3176411177196723,48.17,37.307665,200.07999999999998,988.19,1189.79,10.949999999999932,20.367665000000066,0.24917642111165628,402.318665,613.6999999999999,944.1041666666666,0.101,0.4261380038396187,0.32513800383961866,306.96414416666664,1.9387159850089621,Strong Creator
FP_202405_BU01_APAC,2024-05-31,BU01,Asia Pacific,USD,177.93,70.35,51.38,8.57,14.49,0.2304,0,BS_202405_BU01_APAC,103.45,285.69,4.54,94.87,794.03,1306.33,0,2024,56.20000000000001,0.31585454954195474,47.63000000000001,36.65604800000001,195.36,989.39,1202.8799999999999,-4.71999999999997,35.45604799999998,0.18643728745749155,408.595213,623.35,950.5675000000001,0.101,0.4298434493079134,0.3288434493079134,312.5878955,1.929702414373947,Strong Creator
FP_202406_BU01_APAC,2024-06-30,BU01,Asia Pacific,USD,200.28,78.7,57.17,8.71,15.73,0.2288,0,BS_202406_BU01_APAC,104.67,321.89,5.02,109.16,801.05,1333.93,0,2024,64.41,0.3215997603355302,55.699999999999996,42.955839999999995,217.74999999999997,1018.8,1229.26,22.389999999999958,13.545840000000041,0.3023800234100664,419.63541699999996,639.13,958.8525,0.101,0.43764334660440474,0.33664334660440476,322.79131449999994,1.9233332811791028,Strong Creator
FP_202407_BU01_APAC,2024-07-31,BU01,Asia Pacific,USD,188.15,73.83,55.18,8.78,15.16,0.2265,0,BS_202407_BU01_APAC,107.48,299.95,4.71,98.9,807.43,1354.05,0,2024,59.14000000000001,0.31432367791655597,50.36000000000001,38.95346000000001,205.75999999999996,1013.1899999999999,1246.57,-11.990000000000009,44.56346000000002,0.2957988980716255,429.877641,653.57,967.3450000000001,0.101,0.4443891693242844,0.3433891693242844,332.175796,1.9073243875942896,Strong Creator
FP_202408_BU01_APAC,2024-08-31,BU01,Asia Pacific,USD,187.87,73.44,54.89,8.76,14.53,0.2251,0,BS_202408_BU01_APAC,111.93,303.59,4.7,99.33,813.2,1380.47,0,2024,59.540000000000006,0.31692127534997605,50.78000000000001,39.34942200000001,208.95999999999998,1022.1600000000001,1268.54,3.200000000000017,30.37942199999999,0.28273931448859746,440.1606770000001,668.1600000000001,976.2350000000001,0.101,0.4508757389358095,0.3498757389358095,341.56094200000007,1.898557231800766,Strong Creator
FP_202409_BU01_APAC,2024-09-30,BU01,Asia Pacific,USD,204.01,80.37,59.16,8.75,15.28,0.2243,0,BS_202409_BU01_APAC,117.38,332.93,5.09,112.23,819.73,1401.47,0,2024,64.47999999999999,0.31606293809127,55.72999999999999,43.229760999999996,225.78999999999996,1045.52,1284.0900000000001,16.829999999999984,19.86976100000001,0.22808812906332765,447.81765300000006,679.0400000000001,984.9775,0.101,0.4546475965187023,0.35364759651870226,348.33492550000005,1.8910373468426014,Strong Creator
FP_202410_BU01_APAC,2024-10-31,BU01,Asia Pacific,USD,202.66,80.12,58.73,8.74,14.81,0.224,0,BS_202410_BU01_APAC,123.12,322.24,5.07,107.67,825.8,1417.35,0,2024,63.809999999999995,0.31486233099773014,55.06999999999999,42.73432,219.64,1045.44,1294.23,-6.149999999999977,42.814319999999974,0.2283913201600194,455.754742,690.07,993.5316666666666,0.101,0.45872190820960246,0.3577219082096025,355.4080436666667,1.8755053835118176,Strong Creator
FP_202411_BU01_APAC,2024-11-30,BU01,Asia Pacific,USD,214.78,84.28,61.67,8.74,15.83,0.2243,0,BS_202411_BU01_APAC,128.74,356.4,5.51,118.68,832.89,1448.64,0,2024,68.83,0.3204674550703045,60.089999999999996,46.611813,243.22999999999996,1076.12,1319.9,23.589999999999975,15.931813000000027,0.2840318048663837,467.30278,705.65,1004.1066666666667,0.101,0.4653915719445477,0.36439157194454774,365.8880066666666,1.870474031035216,Strong Creator
FP_202412_BU01_APAC,2024-12-31,BU01,Asia Pacific,USD,224.6,87.93,64.01,8.75,16.92,0.225,0,BS_202412_BU01_APAC,132.81,357.79,5.64,118.81,841.06,1479.87,0,2024,72.65999999999998,0.3235084594835262,63.90999999999998,49.53024999999999,244.62,1085.6799999999998,1347.06,1.3900000000000432,39.97024999999994,0.26599402513950743,479.641889,722.38,1014.9133333333333,0.101,0.47259393807024574,0.37159393807024577,377.1356423333333,1.8647526232730696,Strong Creator
FP_202501_BU01_APAC,2025-01-31,BU01,Asia Pacific,USD,208.64,81.55,61.28,8.76,15.98,0.2246,0,BS_202501_BU01_APAC,134.77,337.1,5.45,109.97,848.28,1476.81,0,2025,65.80999999999999,0.31542369631901834,57.04999999999999,44.23656999999999,232.58,1080.86,1342.04,-12.039999999999992,49.05656999999998,0.27437087710725616,489.932547,736.16,1025.4575,0.099,0.4777697242450321,0.3787697242450321,388.4122545,1.8230276026950663,Strong Creator
FP_202502_BU01_APAC,2025-02-28,BU01,Asia Pacific,USD,215.24,83.82,63.13,8.78,16.89,0.2252,0,BS_202502_BU01_APAC,135.26,383.98,5.97,126.99,856.39,1500.72,0,2025,68.29000000000002,0.3172737409403457,59.51000000000002,46.108348000000014,262.96000000000004,1119.35,1365.46,30.380000000000024,7.61834799999999,0.3274947576168745,503.678123,754.71,1037.9958333333332,0.099,0.48524098731931337,0.38624098731931333,400.9165355,1.809251235573929,Strong Creator
FP_202503_BU01_APAC,2025-03-31,BU01,Asia Pacific,USD,238.53,93.46,67.93,8.81,19.08,0.2274,0,BS_202503_BU01_APAC,135.01,384.97,6.05,127.2,866.66,1529.4,0,2025,77.13999999999999,0.32339747620844334,68.32999999999998,52.79175799999999,263.82000000000005,1130.48,1394.39,0.8600000000000136,41.66175799999998,0.3681885969943788,520.4652550000001,776.92,1051.265,0.099,0.4950847360085231,0.3960847360085231,416.39002000000005,1.794766513926788,Strong Creator
FP_202504_BU01_APAC,2025-04-30,BU01,Asia Pacific,USD,227.09,89.37,66.08,8.85,18.22,0.2297,0,BS_202504_BU01_APAC,133.52,382.02,6.06,125.66,876.03,1602.66,0,2025,71.64,0.31546963758862123,62.79,48.367137,262.41999999999996,1138.4499999999998,1469.14,-1.400000000000091,40.39713700000009,0.2742116485242958,531.524727,791.95,1063.7866666666666,0.099,0.4996534960017046,0.40065349600170463,426.20984699999997,1.8550918618599659,Strong Creator
FP_202505_BU01_APAC,2025-05-31,BU01,Asia Pacific,USD,236.13,92.57,69.96,8.89,18.96,0.2246,0,BS_202505_BU01_APAC,133.29,373.74,6.01,123.97,886.1,1702.64,0,2025,73.60000000000001,0.3116927116418922,64.71000000000001,50.176134000000005,255.78,1141.88,1569.3500000000001,-6.639999999999958,46.74613399999996,0.32709492497049397,545.044813,809.35,1076.4941666666666,0.099,0.5063146925242666,0.40731469252426666,438.4718905,1.9390251436337802,Strong Creator
FP_202506_BU01_APAC,2025-06-30,BU01,Asia Pacific,USD,244.83,95.43,71.59,8.94,19.15,0.2264,0,BS_202506_BU01_APAC,134.07,380.94,6.23,129.1,896.31,1814.26,0,2025,77.81,0.31781235959645465,68.87,53.27783200000001,258.07000000000005,1154.38,1680.19,2.290000000000049,40.77783199999996,0.2224385859796285,555.366805,822.75,1087.7925,0.099,0.5105448005938632,0.4115448005938632,447.6753475,2.042163476147068,Strong Creator
FP_202507_BU01_APAC,2025-07-31,BU01,Asia Pacific,USD,234.7,91.1,70.43,9.05,19.13,0.2275,0,BS_202507_BU01_APAC,137.23,368.64,5.87,120.88,906.39,1934.65,0,2025,73.16999999999999,0.3117596932253941,64.11999999999999,49.53269999999999,253.63,1160.02,1797.42,-4.440000000000055,43.89270000000005,0.24740898219505714,565.9460449999999,836.78,1100.0283333333332,0.099,0.5144831527066727,0.4154831527066727,457.0432399999999,2.148019790147948,Strong Creator
FP_202508_BU01_APAC,2025-08-31,BU01,Asia Pacific,USD,245.82,95.75,72.53,9.23,19.15,0.2236,0,BS_202508_BU01_APAC,143.18,382.05,6.03,127.13,916.31,2065.13,0,2025,77.53999999999999,0.31543405744040354,68.30999999999999,53.03588399999999,260.95,1177.26,1921.95,7.319999999999993,35.795883999999994,0.3084579762601798,579.6325069999999,854.78,1112.9533333333331,0.099,0.5208057603493408,0.4218057603493408,469.45012699999995,2.248473291373219,Strong Creator
FP_202509_BU01_APAC,2025-09-30,BU01,Asia Pacific,USD,264.91,103.9,77.26,9.41,20.13,0.2243,0,BS_202509_BU01_APAC,150.83,428.38,6.54,144.41,927.03,2218.84,0,2025,83.75000000000001,0.3161451058850176,74.34000000000002,57.66553800000002,290.51,1217.54,2068.01,29.560000000000002,17.385538000000025,0.29851477868731946,594.0682840000001,874.05,1127.2883333333332,0.099,0.5269887627093336,0.4279887627093336,482.4667390000001,2.3660088095646707,Strong Creator
FP_202510_BU01_APAC,2025-10-31,BU01,Asia Pacific,USD,254.53,100.48,74.84,9.59,19.22,0.2272,0,BS_202510_BU01_APAC,158.4,406.04,6.39,134.86,936.66,2324.92,0,2025,79.21000000000001,0.31120103720583037,69.62,53.802336,277.57,1214.23,2166.52,-12.939999999999998,57.112336,0.2559459192736604,605.1363,889.45,1141.3541666666667,0.099,0.5301915195765264,0.43119151957652646,492.14223749999996,2.435797402889426,Strong Creator
FP_202511_BU01_APAC,2025-11-30,BU01,Asia Pacific,USD,266.76,105.76,77.24,9.77,19.54,0.2259,0,BS_202511_BU01_APAC,165.1,441.67,6.9,148.36,946.43,2400.17,0,2025,83.76,0.3139901034637877,73.99000000000001,57.275659000000005,300.21,1246.6399999999999,2235.07,22.639999999999986,24.865659000000015,0.24201508520346393,615.800146,904.38,1155.5641666666666,0.099,0.5329000013701822,0.43390000137018225,501.39929350000006,2.4713837103872267,Strong Creator
FP_202512_BU01_APAC,2025-12-31,BU01,Asia Pacific,USD,286.89,113.3,82.12,9.96,21.09,0.227,0,BS_202512_BU01_APAC,170.43,456.16,7.18,153.2,957.56,2430.77,0,2025,91.46999999999997,0.3188330021959635,81.50999999999996,63.00722999999997,310.14000000000004,1267.7,2260.34,9.930000000000064,41.947229999999905,0.2773374888691007,629.277126,923.1899999999999,1170.7325,0.099,0.537507181187846,0.43850718118784604,513.3746084999999,2.4484017374538287,Strong Creator
FP_202101_BU01_EU,2021-01-31,BU01,Europe,USD,81.72,33.71,24.33,4.1,5.2,0.2524,0,BS_202101_BU01_EU,54.16,137.08,2.24,49.22,548.38,593.09,0,2021,23.68,0.28976994615761137,19.58,14.638008,90.10000000000002,638.48,538.9300000000001,0.0,13.538008000000001,,,,,0.091,,,,,Not Available
FP_202102_BU01_EU,2021-02-28,BU01,Europe,USD,79.26,32.34,23.21,4.15,5.16,0.25565000000000004,0,BS_202102_BU01_EU,55.24,144.0,2.35,52.12,549.39,603.08,0,2021,23.71,0.29914206409285893,19.560000000000002,14.559486000000001,94.22999999999999,643.62,547.84,4.129999999999967,9.419486000000035,,,,,0.091,,,,,Not Available
FP_202103_BU01_EU,2021-03-31,BU01,Europe,USD,84.61,34.51,24.55,4.2,5.48,0.2589,0,BS_202103_BU01_EU,55.47,140.53,2.28,50.3,550.67,609.05,0,2021,25.55,0.30197376196667064,21.35,15.822485,92.51,643.18,553.5799999999999,-1.7199999999999847,16.262484999999984,,,,,0.091,,,,,Not Available
FP_202104_BU01_EU,2021-04-30,BU01,Europe,USD,85.62,34.98,25.14,4.25,6.14,0.2606,0,BS_202104_BU01_EU,55.15,145.55,2.35,52.62,552.56,619.54,0,2021,25.500000000000007,0.2978276103714086,21.250000000000007,15.712250000000006,95.28,647.8399999999999,564.39,2.769999999999996,11.052250000000008,,,,,0.091,,,,,Not Available
FP_202105_BU01_EU,2021-05-31,BU01,Europe,USD,87.67,35.77,25.42,4.31,6.08,0.2566,0,BS_202105_BU01_EU,54.17,141.23,2.31,51.3,554.33,628.98,0,2021,26.479999999999997,0.30204174746207363,22.169999999999998,16.481178,92.24,646.57,574.8100000000001,-3.0400000000000063,17.751178000000003,,,,,0.091,,,,,Not Available
FP_202106_BU01_EU,2021-06-30,BU01,Europe,USD,91.04,37.19,26.8,4.36,6.26,0.2551,0,BS_202106_BU01_EU,53.05,150.65,2.42,55.25,556.23,637.67,0,2021,27.050000000000008,0.2971221441124781,22.69000000000001,16.901781000000007,97.82,654.05,584.62,5.579999999999998,9.421781000000008,,,,,0.091,,,,,Not Available
FP_202107_BU01_EU,2021-07-31,BU01,Europe,USD,84.86,34.75,25.19,4.42,5.69,0.2589,0,BS_202107_BU01_EU,52.39,140.78,2.24,50.28,557.5,644.95,0,2021,24.919999999999998,0.29366014612302616,20.5,15.192549999999999,92.74000000000001,650.24,592.5600000000001,-5.079999999999984,19.00254999999998,,,,,0.091,,,,,Not Available
FP_202108_BU01_EU,2021-08-31,BU01,Europe,USD,90.19,36.9,26.25,4.47,5.76,0.2593,0,BS_202108_BU01_EU,52.65,149.62,2.32,53.93,558.79,656.29,0,2021,27.04,0.2998115090364785,22.57,16.717599,98.00999999999999,656.8,603.64,5.269999999999982,10.157599000000017,,,,,0.091,,,,,Not Available
FP_202109_BU01_EU,2021-09-30,BU01,Europe,USD,95.16,38.68,27.25,4.53,5.94,0.2572,0,BS_202109_BU01_EU,53.65,160.59,2.45,58.3,560.2,664.86,0,2021,29.229999999999997,0.30716687683900795,24.699999999999996,18.34716,104.74,664.94,611.21,6.730000000000004,10.207159999999995,,,,,0.091,,,,,Not Available
FP_202110_BU01_EU,2021-10-31,BU01,Europe,USD,93.45,38.21,27.32,4.58,5.93,0.2566,0,BS_202110_BU01_EU,55.52,154.91,2.43,55.65,561.55,670.69,0,2021,27.92,0.2987693953986089,23.340000000000003,17.350956000000004,101.69,663.24,615.1700000000001,-3.049999999999997,19.050956,,,,,0.091,,,,,Not Available
FP_202111_BU01_EU,2021-11-30,BU01,Europe,USD,95.27,38.92,27.54,4.64,5.79,0.2555,0,BS_202111_BU01_EU,58.04,163.86,2.56,59.0,562.7,678.95,0,2021,28.809999999999995,0.3024036947622546,24.169999999999995,17.994564999999994,107.42000000000002,670.1200000000001,620.9100000000001,5.730000000000018,11.114564999999978,,,,,0.091,,,,,Not Available
FP_202112_BU01_EU,2021-12-31,BU01,Europe,USD,102.32,41.57,29.57,4.69,6.31,0.2556,0,BS_202112_BU01_EU,60.54,170.15,2.65,61.04,564.32,686.91,0,2021,31.179999999999993,0.30473025801407344,26.48999999999999,19.71915599999999,111.76000000000002,676.08,626.37,4.340000000000003,13.75915599999999,,199.437174,321.07,654.5966666666667,0.091,0.30467184474918396,0.21367184474918396,139.86887733333333,1.9508829850188434,Strong Creator
FP_202201_BU01_EU,2022-01-31,BU01,Europe,USD,91.3,37.16,27.3,4.75,5.75,0.2569,0,BS_202201_BU01_EU,62.44,154.64,2.5,54.39,565.32,694.74,0,2022,26.84,0.29397590361445786,22.09,16.415079,102.74999999999999,668.07,632.3,-9.010000000000034,24.425079000000032,0.1172295643661283,201.214245,324.23,657.0625000000001,0.098,0.3062330371920479,0.20823303719204792,136.82211999999998,1.9501588378620114,Strong Creator
FP_202202_BU01_EU,2022-02-28,BU01,Europe,USD,90.05,36.67,26.89,4.8,6.0,0.2565,0,BS_202202_BU01_EU,63.63,163.34,2.65,59.07,566.52,703.51,0,2022,26.489999999999995,0.2941699056079955,21.689999999999994,16.126514999999998,106.92000000000002,673.44,639.88,4.17000000000003,10.756514999999968,0.13613424173605848,202.781274,327.01,659.5475,0.098,0.30745514765805343,0.20945514765805343,138.145619,1.956759732118284,Strong Creator
FP_202203_BU01_EU,2022-03-31,BU01,Europe,USD,100.01,40.95,28.3,4.86,6.58,0.2572,0,BS_202203_BU01_EU,64.13,165.19,2.66,59.72,568.24,714.62,0,2022,30.76,0.30756924307569244,25.900000000000002,19.23852,108.13,676.37,650.49,1.2099999999999795,16.308520000000023,0.18201158255525351,206.197309,332.21999999999997,662.3133333333334,0.098,0.31132894148791607,0.21332894148791606,141.2906023333333,1.958009752573596,Strong Creator
FP_202204_BU01_EU,2022-04-30,BU01,Europe,USD,97.57,40.04,28.73,4.92,6.63,0.2602,0,BS_202204_BU01_EU,63.53,168.39,2.71,60.65,569.95,722.7,0,2022,28.799999999999994,0.2951726965255713,23.879999999999995,17.666423999999996,110.44999999999999,680.4000000000001,659.1700000000001,2.319999999999993,13.636424000000002,0.13957019387993452,208.15148299999998,335.52,665.0266666666668,0.098,0.31299719760611094,0.21499719760611094,142.97886966666664,1.964622079160706,Strong Creator
FP_202205_BU01_EU,2022-05-31,BU01,Europe,USD,95.62,38.78,42.48,4.98,6.61,0.2572,1,BS_202205_BU01_EU,62.15,163.8,2.57,57.32,571.58,727.12,0,2022,14.360000000000007,0.15017778707383397,9.380000000000006,6.967464000000005,109.05000000000001,680.6300000000001,664.97,-1.3999999999999773,6.737463999999982,0.09068096270103809,198.637769,323.4,667.8650000000001,0.098,0.2974220373877954,0.19942203738779538,133.18699899999996,2.0561842918985778,Strong Creator
FP_202206_BU01_EU,2022-06-30,BU01,Europe,USD,104.57,42.37,30.42,5.05,7.05,0.2555,0,BS_202206_BU01_EU,60.99,177.79,2.76,64.12,573.58,737.03,0,2022,31.779999999999994,0.3039112556182461,26.729999999999993,19.900484999999993,116.42999999999998,690.01,676.04,7.379999999999967,10.520485000000026,0.14861599297012296,201.63647299999997,328.12999999999994,670.8616666666667,0.098,0.3005634142160455,0.20256341421604548,135.89202966666664,2.0602809861944964,Strong Creator
FP_202207_BU01_EU,2022-07-31,BU01,Europe,USD,100.14,40.86,29.26,5.11,6.7,0.2594,0,BS_202207_BU01_EU,60.35,163.42,2.61,58.8,575.17,746.63,0,2022,30.02,0.2997803075694028,24.91,18.448345999999997,107.23,682.4,686.28,-9.199999999999974,26.058345999999972,0.18006127739806743,204.892269,333.23,673.5416666666667,0.098,0.304201327312094,0.20620132731209398,138.88518566666664,2.0594784383158777,Strong Creator
FP_202208_BU01_EU,2022-08-31,BU01,Europe,USD,101.05,41.24,29.39,5.17,6.45,0.2578,0,BS_202208_BU01_EU,60.31,166.71,2.63,59.88,576.45,755.45,0,2022,30.419999999999995,0.3010390895596239,25.249999999999993,18.740549999999995,109.46000000000001,685.9100000000001,695.1400000000001,2.230000000000004,15.23054999999999,0.12041246257899996,206.91521999999998,336.60999999999996,675.9675000000001,0.098,0.3061023200079885,0.20810232000798848,140.67040499999996,2.0651198716615675,Strong Creator
FP_202209_BU01_EU,2022-09-30,BU01,Europe,USD,107.83,44.09,31.1,5.23,6.66,0.2564,0,BS_202209_BU01_EU,61.4,183.22,2.8,66.66,577.88,764.57,0,2022,32.63999999999999,0.30269869238616337,27.409999999999993,20.382075999999994,119.36000000000001,697.24,703.1700000000001,9.900000000000006,9.052075999999989,0.13314417822614555,208.95013599999996,340.02,678.6591666666667,0.098,0.30788670699946336,0.20988670699946335,142.44153766666662,2.0680254102699847,Strong Creator
FP_202210_BU01_EU,2022-10-31,BU01,Europe,USD,108.7,44.24,31.6,5.29,6.75,0.2568,0,BS_202210_BU01_EU,63.56,185.34,2.79,65.63,579.34,774.55,0,2022,32.86000000000001,0.3022999080036799,27.570000000000007,20.49002400000001,122.5,701.84,710.99,3.1399999999999864,15.890024000000022,0.16318887105403967,212.089204,344.96,681.8758333333334,0.098,0.31103786588711774,0.21303786588711773,145.26537233333332,2.0610795454545454,Strong Creator
FP_202211_BU01_EU,2022-11-30,BU01,Europe,USD,107.04,43.55,31.27,5.35,6.46,0.2571,0,BS_202211_BU01_EU,66.15,190.98,2.87,67.29,580.45,784.31,0,2022,32.22000000000001,0.3010089686098656,26.87000000000001,19.96172300000001,126.55999999999999,707.01,718.16,4.059999999999988,14.791723000000019,0.12354361288968208,214.056362,348.37,684.9500000000002,0.098,0.3125138506460325,0.21451385064603248,146.931262,2.061486350719063,Strong Creator
FP_202212_BU01_EU,2022-12-31,BU01,Europe,USD,111.65,45.4,32.54,5.41,6.71,0.2575,0,BS_202212_BU01_EU,68.69,185.15,2.91,66.31,581.75,789.2,0,2022,33.71,0.30192566054635017,28.3,21.01275,121.75,703.5,720.51,-4.809999999999988,24.522749999999988,0.09118451915559045,215.349956,350.9,687.235,0.098,0.3133570845489534,0.2153570845489534,148.000926,2.0533200341977773,Strong Creator
FP_202301_BU01_EU,2023-01-31,BU01,Europe,USD,103.98,42.49,31.16,5.48,6.6,0.2569,0,BS_202301_BU01_EU,70.96,175.47,2.81,62.22,582.87,798.39,0,2023,30.330000000000002,0.2916907097518754,24.85,18.466035,116.06,698.9300000000001,727.43,-5.689999999999998,23.036035,0.13888280394304497,217.400912,354.39,689.8066666666667,0.104,0.3151620917938359,0.21116209179383594,145.66101866666668,2.0526256384209485,Strong Creator
FP_202302_BU01_EU,2023-02-28,BU01,Europe,USD,106.86,43.6,32.16,5.54,6.94,0.2569,0,BS_202302_BU01_EU,72.58,191.53,3.09,70.12,584.27,809.93,0,2023,31.1,0.29103499906419616,25.560000000000002,18.993636000000002,124.5,708.77,737.3499999999999,8.439999999999998,9.153636000000002,0.18667406996113267,220.268033,359.0,692.7508333333334,0.104,0.31796141181112497,0.213961411811125,148.22194633333334,2.0538997214484676,Strong Creator
FP_202303_BU01_EU,2023-03-31,BU01,Europe,USD,114.57,46.83,33.46,5.61,7.86,0.258,0,BS_202303_BU01_EU,72.97,191.175,3.06,68.74,586.52,817.44,0,2023,34.279999999999994,0.29920572575717896,28.669999999999995,21.273139999999994,125.49500000000002,712.015,744.47,0.9950000000000188,18.028139999999976,0.1455854414558544,222.302653,362.52000000000004,695.72125,0.104,0.31952833552230864,0.21552833552230866,149.94764299999997,2.0535970429217696,Strong Creator
FP_202304_BU01_EU,2023-04-30,BU01,Europe,USD,110.85,45.22,32.56,5.68,7.43,0.2572,0,BS_202304_BU01_EU,72.28,190.82,3.09,68.3,588.27,828.03,0,2023,33.06999999999999,0.2983310780333784,27.389999999999993,20.345291999999997,125.61,713.88,755.75,0.11499999999998067,18.480292000000016,0.13610741006456895,224.981521,366.79,698.51125,0.104,0.3220871832772915,0.21808718327729154,152.33635099999998,2.0604433054336266,Strong Creator
FP_202305_BU01_EU,2023-05-31,BU01,Europe,USD,114.35,46.49,33.53,5.75,8.06,0.2574,0,BS_202305_BU01_EU,71.24,192.77,3.05,68.39,590.58,840.51,0,2023,34.329999999999984,0.30021862702229984,28.579999999999984,21.223507999999985,127.43000000000002,718.0100000000001,769.27,1.8200000000000216,17.093507999999964,0.19587952311231938,239.23756499999996,386.76,701.6262499999999,0.104,0.3409757901731869,0.23697579017318693,166.26843499999995,1.989011273140966,Strong Creator
FP_202306_BU01_EU,2023-06-30,BU01,Europe,USD,117.89,47.77,34.15,5.83,8.19,0.2572,0,BS_202306_BU01_EU,69.8,198.93,3.15,71.72,592.94,850.45,0,2023,35.970000000000006,0.3051149376537451,30.140000000000008,22.387992000000008,130.36,723.3000000000001,780.6500000000001,2.9299999999999926,17.09799200000002,0.12737878932772317,241.725072,390.95,704.4004166666667,0.104,0.34316429445610064,0.23916429445610066,168.46742866666668,1.996802660186725,Strong Creator
FP_202307_BU01_EU,2023-07-31,BU01,Europe,USD,112.07,45.56,33.17,5.9,7.59,0.2613,0,BS_202307_BU01_EU,68.77,184.97,2.96,65.85,594.63,855.91,0,2023,33.33999999999999,0.2974926385294904,27.43999999999999,20.269927999999993,122.08000000000001,716.71,787.14,-8.280000000000001,26.859927999999993,0.11913321350109829,243.546654,394.27,707.2595833333334,0.104,0.34435256833446937,0.24035256833446939,169.9916573333333,1.996449133842291,Strong Creator
FP_202308_BU01_EU,2023-08-31,BU01,Europe,USD,113.8,46.35,33.68,5.97,7.33,0.2572,0,BS_202308_BU01_EU,68.74,187.28,2.96,67.18,595.99,864.56,0,2023,33.76999999999999,0.2967486818980667,27.79999999999999,20.649839999999994,123.06,719.05,795.8199999999999,0.9799999999999898,18.30984,0.1261751608114794,245.455944,397.62,710.0212500000001,0.104,0.3457022504608136,0.24170225046081362,171.61373399999997,2.001458679140888,Strong Creator
FP_202309_BU01_EU,2023-09-30,BU01,Europe,USD,123.48,50.29,35.53,6.04,8.01,0.2586,0,BS_202309_BU01_EU,70.04,208.04,3.18,75.78,597.96,875.51,0,2023,37.66,0.30498866213151926,31.619999999999997,23.443068,135.44,733.4000000000001,805.47,12.379999999999995,9.093068000000002,0.14513586200500783,248.51693600000002,402.64,713.0345833333334,0.104,0.3485341970907208,0.24453419709072083,174.36133933333335,2.000471885555335,Strong Creator
FP_202310_BU01_EU,2023-10-31,BU01,Europe,USD,121.36,49.78,35.53,6.11,7.49,0.2543,0,BS_202310_BU01_EU,72.26,202.65,3.13,72.81,599.34,879.67,0,2023,36.05,0.2970500988793672,29.939999999999998,22.326258,132.97,732.3100000000001,807.41,-2.469999999999999,23.416258,0.11646734130634773,250.35316999999998,405.83,715.57375,0.104,0.3498635465596662,0.24586354655966625,175.93349999999998,1.9895276347238993,Strong Creator
FP_202311_BU01_EU,2023-11-30,BU01,Europe,USD,124.63,51.11,36.5,6.18,7.47,0.257,0,BS_202311_BU01_EU,75.44,213.21,3.32,77.29,600.63,887.11,0,2023,37.019999999999996,0.2970392361389713,30.839999999999996,22.914119999999997,139.24,739.87,811.6700000000001,6.27000000000001,15.354119999999988,0.16433109118086686,253.30556699999997,410.62999999999994,718.3120833333334,0.104,0.35263999155427445,0.24863999155427446,178.60111033333328,1.9766456420621976,Strong Creator
FP_202312_BU01_EU,2023-12-31,BU01,Europe,USD,133.05,54.38,37.93,6.25,8.14,0.2584,0,BS_202312_BU01_EU,78.94,218.89,3.43,79.33,602.52,898.43,0,2023,40.740000000000016,0.30620067643742965,34.490000000000016,25.577784000000012,142.99,745.51,819.49,3.75,19.93778400000001,0.19167039856695034,257.87060099999997,417.65999999999997,721.8129166666668,0.104,0.3572540682575297,0.2532540682575297,182.80205766666663,1.9620983575156827,Strong Creator
FP_202401_BU01_EU,2024-01-31,BU01,Europe,USD,124.26,50.53,36.3,6.33,8.05,0.2582,0,BS_202401_BU01_EU,81.88,207.84,3.32,73.73,604.24,911.86,0,2024,37.43000000000001,0.30122324159021413,31.10000000000001,23.069980000000008,137.43,741.6700000000001,829.98,-5.560000000000002,26.909980000000008,0.19503750721292556,262.474546,424.75999999999993,725.3745833333334,0.101,0.36184690231885935,0.2608469023188593,189.2117130833333,1.9539975515585275,Strong Creator
FP_202402_BU01_EU,2024-02-29,BU01,Europe,USD,121.4,48.96,35.63,6.4,7.79,0.2564,0,BS_202402_BU01_EU,83.46,217.13,3.42,76.91,605.63,924.15,0,2024,36.809999999999995,0.3032125205930807,30.409999999999997,22.612876,143.64,749.27,840.6899999999999,6.2099999999999795,15.01287600000002,0.1360658805914281,266.09378599999997,430.46999999999997,728.7495833333334,0.101,0.3651374794382386,0.2641374794382386,192.4900780833333,1.9529583943131925,Strong Creator
FP_202403_BU01_EU,2024-03-31,BU01,Europe,USD,130.04,52.84,37.63,6.48,8.99,0.2583,0,BS_202403_BU01_EU,83.84,220.5,3.45,78.16,608.14,932.38,0,2024,39.569999999999986,0.30429098738849575,33.08999999999999,24.542852999999994,145.79,753.93,848.54,2.1500000000000057,19.88285299999999,0.135026621279567,269.363499,435.75999999999993,732.2425,0.101,0.36786105559292176,0.2668610555929217,195.4070065,1.947264549293189,Strong Creator
FP_202404_BU01_EU,2024-04-30,BU01,Europe,USD,133.02,54.22,38.81,6.56,8.85,0.2542,0,BS_202404_BU01_EU,83.43,228.53,3.63,82.25,610.43,942.01,0,2024,39.99000000000001,0.3006314839873704,33.43000000000001,24.932094000000006,149.91,760.3399999999999,858.5799999999999,4.1200000000000045,18.522094000000003,0.20000000000000018,273.950301,442.67999999999995,736.1141666666667,0.101,0.3721573546675844,0.2711573546675844,199.6027701666667,1.9395048341917414,Strong Creator
FP_202405_BU01_EU,2024-05-31,BU01,Europe,USD,135.67,55.5,39.3,6.64,9.42,0.2615,0,BS_202405_BU01_EU,82.22,230.92,3.63,82.19,613.21,950.66,0,2024,40.86999999999999,0.30124566963956656,34.22999999999999,25.27885499999999,152.35999999999999,765.57,868.4399999999999,2.4499999999999886,20.048855000000003,0.1864451246174026,278.005648,449.21999999999997,740.0775,0.101,0.37564396701696784,0.2746439670169678,203.2578205,1.9332175771336984,Strong Creator
FP_202406_BU01_EU,2024-06-30,BU01,Europe,USD,140.03,57.79,41.03,6.73,9.5,0.254,0,BS_202406_BU01_EU,80.92,244.54,3.82,88.48,615.98,957.57,0,2024,41.21000000000001,0.2942940798400343,34.480000000000004,25.722080000000002,159.88,775.86,876.6500000000001,7.52000000000001,15.432079999999992,0.18780218848078722,281.33973599999996,454.46,744.4575,0.101,0.3779124207896354,0.2769124207896354,206.14952849999997,1.9289926506183166,Strong Creator
FP_202407_BU01_EU,2024-07-31,BU01,Europe,USD,133.32,54.83,39.33,6.76,9.03,0.2578,0,BS_202407_BU01_EU,80.11,231.59,3.58,81.59,618.25,963.95,0,2024,39.16,0.29372937293729373,32.4,24.047279999999997,153.58,771.83,883.84,-6.299999999999983,28.07727999999998,0.18961363433568312,285.11708799999997,460.28,749.0508333333333,0.101,0.3806378356609086,0.2796378356609086,209.4629538333333,1.9202224732771358,Strong Creator
FP_202408_BU01_EU,2024-08-31,BU01,Europe,USD,136.61,55.9,40.27,6.72,8.84,0.2566,0,BS_202408_BU01_EU,80.5,233.17,3.59,82.83,620.37,975.59,0,2024,40.440000000000005,0.29602518117268134,33.720000000000006,25.067448000000006,153.93,774.3,895.09,0.3499999999999943,22.59744800000001,0.20043936731107226,289.534696,466.95,753.6550000000001,0.101,0.38417405311448866,0.2831740531144886,213.41554099999996,1.916886176250134,Strong Creator
FP_202409_BU01_EU,2024-09-30,BU01,Europe,USD,146.03,59.64,42.2,6.68,9.23,0.2565,0,BS_202409_BU01_EU,82.24,248.08,3.8,90.21,622.92,987.33,0,2024,44.19,0.30260905293432855,37.51,27.888685,161.67000000000002,784.5899999999999,905.09,7.740000000000009,17.598684999999993,0.18262066731454474,293.980313,473.48,757.9208333333335,0.101,0.38787733503389205,0.286877335033892,217.43030883333336,1.9115696544732619,Strong Creator
FP_202410_BU01_EU,2024-10-31,BU01,Europe,USD,145.83,60.12,42.08,6.65,9.05,0.2549,0,BS_202410_BU01_EU,85.35,240.48,3.77,87.38,625.32,997.78,0,2024,43.63000000000001,0.29918398134814517,36.98000000000001,27.553798000000008,156.87,782.19,912.43,-4.800000000000011,29.953798000000017,0.20163150955833897,299.20785300000006,481.06,762.0775,0.101,0.3926212924538516,0.2916212924538516,222.23802550000005,1.8967072714422317,Strong Creator
FP_202411_BU01_EU,2024-11-30,BU01,Europe,USD,147.96,60.74,42.59,6.62,9.0,0.2533,0,BS_202411_BU01_EU,89.24,252.38,3.94,91.63,627.7,1011.81,0,2024,44.629999999999995,0.3016355771830224,38.01,28.382066999999996,164.69,792.3900000000001,922.5699999999999,7.819999999999993,18.182067000000004,0.18719409451977875,304.6758,488.67,766.4541666666668,0.101,0.39751339773524175,0.29651339773524177,227.26392916666663,1.8879202733951335,Strong Creator
FP_202412_BU01_EU,2024-12-31,BU01,Europe,USD,155.96,63.74,44.79,6.59,9.78,0.2568,0,BS_202412_BU01_EU,93.25,254.56,4.02,92.44,630.89,1024.45,0,2024,47.43,0.30411644011284944,40.84,30.352288000000005,166.14,797.03,931.2,1.4499999999999886,25.712288000000015,0.1721909056745583,309.450304,495.36,770.7475000000001,0.101,0.40149374989863734,0.3004937498986373,231.6048065,1.87984496124031,Strong Creator
FP_202501_BU01_EU,2025-01-31,BU01,Europe,USD,137.87,56.29,41.87,6.57,8.82,0.2581,0,BS_202501_BU01_EU,96.13,230.94,3.74,81.73,633.14,1008.54,0,2025,39.710000000000015,0.2880249510408357,33.140000000000015,24.586566000000012,152.95,786.0899999999999,912.41,-13.189999999999998,35.52656600000001,0.1095284081764043,310.96689000000003,497.64000000000004,774.4491666666667,0.099,0.4015329906524961,0.30253299065249606,234.29642250000003,1.8334739972671006,Strong Creator
FP_202502_BU01_EU,2025-02-28,BU01,Europe,USD,139.49,56.23,42.09,6.54,9.01,0.2578,0,BS_202502_BU01_EU,98.04,250.83,4.01,90.35,635.61,1008.49,0,2025,41.170000000000016,0.2951466054914332,34.63000000000002,25.70238600000001,164.49,800.1,910.45,11.54000000000002,11.692385999999992,0.1490115321252059,314.0564,502.00000000000006,778.685,0.099,0.40331636027405177,0.30431636027405173,236.966585,1.813645418326693,Strong Creator
FP_202503_BU01_EU,2025-03-31,BU01,Europe,USD,152.47,61.69,44.4,6.52,9.93,0.2568,0,BS_202503_BU01_EU,98.73,249.51,4.0,89.48,639.02,1013.15,0,2025,46.38,0.30419098839115893,39.86,29.623952000000003,164.02999999999997,803.05,914.42,-0.4600000000000364,26.673952000000035,0.17248538911104272,319.13749900000005,508.81000000000006,782.7783333333333,0.099,0.40769843186768506,0.3086984318676851,241.64244400000004,1.7971737976847937,Strong Creator
FP_202504_BU01_EU,2025-04-30,BU01,Europe,USD,156.6,63.94,45.43,6.51,10.86,0.2581,0,BS_202504_BU01_EU,98.11,264.67,4.28,96.14,643.37,1058.5,0,2025,47.23,0.3015964240102171,40.72,30.210168,172.81,816.1800000000001,960.39,8.78000000000003,17.080167999999972,0.17726657645466837,324.41557300000005,516.0500000000001,787.4316666666665,0.099,0.4119920327478153,0.3129920327478153,246.45983800000005,1.861040596841391,Strong Creator
FP_202505_BU01_EU,2025-05-31,BU01,Europe,USD,155.28,63.05,45.67,6.51,10.68,0.2575,0,BS_202505_BU01_EU,96.38,260.03,4.17,92.27,647.54,1114.19,0,2025,46.56,0.29984544049459044,40.050000000000004,29.737125,171.93,819.47,1017.8100000000001,-0.8799999999999955,26.447124999999993,0.14454190314734294,328.8738430000001,521.74,791.9233333333333,0.099,0.41528495140522875,0.3162849514052287,250.47343300000009,1.9507992486679189,Strong Creator
FP_202506_BU01_EU,2025-06-30,BU01,Europe,USD,163.18,66.22,46.71,6.51,10.87,0.2575,0,BS_202506_BU01_EU,94.7,277.4,4.42,99.96,651.9,1189.08,0,2025,50.25000000000001,0.30794214977325657,43.74000000000001,32.47695,181.86,833.76,1094.3799999999999,9.930000000000007,18.186949999999996,0.16532171677497676,335.62871300000006,530.7800000000001,796.7483333333334,0.099,0.4212480892126121,0.32224808921261205,256.75062800000006,2.0618335280153732,Strong Creator
FP_202507_BU01_EU,2025-07-31,BU01,Europe,USD,157.83,64.7,46.32,6.55,10.81,0.2621,0,BS_202507_BU01_EU,93.75,263.0,4.22,94.19,656.16,1263.11,0,2025,46.81000000000001,0.2965849331559273,40.26000000000001,29.707854000000008,173.03000000000003,829.19,1169.36,-8.829999999999984,34.27785399999999,0.18384338433843395,341.28928700000006,538.4300000000001,801.5283333333333,0.099,0.4257981568545093,0.3267981568545093,261.93798200000003,2.1717957766097724,Strong Creator
FP_202508_BU01_EU,2025-08-31,BU01,Europe,USD,159.04,65.08,47.31,6.65,10.49,0.2566,0,BS_202508_BU01_EU,93.97,265.97,4.2,95.18,660.0,1335.56,0,2025,46.64999999999999,0.29332243460764584,39.99999999999999,29.735999999999997,174.99,834.99,1241.59,1.9599999999999795,23.936000000000014,0.16419003001244392,345.95783900000004,544.6400000000001,806.5858333333334,0.099,0.42891633438474724,0.3299163343847472,266.1058415,2.2796526145710923,Strong Creator
FP_202509_BU01_EU,2025-09-30,BU01,Europe,USD,173.54,71.13,50.58,6.75,10.95,0.2569,0,BS_202509_BU01_EU,96.07,296.46,4.53,108.07,664.2,1423.35,0,2025,51.83,0.29866313241903886,45.08,33.498948,192.91999999999996,857.12,1327.28,17.92999999999995,11.36894800000005,0.18838594809285758,351.56810200000007,552.2800000000001,812.63,0.099,0.43262998166447225,0.3336299816644722,271.11773200000005,2.403273701745491,Strong Creator
FP_202510_BU01_EU,2025-10-31,BU01,Europe,USD,169.34,68.91,49.22,6.85,10.25,0.2547,0,BS_202510_BU01_EU,99.44,282.07,4.36,100.58,667.6,1485.74,0,2025,51.21000000000001,0.30240935396244245,44.36000000000001,33.06150800000001,185.85000000000002,853.45,1386.3,-7.069999999999936,36.73150799999995,0.1612151134883082,357.07581200000004,559.86,818.5683333333333,0.099,0.43621991892348644,0.33721991892348646,276.037547,2.4761547529739576,Strong Creator
FP_202511_BU01_EU,2025-11-30,BU01,Europe,USD,177.21,71.85,50.08,6.95,10.89,0.2545,0,BS_202511_BU01_EU,104.08,303.68,4.63,108.91,671.54,1535.63,0,2025,55.280000000000015,0.31194627842672545,48.33000000000001,36.03001500000001,199.4,870.9399999999999,1431.5500000000002,13.549999999999983,18.540015000000032,0.19768856447688554,364.72376,570.5100000000001,825.1141666666666,0.099,0.4420282364965657,0.34302823649656566,283.0374575,2.509246113126851,Strong Creator
FP_202512_BU01_EU,2025-12-31,BU01,Europe,USD,190.9,77.79,54.29,7.05,11.93,0.2575,0,BS_202512_BU01_EU,109.23,312.76,4.83,113.33,676.42,1552.82,0,2025,58.82,0.3081194342587742,51.77,38.439225,204.26,880.68,1443.59,4.859999999999985,28.699225000000013,0.224031803026417,372.81069700000006,581.9,832.085,0.099,0.4480440063214696,0.3490440063214696,290.43428200000005,2.480821446984018,Strong Creator
FP_202101_BU01_LATAM,2021-01-31,BU01,Latin America,USD,34.39,14.07,10.22,1.79,2.2,0.2737,0,BS_202101_BU01_LATAM,22.62,62.24,0.93,20.95,238.86,255.63,0,2021,10.1,0.29369002617039836,8.309999999999999,6.035552999999998,42.22,281.08000000000004,233.01,0.0,5.625552999999998,,,,,0.091,,,,,Not Available
FP_202102_BU01_LATAM,2021-02-28,BU01,Latin America,USD,35.37,14.56,10.5,1.81,2.28,0.27,0,BS_202102_BU01_LATAM,22.23,67.8,1.01,23.8,239.33,260.37,0,2021,10.309999999999995,0.2914899632456883,8.499999999999995,6.204999999999996,45.010000000000005,284.34000000000003,238.14000000000001,2.7900000000000063,2.9449999999999896,,,,,0.091,,,,,Not Available
FP_202103_BU01_LATAM,2021-03-31,BU01,Latin America,USD,38.07,15.63,11.06,1.83,2.5,0.2672,0,BS_202103_BU01_LATAM,21.96,66.93,0.98,23.08,240.0,264.29,0,2021,11.379999999999997,0.29892303651168894,9.549999999999997,6.998239999999998,44.83000000000001,284.83000000000004,242.33,-0.1799999999999926,6.50823999999999,,,,,0.091,,,,,Not Available
FP_202104_BU01_LATAM,2021-04-30,BU01,Latin America,USD,37.09,15.17,10.75,1.85,2.52,0.2745,0,BS_202104_BU01_LATAM,21.89,67.37,0.99,23.14,240.67,267.96,0,2021,11.170000000000002,0.30115934214073875,9.320000000000002,6.761660000000002,45.22,285.89,246.07,0.38999999999998636,5.701660000000016,,,,,0.091,,,,,Not Available
FP_202105_BU01_LATAM,2021-05-31,BU01,Latin America,USD,38.29,15.72,11.22,1.88,2.6,0.2735,0,BS_202105_BU01_LATAM,22.17,67.81,0.99,23.3,241.39,271.33,0,2021,11.35,0.2964220423086968,9.469999999999999,6.879954999999998,45.5,286.89,249.15999999999997,0.28000000000000114,5.879954999999997,,,,,0.091,,,,,Not Available
FP_202106_BU01_LATAM,2021-06-30,BU01,Latin America,USD,39.77,16.37,11.65,1.9,2.58,0.2726,0,BS_202106_BU01_LATAM,22.91,70.52,1.05,24.77,242.07,276.08,0,2021,11.750000000000002,0.2954488307769676,9.850000000000001,7.1648900000000015,46.8,288.87,253.17,1.2999999999999972,5.184890000000005,,,,,0.091,,,,,Not Available
FP_202107_BU01_LATAM,2021-07-31,BU01,Latin America,USD,36.79,15.28,11.08,1.92,2.44,0.2722,0,BS_202107_BU01_LATAM,23.86,66.08,1.0,22.66,242.59,278.49,0,2021,10.429999999999998,0.28350095134547426,8.509999999999998,6.193577999999999,44.42,287.01,254.63,-2.3799999999999955,8.053577999999995,,,,,0.091,,,,,Not Available
FP_202108_BU01_LATAM,2021-08-31,BU01,Latin America,USD,38.16,15.87,11.26,1.95,2.45,0.2729,0,BS_202108_BU01_LATAM,24.93,67.92,1.03,23.59,243.09,282.34,0,2021,11.03,0.2890461215932914,9.08,6.602068000000001,45.36,288.45,257.40999999999997,0.9399999999999977,5.162068000000002,,,,,0.091,,,,,Not Available
FP_202109_BU01_LATAM,2021-09-30,BU01,Latin America,USD,40.72,16.77,11.79,1.97,2.65,0.2723,0,BS_202109_BU01_LATAM,25.79,72.24,1.1,25.47,243.77,285.74,0,2021,12.16,0.29862475442043224,10.19,7.4152629999999995,47.86999999999999,291.64,259.95,2.509999999999991,4.225263000000009,,,,,0.091,,,,,Not Available
FP_202110_BU01_LATAM,2021-10-31,BU01,Latin America,USD,38.91,16.07,11.35,1.99,2.35,0.2736,0,BS_202110_BU01_LATAM,26.28,68.4,1.07,23.64,244.13,286.68,0,2021,11.489999999999997,0.2952968388589051,9.499999999999996,6.900799999999997,45.83,289.96,260.4,-2.039999999999992,8.58079999999999,,,,,0.091,,,,,Not Available
FP_202111_BU01_LATAM,2021-11-30,BU01,Latin America,USD,41.85,17.39,12.3,2.02,2.52,0.2666,0,BS_202111_BU01_LATAM,26.49,74.16,1.16,26.33,244.63,288.81,0,2021,12.16,0.2905615292712067,10.14,7.436676000000001,48.989999999999995,293.62,262.32,3.1599999999999966,3.7766760000000055,,,,,0.091,,,,,Not Available
FP_202112_BU01_LATAM,2021-12-31,BU01,Latin America,USD,43.75,18.23,12.62,2.04,2.69,0.2729,0,BS_202112_BU01_LATAM,26.42,75.39,1.18,26.7,245.28,292.73,0,2021,12.9,0.2948571428571429,10.86,7.896306,49.870000000000005,295.15,266.31,0.8800000000000097,6.366305999999991,,82.489989,136.23,288.14416666666665,0.091,0.28628026711165994,0.19528026711165994,56.268869833333326,1.9548557586434707,Strong Creator
FP_202201_BU01_LATAM,2022-01-31,BU01,Latin America,USD,40.27,16.68,11.98,2.06,2.52,0.2725,0,BS_202201_BU01_LATAM,26.02,71.86,1.11,24.65,245.74,296.75,0,2022,11.610000000000003,0.2883039483486467,9.550000000000002,6.947625000000002,48.32,294.06,270.73,-1.5500000000000043,8.037625000000007,0.17097993602791517,83.402061,137.74,289.22583333333336,0.098,0.2883631107179799,0.19036311071797987,55.057929333333334,1.9655147379120081,Strong Creator
FP_202202_BU01_LATAM,2022-02-28,BU01,Latin America,USD,40.86,16.9,12.14,2.09,2.64,0.271,0,BS_202202_BU01_LATAM,25.52,79.12,1.18,27.74,246.29,301.5,0,2022,11.82,0.28928046989721,9.73,7.09317,52.56000000000002,298.85,275.98,4.240000000000016,2.3031699999999837,0.15521628498727735,84.290231,139.25,290.435,0.098,0.2902206380085045,0.1922206380085045,55.827601,1.9819030520646321,Strong Creator
FP_202203_BU01_LATAM,2022-03-31,BU01,Latin America,USD,44.19,18.36,12.58,2.11,3.02,0.2701,0,BS_202203_BU01_LATAM,25.19,77.59,1.16,27.1,247.2,305.4,0,2022,13.249999999999998,0.2998415931206155,11.139999999999999,8.131086,51.65,298.84999999999997,280.21,-0.9100000000000179,8.131086000000018,0.1607565011820331,85.423077,141.12,291.6033333333333,0.098,0.29294273156456835,0.19494273156456834,56.84595033333334,1.985615079365079,Strong Creator
FP_202204_BU01_LATAM,2022-04-30,BU01,Latin America,USD,42.85,17.78,12.45,2.14,2.93,0.2713,0,BS_202204_BU01_LATAM,25.16,78.03,1.17,27.15,247.99,308.85,0,2022,12.620000000000001,0.2945157526254376,10.48,7.636776,52.050000000000004,300.04,283.69,0.4000000000000057,6.4467759999999945,0.15529792396872466,86.298193,142.57,292.78249999999997,0.098,0.2947518823700187,0.1967518823700187,57.605508,1.989829557410395,Strong Creator
FP_202205_BU01_LATAM,2022-05-31,BU01,Latin America,USD,40.85,16.91,12.46,2.17,2.76,0.2724,0,BS_202205_BU01_LATAM,25.4,73.36,1.09,25.06,248.58,309.33,0,2022,11.48,0.2810281517747858,9.31,6.773956000000001,49.39,297.97,283.93,-2.6600000000000037,8.843956000000004,0.06685818751632278,86.192194,142.7,293.7058333333333,0.098,0.29346435861278436,0.19546435861278436,57.40902233333334,1.9896986685353892,Strong Creator
FP_202206_BU01_LATAM,2022-06-30,BU01,Latin America,USD,45.71,18.77,13.25,2.2,3.09,0.2668,0,BS_202206_BU01_LATAM,26.21,82.66,1.2,28.86,249.47,313.82,0,2022,13.690000000000001,0.29949682782760884,11.490000000000002,8.424468000000003,55.0,304.47,287.61,5.609999999999999,1.9244680000000045,0.1493588131757606,87.451772,144.64,295.0058333333333,0.098,0.2964408229215807,0.1984408229215807,58.541200333333336,1.9884540929203542,Strong Creator
FP_202207_BU01_LATAM,2022-07-31,BU01,Latin America,USD,43.22,17.83,12.81,2.22,2.95,0.2696,0,BS_202207_BU01_LATAM,27.34,77.64,1.14,26.55,250.2,318.07,0,2022,12.58,0.2910689495603887,10.36,7.566943999999999,52.230000000000004,302.43,290.73,-2.769999999999996,9.606943999999995,0.17477575428105463,88.82513800000001,146.79000000000002,296.29083333333335,0.098,0.2997903681349125,0.2017903681349125,59.78863633333334,1.9805845084815041,Strong Creator
FP_202208_BU01_LATAM,2022-08-31,BU01,Latin America,USD,44.66,18.39,13.06,2.25,2.9,0.2708,0,BS_202208_BU01_LATAM,28.56,79.48,1.19,27.38,250.85,323.24,0,2022,13.209999999999996,0.2957904164800716,10.959999999999996,7.992031999999997,53.290000000000006,304.14,294.68,1.0600000000000023,6.282031999999996,0.17033542976939198,90.215102,148.97,297.5983333333333,0.098,0.30314384153137064,0.20514384153137064,61.050465333333335,1.978116399275022,Strong Creator
FP_202209_BU01_LATAM,2022-09-30,BU01,Latin America,USD,47.23,19.51,13.72,2.28,2.96,0.271,0,BS_202209_BU01_LATAM,29.62,86.06,1.28,30.09,251.53,327.81,0,2022,13.999999999999995,0.2964217658268049,11.719999999999995,8.543879999999996,57.25,308.78,298.19,3.9599999999999937,3.903880000000002,0.15987229862475427,91.343719,150.81,299.0266666666667,0.098,0.3054701442457751,0.20747014424577512,62.03910566666666,1.9772561501226709,Strong Creator
FP_202210_BU01_LATAM,2022-10-31,BU01,Latin America,USD,46.93,19.38,13.89,2.3,2.91,0.2732,0,BS_202210_BU01_LATAM,30.44,83.13,1.27,28.72,252.14,331.69,0,2022,13.66,0.29107180907734925,11.36,8.256447999999999,55.67999999999999,307.82,301.25,-1.5700000000000074,9.216448000000007,0.20611667951683388,92.699367,152.98,300.515,0.098,0.3084683526612648,0.21046835266126482,63.248897,1.9692116616551185,Strong Creator
FP_202211_BU01_LATAM,2022-11-30,BU01,Latin America,USD,46.7,19.44,13.74,2.33,2.86,0.2699,0,BS_202211_BU01_LATAM,30.61,84.54,1.32,29.65,252.67,335.49,0,2022,13.520000000000001,0.28950749464668096,11.190000000000001,8.169819,56.21,308.88,304.88,0.5300000000000082,7.109818999999993,0.11589008363201914,93.43251000000001,154.34,301.7866666666667,0.098,0.30959787266943534,0.21159787266943533,63.85741666666667,1.975379033303097,Strong Creator
FP_202212_BU01_LATAM,2022-12-31,BU01,Latin America,USD,49.97,20.45,14.45,2.36,3.11,0.2681,0,BS_202212_BU01_LATAM,30.43,87.54,1.33,30.23,253.42,340.35,0,2022,15.07,0.30158094856914147,12.71,9.302449000000001,58.64,312.06,309.92,2.4299999999999997,6.122449000000001,0.14217142857142862,94.838653,156.51,303.1958333333333,0.098,0.31279668970824687,0.21479668970824686,65.12546133333333,1.9801929589163634,Strong Creator
FP_202301_BU01_LATAM,2023-01-31,BU01,Latin America,USD,45.52,18.67,13.46,2.39,2.82,0.2716,0,BS_202301_BU01_LATAM,29.88,82.03,1.25,27.75,253.85,344.73,0,2023,13.39,0.2941564147627416,11.0,8.0124,55.53,309.38,314.85,-3.1099999999999994,10.6924,0.13037000248323816,95.90342799999999,158.29,304.4725,0.104,0.3149822332066114,0.2109822332066114,64.23828799999998,1.9890706930317774,Strong Creator
FP_202302_BU01_LATAM,2023-02-28,BU01,Latin America,USD,47.15,19.25,13.95,2.41,3.07,0.2747,0,BS_202302_BU01_LATAM,29.3,91.54,1.35,31.7,254.51,350.34,0,2023,13.95,0.295864262990456,11.54,8.369962,61.19,315.7,321.03999999999996,5.659999999999997,2.0499620000000025,0.15394028389623093,97.18021999999999,160.42,305.87666666666667,0.104,0.31771047154081705,0.21371047154081707,65.36904666666666,2.0012467273407304,Strong Creator
FP_202303_BU01_LATAM,2023-03-31,BU01,Latin America,USD,51.07,21.04,14.73,2.44,3.33,0.2732,0,BS_202303_BU01_LATAM,28.92,90.39,1.33,31.22,255.4,354.3,0,2023,15.3,0.29958879968670454,12.860000000000001,9.346648,60.5,315.9,325.38,-0.6899999999999977,9.146647999999997,0.15569133288074233,98.395782,162.47,307.2975,0.104,0.32019714446098646,0.21619714446098648,66.436842,2.002708192281652,Strong Creator
FP_202304_BU01_LATAM,2023-04-30,BU01,Latin America,USD,49.16,20.26,14.41,2.47,3.35,0.2702,0,BS_202304_BU01_LATAM,28.88,90.64,1.33,31.13,256.28,359.05,0,2023,14.489999999999995,0.2947518307567127,12.019999999999994,8.772195999999996,60.84,317.12,330.17,0.3400000000000034,7.552195999999993,0.14725787631271858,99.531202,164.33999999999997,308.7208333333333,0.104,0.3223987216066295,0.21839872160662954,67.42423533333333,2.0090665693075334,Strong Creator
FP_202305_BU01_LATAM,2023-05-31,BU01,Latin America,USD,51.85,21.21,15.03,2.51,3.55,0.2715,0,BS_202305_BU01_LATAM,29.56,91.57,1.34,31.44,257.32,367.13,0,2023,15.610000000000001,0.30106075216972034,13.100000000000001,9.54335,61.47,318.78999999999996,337.57,0.6299999999999955,7.873350000000006,0.2692778457772338,102.300596,168.47,310.4558333333333,0.104,0.3295173902890105,0.22551739028901052,70.01318933333334,2.0037395381967116,Strong Creator
FP_202306_BU01_LATAM,2023-06-30,BU01,Latin America,USD,52.69,21.7,15.24,2.54,3.53,0.2728,0,BS_202306_BU01_LATAM,30.51,95.42,1.39,33.2,258.31,372.04,0,2023,15.749999999999998,0.2989182007971152,13.209999999999997,9.606311999999999,63.61,321.92,341.53000000000003,2.1400000000000006,6.476311999999998,0.15270181579523068,103.48244,170.53,311.90999999999997,0.104,0.3317701901189446,0.22777019011894462,71.0438,2.0027561132938487,Strong Creator
FP_202307_BU01_LATAM,2023-07-31,BU01,Latin America,USD,49.89,20.64,14.25,2.57,3.41,0.2679,0,BS_202307_BU01_LATAM,31.78,91.05,1.33,30.95,259.15,376.49,0,2023,15.0,0.30066145520144316,12.43,9.100003,61.42999999999999,320.58,344.71000000000004,-2.180000000000007,10.440003000000006,0.15432670060157339,105.01549899999998,172.95,313.42249999999996,0.104,0.3350604982092862,0.2310604982092862,72.41955899999999,1.9931193986701363,Strong Creator
FP_202308_BU01_LATAM,2023-08-31,BU01,Latin America,USD,50.74,21.05,14.95,2.6,3.33,0.2687,0,BS_202308_BU01_LATAM,33.11,91.27,1.36,31.47,259.88,380.32,0,2023,14.740000000000002,0.29050059124950733,12.140000000000002,8.877982000000003,61.16,321.03999999999996,347.21,-0.269999999999996,8.417981999999999,0.13613972234661897,105.90144899999999,174.48,314.8308333333333,0.104,0.3363757224117714,0.2323757224117714,73.15904233333333,1.9899701971572674,Strong Creator
FP_202309_BU01_LATAM,2023-09-30,BU01,Latin America,USD,55.89,23.11,16.02,2.63,3.58,0.2706,0,BS_202309_BU01_LATAM,34.42,100.03,1.49,35.36,260.83,386.1,0,2023,16.76,0.2998747539810342,14.130000000000003,10.306422000000003,66.16,326.99,351.68,5.0,4.356422000000004,0.18335803514715243,107.663991,177.24,316.3483333333333,0.104,0.34033367543161813,0.23633367543161815,74.76376433333334,1.9842022116903633,Strong Creator
FP_202310_BU01_LATAM,2023-10-31,BU01,Latin America,USD,55.32,22.8,16.11,2.67,3.42,0.2704,0,BS_202310_BU01_LATAM,35.31,96.06,1.48,33.44,261.58,390.29,0,2023,16.409999999999997,0.2966377440347071,13.739999999999997,10.024703999999998,64.10000000000001,325.68,354.98,-2.059999999999988,11.334703999999986,0.17877690176859162,109.432247,179.99,317.83666666666664,0.104,0.34430340636175816,0.24030340636175818,76.37723366666668,1.972220678926607,Strong Creator
FP_202311_BU01_LATAM,2023-11-30,BU01,Latin America,USD,56.51,23.25,16.44,2.7,3.41,0.2703,0,BS_202311_BU01_LATAM,35.75,100.25,1.57,35.14,262.29,395.76,0,2023,16.819999999999997,0.29764643425942305,14.119999999999997,10.303363999999998,66.67999999999999,328.97,360.01,2.579999999999984,7.0133640000000135,0.2100642398286936,111.56579199999999,183.29,319.5108333333333,0.104,0.3491768677640038,0.24517686776400383,78.33666533333331,1.9641551639478423,Strong Creator
FP_202312_BU01_LATAM,2023-12-31,BU01,Latin America,USD,58.73,24.17,16.69,2.73,3.7,0.2725,0,BS_202312_BU01_LATAM,35.62,100.69,1.58,35.22,263.26,399.98,0,2023,17.869999999999994,0.3042737953345819,15.139999999999993,11.014349999999995,67.05,330.31,364.36,0.37000000000000455,9.67434999999999,0.17530518310986598,113.277693,186.08999999999997,321.0316666666667,0.104,0.35285520016197774,0.24885520016197776,79.89039966666667,1.9579773228007957,Strong Creator
FP_202401_BU01_LATAM,2024-01-31,BU01,Latin America,USD,53.46,21.96,15.98,2.76,3.5,0.2722,0,BS_202401_BU01_LATAM,35.08,95.41,1.48,32.41,264.0,404.04,0,2024,15.52,0.29031051253273477,12.76,9.286728,64.48,328.48,368.96000000000004,-2.569999999999993,11.116727999999993,0.17442882249560632,114.552021,188.21999999999997,322.62333333333333,0.101,0.3550642782605102,0.25406427826051015,81.96706433333333,1.9602592710657747,Strong Creator
FP_202402_BU01_LATAM,2024-02-29,BU01,Latin America,USD,53.65,22.04,16.17,2.8,3.52,0.272,0,BS_202402_BU01_LATAM,34.36,101.87,1.53,35.1,264.72,407.77,0,2024,15.439999999999998,0.2877912395153774,12.639999999999997,9.201919999999998,68.30000000000001,333.02000000000004,373.40999999999997,3.8200000000000074,4.661919999999991,0.13785790031813372,115.38397899999998,189.70999999999998,324.06666666666666,0.101,0.3560501306315572,0.25505013063155724,82.65324566666665,1.9683200674714039,Strong Creator
FP_202403_BU01_LATAM,2024-03-31,BU01,Latin America,USD,57.94,23.79,16.81,2.83,3.84,0.2713,0,BS_202403_BU01_LATAM,33.84,100.42,1.52,34.89,265.73,410.46,0,2024,17.34,0.299275112185019,14.51,10.573437,67.05,332.78000000000003,376.62,-1.2500000000000142,10.813437000000015,0.13452124534952015,116.610768,191.74999999999997,325.47333333333336,0.101,0.35828055959525607,0.2572805595952561,83.73796133333332,1.9641199478487616,Strong Creator
FP_202404_BU01_LATAM,2024-04-30,BU01,Latin America,USD,57.77,23.63,17.22,2.87,4.05,0.2728,0,BS_202404_BU01_LATAM,33.86,104.07,1.55,35.97,266.91,413.74,0,2024,16.92,0.292885580751255,14.05,10.217160000000002,69.64999999999999,336.56,379.88,2.5999999999999943,6.437160000000006,0.1751423921887716,118.05573199999999,194.18,327.09333333333336,0.101,0.36092368742866454,0.25992368742866456,85.01930533333332,1.956329179112164,Strong Creator
FP_202405_BU01_LATAM,2024-05-31,BU01,Latin America,USD,60.85,25.07,17.71,2.91,4.17,0.2707,0,BS_202405_BU01_LATAM,34.46,106.54,1.57,36.99,268.17,416.87,0,2024,18.07,0.29695973705834017,15.16,11.056188,71.12,339.29,382.41,1.470000000000013,8.326187999999988,0.17357762777242036,119.56857,196.64,328.8016666666667,0.101,0.3636495252964046,0.2626495252964046,86.35960166666666,1.9447213181448335,Strong Creator
FP_202406_BU01_LATAM,2024-06-30,BU01,Latin America,USD,61.28,25.08,17.82,2.94,4.2,0.2723,0,BS_202406_BU01_LATAM,35.59,113.7,1.62,38.91,269.43,420.86,0,2024,18.380000000000003,0.299934725848564,15.440000000000003,11.235688000000003,76.41000000000001,345.84000000000003,385.27,5.290000000000006,4.685687999999995,0.16302903776807742,121.19794599999999,199.26999999999998,330.795,0.101,0.3663838510255596,0.2653838510255596,87.78765099999998,1.9334069353138958,Strong Creator
FP_202407_BU01_LATAM,2024-07-31,BU01,Latin America,USD,58.76,24.14,17.24,2.95,3.75,0.2717,0,BS_202407_BU01_LATAM,37.13,106.1,1.55,36.0,270.23,422.97,0,2024,17.38,0.2957794417971409,14.43,10.509369,71.64999999999999,341.88,385.84000000000003,-4.760000000000019,14.469369000000018,0.17779114050911993,122.60731200000001,201.64999999999998,332.57,0.101,0.36866618155576275,0.2676661815557627,89.017742,1.913414331762956,Strong Creator
FP_202408_BU01_LATAM,2024-08-31,BU01,Latin America,USD,59.46,24.49,17.7,2.94,3.95,0.2753,0,BS_202408_BU01_LATAM,38.78,105.04,1.57,36.2,271.24,427.14,0,2024,17.27,0.29044735956945844,14.33,10.384951000000001,70.41,341.65,388.36,-1.2399999999999949,10.614950999999994,0.17185652345289704,124.114281,204.18,334.2875,0.101,0.3712800538458662,0.2702800538458662,90.35124350000001,1.9020472132432167,Strong Creator
FP_202409_BU01_LATAM,2024-09-30,BU01,Latin America,USD,65.42,26.83,19.08,2.92,4.23,0.272,0,BS_202409_BU01_LATAM,40.27,116.19,1.72,40.86,272.55,432.73,0,2024,19.510000000000005,0.2982268419443596,16.590000000000003,12.077520000000002,77.05,349.6,392.46000000000004,6.640000000000001,4.1275200000000005,0.17051350867775983,125.885379,206.92999999999998,336.1716666666667,0.101,0.37446754584711184,0.27346754584711186,91.93204066666667,1.896583385685981,Strong Creator
FP_202410_BU01_LATAM,2024-10-31,BU01,Latin America,USD,65.0,26.8,18.96,2.91,4.03,0.2729,0,BS_202410_BU01_LATAM,41.3,112.58,1.73,39.26,273.67,436.46,0,2024,19.240000000000002,0.29600000000000004,16.330000000000002,11.873543000000003,75.05000000000001,348.72,395.15999999999997,-1.9999999999999858,12.75354299999999,0.17498192335502538,127.734218,209.76,338.0916666666667,0.101,0.3778094244657514,0.2768094244657514,93.58695966666666,1.8838672768878717,Strong Creator
FP_202411_BU01_LATAM,2024-11-30,BU01,Latin America,USD,64.92,26.68,18.99,2.9,3.99,0.2756,0,BS_202411_BU01_LATAM,41.64,114.88,1.8,40.17,274.76,440.66,0,2024,19.250000000000004,0.29651879235982753,16.350000000000005,11.843940000000002,76.50999999999999,351.27,399.02000000000004,1.4599999999999795,9.293940000000022,0.1488232171297117,129.274794,212.19,339.95,0.101,0.38027590528018834,0.2792759052801883,94.93984400000002,1.880484471464254,Strong Creator
FP_202412_BU01_LATAM,2024-12-31,BU01,Latin America,USD,68.16,28.05,19.5,2.89,4.32,0.2731,0,BS_202412_BU01_LATAM,41.45,118.92,1.83,41.32,276.19,446.3,0,2024,20.61,0.3023767605633803,17.72,12.880667999999998,79.43,355.62,404.85,2.920000000000016,8.530667999999983,0.16056529882513204,131.141112,214.93,342.05916666666667,0.101,0.3833872171237432,0.28238721712374315,96.59313616666665,1.8836365328246407,Strong Creator
FP_202501_BU01_LATAM,2025-01-31,BU01,Latin America,USD,63.16,26.06,18.98,2.88,3.96,0.2703,0,BS_202501_BU01_LATAM,40.84,112.02,1.75,38.4,277.27,442.52,0,2025,18.119999999999994,0.28689043698543376,15.239999999999995,11.120627999999996,75.37,352.64,401.67999999999995,-4.060000000000002,14.100627999999997,0.18144407033295917,132.975012,217.53,344.0725,0.099,0.38647381583823176,0.2874738158382317,98.9118345,1.8465499011630577,Strong Creator
FP_202502_BU01_LATAM,2025-02-28,BU01,Latin America,USD,66.18,27.16,19.32,2.87,4.35,0.272,0,BS_202502_BU01_LATAM,40.27,129.77,1.92,45.08,278.75,447.75,0,2025,19.70000000000001,0.2976730129948626,16.83000000000001,12.252240000000006,86.61,365.36,407.48,11.239999999999995,-0.4677599999999895,0.2335507921714819,136.025332,221.79000000000002,346.7675,0.099,0.3922666685891844,0.2932666685891844,101.69534949999999,1.8372334189999548,Strong Creator
FP_202503_BU01_LATAM,2025-03-31,BU01,Latin America,USD,69.69,28.78,20.53,2.86,4.76,0.2714,0,BS_202503_BU01_LATAM,39.86,124.64,1.86,42.89,280.65,449.41,0,2025,20.379999999999995,0.29243793944611846,17.519999999999996,12.765071999999998,83.61,364.26,409.55,-3.0,13.865071999999998,0.20279599585778385,138.216967,224.83,349.3908333333333,0.099,0.3955941421855659,0.2965941421855659,103.62727450000001,1.8215985411199573,Strong Creator
FP_202504_BU01_LATAM,2025-04-30,BU01,Latin America,USD,68.31,28.12,20.01,2.86,4.61,0.2707,0,BS_202504_BU01_LATAM,39.9,125.19,1.87,43.09,282.4,468.92,0,2025,20.179999999999996,0.2954179475918606,17.319999999999997,12.631476,83.97,366.37,429.02000000000004,0.35999999999999943,10.521476,0.18244763718192836,140.63128300000002,228.09000000000003,351.875,0.099,0.3996626159857905,0.30066261598579047,105.79565800000003,1.8809241965890657,Strong Creator
FP_202505_BU01_LATAM,2025-05-31,BU01,Latin America,USD,69.54,28.63,20.64,2.86,4.78,0.2735,0,BS_202505_BU01_LATAM,40.51,123.26,1.83,42.39,284.32,492.85,0,2025,20.27000000000001,0.2914869140063274,17.41000000000001,12.648365000000007,82.7,367.02,452.34000000000003,-1.269999999999996,11.998365000000003,0.14281018898931808,142.22346000000002,230.29000000000002,354.1858333333333,0.099,0.4015503913905837,0.3025503913905837,107.15906250000002,1.9642190281818577,Strong Creator
FP_202506_BU01_LATAM,2025-06-30,BU01,Latin America,USD,70.85,29.09,21.02,2.86,4.95,0.2737,0,BS_202506_BU01_LATAM,41.81,128.64,1.88,44.53,286.41,522.65,0,2025,20.73999999999999,0.29273112208892016,17.879999999999992,12.986243999999994,85.98999999999998,372.4,480.84,3.289999999999978,7.606244000000014,0.1561684073107048,143.974016,232.65,356.39916666666664,0.099,0.4039684417518747,0.30496844175187465,108.6904985,2.066795615731786,Strong Creator
FP_202507_BU01_LATAM,2025-07-31,BU01,Latin America,USD,68.21,27.84,20.58,2.88,4.5,0.2698,0,BS_202507_BU01_LATAM,43.57,121.75,1.78,41.25,288.03,553.26,0,2025,19.789999999999992,0.29013341152323696,16.909999999999993,12.347681999999994,82.28,370.30999999999995,509.69,-3.7099999999999795,14.437681999999974,0.16082368958475146,145.812329,235.06,358.7683333333334,0.099,0.4064247467028398,0.3074247467028398,110.294264,2.1683399982983067,Strong Creator
FP_202508_BU01_LATAM,2025-08-31,BU01,Latin America,USD,69.4,28.34,21.08,2.92,4.43,0.2701,0,BS_202508_BU01_LATAM,45.48,122.06,1.81,41.83,289.54,584.7,0,2025,19.980000000000004,0.28789625360230553,17.060000000000002,12.452094,82.04,371.58000000000004,539.22,-0.23999999999999488,11.182093999999996,0.16717120753447712,147.87947200000002,237.76999999999998,361.2625,0.099,0.4093407757517042,0.31034077575170416,112.11448450000002,2.267821844639778,Strong Creator
FP_202509_BU01_LATAM,2025-09-30,BU01,Latin America,USD,78.19,31.81,22.63,2.97,4.91,0.2726,0,BS_202509_BU01_LATAM,47.32,139.04,2.02,48.58,291.48,625.75,0,2025,23.749999999999996,0.30374728226115866,20.779999999999998,15.115371999999999,92.48,383.96000000000004,578.43,10.439999999999998,2.7353720000000017,0.1952002445735248,150.91732399999998,242.01,364.12583333333333,0.099,0.41446475417152034,0.3154647541715203,114.86886649999997,2.3901078467831907,Strong Creator
FP_202510_BU01_LATAM,2025-10-31,BU01,Latin America,USD,77.9,31.92,22.49,3.01,4.67,0.2718,0,BS_202510_BU01_LATAM,48.62,136.94,2.04,47.21,293.14,655.9,0,2025,23.490000000000006,0.3015404364569962,20.480000000000004,14.913536000000002,91.76999999999998,384.90999999999997,607.28,-0.7100000000000222,13.963536000000024,0.19846153846153847,153.95731700000002,246.26,367.14166666666665,0.099,0.4193403554486234,0.3203403554486234,117.61029200000002,2.466011532526598,Strong Creator
FP_202511_BU01_LATAM,2025-11-30,BU01,Latin America,USD,79.05,32.59,22.89,3.05,4.91,0.2704,0,BS_202511_BU01_LATAM,49.27,141.76,2.18,49.55,295.0,676.23,0,2025,23.569999999999993,0.2981657179000632,20.519999999999992,14.971391999999994,94.39,389.39,626.96,2.6200000000000188,10.491391999999976,0.21765249537892783,157.084769,250.57999999999998,370.3183333333333,0.099,0.4241884747807067,0.32518847478070667,120.42325399999999,2.5020352781546813,Strong Creator
FP_202512_BU01_LATAM,2025-12-31,BU01,Latin America,USD,82.36,33.72,23.65,3.1,5.11,0.2725,0,BS_202512_BU01_LATAM,49.21,144.72,2.2,49.87,297.01,682.45,0,2025,24.990000000000002,0.3034239922292375,21.89,15.924975000000002,97.04999999999998,394.05999999999995,633.24,2.6599999999999824,11.25497500000002,0.20833333333333348,160.129076,254.95999999999998,373.5216666666667,0.099,0.4287009035620423,0.3297009035620423,123.150431,2.483683715092564,Strong Creator
FP_202101_BU01_NA,2021-01-31,BU01,North America,USD,133.79,54.41,39.22,6.78,8.26,0.248,0,BS_202101_BU01_NA,85.1,207.84,3.58,76.99,906.81,992.85,0,2021,40.16,0.30017191120412584,33.379999999999995,25.101759999999995,134.43,1041.24,907.75,0.0,23.621759999999995,,,,,0.091,,,,,Not Available
FP_202102_BU01_NA,2021-02-28,BU01,North America,USD,133.2,53.68,38.86,6.86,8.72,0.2431,0,BS_202102_BU01_NA,88.79,226.35,3.82,84.54,908.67,1012.5,0,2021,40.65999999999998,0.30525525525525515,33.79999999999998,25.583219999999987,145.63,1054.3,923.71,11.199999999999989,12.523220000000002,,,,,0.091,,,,,Not Available
FP_202103_BU01_NA,2021-03-31,BU01,North America,USD,145.89,58.71,41.96,6.94,9.66,0.246,0,BS_202103_BU01_NA,92.23,225.89,3.83,83.51,911.39,1031.24,0,2021,45.21999999999998,0.30995955857152635,38.27999999999998,28.863119999999984,146.20999999999998,1057.6,939.01,0.5799999999999841,25.56312,,,,,0.091,,,,,Not Available
FP_202104_BU01_NA,2021-04-30,BU01,North America,USD,142.79,57.58,41.7,7.03,9.66,0.2439,0,BS_202104_BU01_NA,94.32,227.58,3.92,84.4,914.02,1048.0,0,2021,43.50999999999999,0.3047132152111492,36.47999999999999,27.582527999999993,147.1,1061.12,953.6800000000001,0.8900000000000148,24.062527999999975,,,,,0.091,,,,,Not Available
FP_202105_BU01_NA,2021-05-31,BU01,North America,USD,144.84,58.81,42.5,7.13,9.99,0.2481,0,BS_202105_BU01_NA,94.74,222.36,3.88,82.95,916.88,1061.76,0,2021,43.53,0.3005385252692626,36.4,27.36916,143.29000000000002,1060.17,967.02,-3.809999999999974,28.319159999999975,,,,,0.091,,,,,Not Available
FP_202106_BU01_NA,2021-06-30,BU01,North America,USD,151.97,61.54,43.69,7.22,10.51,0.2478,0,BS_202106_BU01_NA,94.04,233.96,4.08,88.92,920.17,1079.15,0,2021,46.74000000000001,0.3075607027702837,39.52000000000001,29.726944000000007,149.12,1069.29,985.1100000000001,5.829999999999984,20.606944000000027,,,,,0.091,,,,,Not Available
FP_202107_BU01_NA,2021-07-31,BU01,North America,USD,141.98,57.4,41.52,7.31,9.22,0.2451,0,BS_202107_BU01_NA,92.4,212.25,3.78,79.39,922.08,1090.81,0,2021,43.05999999999998,0.3032821524158331,35.74999999999998,26.987674999999985,136.64,1058.72,998.41,-12.480000000000018,37.557675,,,,,0.091,,,,,Not Available
FP_202108_BU01_NA,2021-08-31,BU01,North America,USD,147.49,59.18,43.62,7.4,9.62,0.2453,0,BS_202108_BU01_NA,90.7,219.38,3.81,82.21,924.3,1104.93,0,2021,44.690000000000005,0.30300359346396366,37.290000000000006,28.142763000000006,140.98000000000002,1065.28,1014.23,4.340000000000032,21.58276299999998,,,,,0.091,,,,,Not Available
FP_202109_BU01_NA,2021-09-30,BU01,North America,USD,148.95499999999998,63.23,45.8,7.49,9.78,0.2481,0,BS_202109_BU01_NA,89.64,235.2,4.03,89.97,926.59,1120.47,0,2021,39.925,0.26803396999093687,32.434999999999995,24.387876499999997,149.26,1075.85,1030.83,8.279999999999973,13.817876500000025,,,,,0.091,,,,,Not Available
FP_202110_BU01_NA,2021-10-31,BU01,North America,USD,150.42,60.58,43.7,7.58,9.05,0.2444,0,BS_202110_BU01_NA,89.52,220.9,3.85,83.22,928.06,1127.35,0,2021,46.139999999999986,0.30674112485041877,38.55999999999999,29.135935999999994,141.53,1069.59,1037.83,-7.72999999999999,35.39593599999998,,,,,0.091,,,,,Not Available
FP_202111_BU01_NA,2021-11-30,BU01,North America,USD,161.66,65.04,46.61,7.66,9.96,0.2442,0,BS_202111_BU01_NA,91.52,240.11,4.17,92.27,930.36,1140.29,0,2021,50.00999999999999,0.30935296300878384,42.349999999999994,32.008129999999994,152.01,1082.37,1048.77,10.47999999999999,19.22813,,,,,0.091,,,,,Not Available
FP_202112_BU01_NA,2021-12-31,BU01,North America,USD,168.6,68.27,47.74,7.76,10.54,0.2502,0,BS_202112_BU01_NA,95.0,243.77,4.26,93.72,933.14,1157.19,0,2021,52.589999999999996,0.3119217081850534,44.83,33.613534,154.31,1087.45,1062.19,2.3000000000000114,28.53353399999999,,338.50264649999997,536.2349999999999,1065.2483333333332,0.091,0.3177687642474603,0.2267687642474603,241.56504816666666,1.980829300586497,Strong Creator
FP_202201_BU01_NA,2022-01-31,BU01,North America,USD,149.93,60.73,43.83,7.85,9.43,0.2472,0,BS_202201_BU01_NA,98.82,229.7,4.01,84.93,934.72,1171.51,0,2022,45.37000000000002,0.30260788367905034,37.52000000000002,28.245056000000012,148.77999999999997,1083.5,1072.69,-5.53000000000003,32.195056000000044,0.12063681889528377,341.64594249999993,541.4449999999999,1068.77,0.098,0.3196627361359319,0.22166273613593188,236.90648249999992,1.981161521484177,Strong Creator
FP_202202_BU01_NA,2022-02-28,BU01,North America,USD,154.28,62.59,45.36,7.94,10.06,0.2474,0,BS_202202_BU01_NA,102.98,249.99,4.41,96.2,936.84,1188.42,0,2022,46.33,0.30029815919108116,38.39,28.892314,158.2,1095.04,1085.44,9.420000000000016,17.35231399999998,0.15825825825825834,344.95503649999995,547.1149999999999,1072.165,0.098,0.3217368935751493,0.22373689357514928,239.88286649999995,1.98393390786215,Strong Creator
FP_202203_BU01_NA,2022-03-31,BU01,North America,USD,171.55,69.47,49.5,8.04,11.33,0.2466,0,BS_202203_BU01_NA,106.66,250.72,4.47,95.95,940.13,1204.47,0,2022,52.58000000000001,0.30649956280967655,44.54000000000001,33.556436000000005,159.24,1099.37,1097.81,1.0400000000000205,29.226435999999985,0.17588594146274605,349.6483525,554.475,1075.6458333333333,0.098,0.3250589940152234,0.22705899401522342,244.2350608333333,1.9799089228549527,Strong Creator
FP_202204_BU01_NA,2022-04-30,BU01,North America,USD,165.47,67.17,48.57,8.14,11.26,0.2506,0,BS_202204_BU01_NA,108.8,253.81,4.57,96.4,943.25,1219.09,0,2022,49.73,0.30053786184806913,41.589999999999996,31.167546,161.98,1105.23,1110.29,2.7399999999999807,25.307546000000023,0.15883465228657467,353.23337050000004,560.6949999999999,1079.3216666666665,0.098,0.32727349168382003,0.22927349168382002,247.45984716666672,1.9802031407449685,Strong Creator
FP_202205_BU01_NA,2022-05-31,BU01,North America,USD,167.55,67.77,48.8,8.25,11.43,0.2471,0,BS_202205_BU01_NA,109.29,244.91,4.5,93.09,946.43,1234.62,0,2022,50.98000000000002,0.3042673828707849,42.73000000000002,32.17141700000001,156.32,1102.75,1125.33,-5.659999999999997,34.65141700000001,0.15679370339685184,358.03562750000003,568.145,1082.87,0.098,0.33063583578822947,0.23263583578822947,251.91436750000003,1.9807091499529168,Strong Creator
FP_202206_BU01_NA,2022-06-30,BU01,North America,USD,176.68,71.57,51.28,8.36,12.45,0.2444,0,BS_202206_BU01_NA,108.4,268.76,4.76,102.8,950.52,1250.08,0,2022,53.83000000000001,0.3046751188589541,45.47000000000001,34.357132000000014,170.71999999999997,1121.24,1141.6799999999998,14.399999999999977,15.867132000000037,0.16259788116075558,362.6658155,575.235,1087.1991666666665,0.098,0.33357808451226745,0.23557808451226744,256.12029716666666,1.984719288638556,Strong Creator
FP_202207_BU01_NA,2022-07-31,BU01,North America,USD,163.59,65.49,48.36,8.47,11.12,0.24685,0,BS_202207_BU01_NA,106.44,246.22,4.36,90.85,953.17,1263.5,0,2022,49.74000000000001,0.3040528149642399,41.27000000000001,31.082500500000005,159.73000000000002,1112.9,1157.06,-10.989999999999952,39.42250049999996,0.15220453585011984,366.7606410000001,581.915,1091.7141666666666,0.098,0.33594932831166896,0.23794932831166896,259.7726526666668,1.988365998470567,Strong Creator
FP_202208_BU01_NA,2022-08-31,BU01,North America,USD,165.92,66.88,48.54,8.57,10.6,0.2493,0,BS_202208_BU01_NA,104.23,251.52,4.36,93.65,955.2,1278.28,0,2022,50.49999999999999,0.3043635486981678,41.92999999999999,31.476850999999996,162.23000000000002,1117.43,1174.05,2.5,26.946850999999995,0.12495762424571133,370.09472900000003,587.725,1096.0600000000002,0.098,0.3376591874532416,0.23965918745324158,262.680849,1.997617933557361,Strong Creator
FP_202209_BU01_NA,2022-09-30,BU01,North America,USD,181.53,68.22999999999999,52.91,8.67,11.75,0.2425,0,BS_202209_BU01_NA,103.09,274.68,4.65,104.7,958.28,1294.91,0,2022,60.390000000000015,0.3326722855726327,51.72000000000001,39.177900000000015,174.63,1132.9099999999999,1191.8200000000002,12.399999999999977,23.69790000000004,0.21869020845221732,384.88475250000005,608.19,1100.8149999999998,0.098,0.3496361809204999,0.2516361809204999,277.00488250000006,1.9596178825695918,Strong Creator
FP_202210_BU01_NA,2022-10-31,BU01,North America,USD,173.76,69.58,50.89,8.78,11.2,0.2467,0,BS_202210_BU01_NA,103.43,255.09,4.43,95.67,960.7,1306.99,0,2022,53.28999999999999,0.30668738489871084,44.50999999999999,33.52938299999999,163.84999999999997,1124.55,1203.56,-10.78000000000003,41.889383000000024,0.15516553649780618,389.2781995,615.3400000000001,1105.395,0.098,0.3521620773569629,0.25416207735696295,280.9494895,1.9559268046933398,Strong Creator
FP_202211_BU01_NA,2022-11-30,BU01,North America,USD,173.71,70.17,51.88,8.88,10.73,0.2493,0,BS_202211_BU01_NA,104.94,271.52,4.57,101.71,962.55,1316.53,0,2022,51.660000000000004,0.29739220539980427,42.78,32.114946,174.38,1136.9299999999998,1211.59,10.53000000000003,19.734945999999976,0.0745391562538662,389.38501550000007,616.9900000000001,1109.9416666666668,0.098,0.3508157475242693,0.2528157475242693,280.6107321666667,1.9637109191396938,Strong Creator
FP_202212_BU01_NA,2022-12-31,BU01,North America,USD,185.88,75.12,54.16,8.98,11.5,0.2497,0,BS_202212_BU01_NA,108.29,276.22,4.68,104.62,965.07,1325.99,0,2022,56.599999999999994,0.3044975252851302,47.61999999999999,35.72928599999999,176.28000000000003,1141.3500000000001,1217.7,1.900000000000034,31.309285999999958,0.10249110320284704,391.5007675,621.0000000000001,1114.4333333333334,0.098,0.3513003028444949,0.2533003028444949,282.2863008333333,1.960869565217391,Strong Creator
FP_202301_BU01_NA,2023-01-31,BU01,North America,USD,168.44,68.28,50.86,9.09,10.33,0.2488,0,BS_202301_BU01_NA,112.66,259.26,4.45,95.94,966.31,1337.82,0,2023,49.3,0.29268582284492994,40.209999999999994,30.205751999999993,167.76999999999998,1134.08,1225.1599999999999,-8.510000000000048,37.47575200000004,0.12345761355299123,393.46146350000004,624.9300000000001,1118.6483333333333,0.104,0.35172936102945673,0.24772936102945675,277.12203683333337,1.9604755732642052,Strong Creator
FP_202302_BU01_NA,2023-02-28,BU01,North America,USD,178.57,72.26,53.03,9.19,11.65,0.2467,0,BS_202302_BU01_NA,117.42,269.67499999999995,5.01,110.86,968.77,1355.51,0,2023,53.27999999999999,0.29837038696309565,44.08999999999999,33.21299699999999,163.82499999999993,1132.5949999999998,1238.09,-3.94500000000005,34.697997000000036,0.15744101633393814,397.7821465,631.88,1121.7779166666667,0.104,0.3545997301159209,0.2505997301159209,281.1172431666667,1.9593751978223712,Strong Creator
FP_202303_BU01_NA,2023-03-31,BU01,North America,USD,187.67,76.18,53.48,9.3,12.82,0.2503,0,BS_202303_BU01_NA,120.85,280.09,4.92,106.01,972.29,1366.42,0,2023,58.009999999999984,0.30910641018809604,48.70999999999998,36.51788699999999,179.0,1151.29,1245.5700000000002,15.175000000000068,17.822886999999916,0.09396677353541216,400.74359749999996,637.31,1126.1045833333333,0.104,0.35586712231804996,0.25186712231805,283.6287208333333,1.9544177872620865,Strong Creator
FP_202304_BU01_NA,2023-04-30,BU01,North America,USD,185.26,74.23,55.6,9.42,12.63,0.2499,0,BS_202304_BU01_NA,122.93,288.15,5.06,107.41,975.5,1382.79,0,2023,55.429999999999986,0.29920112274641036,46.009999999999984,34.51210099999999,185.79999999999998,1161.3,1259.86,6.799999999999983,24.502101000000003,0.11959871880099104,404.0881525,643.01,1130.7770833333334,0.104,0.35735438793012914,0.25335438793012915,286.4873358333333,1.9593163403368532,Strong Creator
FP_202305_BU01_NA,2023-05-31,BU01,North America,USD,188.33,76.01,54.38,9.54,13.13,0.2513,0,BS_202305_BU01_NA,123.2,279.11,5.02,105.28,979.09,1395.62,0,2023,57.940000000000005,0.3076514628577497,48.400000000000006,36.23708,178.85,1157.94,1272.4199999999998,-6.949999999999989,39.597079999999984,0.1240226797970756,408.15381549999995,649.97,1135.37625,0.104,0.35948771651688144,0.25548771651688146,290.0746855,1.9576595842885054,Strong Creator
FP_202306_BU01_NA,2023-06-30,BU01,North America,USD,204.14,82.77,59.1,9.66,13.61,0.246,0,BS_202306_BU01_NA,122.18,309.41,5.47,118.93,983.04,1416.95,0,2023,62.26999999999999,0.305035759772705,52.609999999999985,39.66793999999999,195.95000000000005,1178.99,1294.77,17.10000000000005,18.617939999999933,0.1554222322843557,413.46462349999996,658.41,1140.18875,0.104,0.3626282258091039,0.25862822580910394,294.88499349999995,1.9665102291884997,Strong Creator
FP_202307_BU01_NA,2023-07-31,BU01,North America,USD,187.06,76.01,55.15,9.78,12.43,0.2469,0,BS_202307_BU01_NA,119.91,284.21,5.06,105.96,985.69,1427.39,0,2023,55.9,0.2988345985245376,46.12,34.732972,183.31,1169.0,1307.48,-12.640000000000043,44.72297200000004,0.1434684271654747,417.1150949999999,664.5699999999999,1144.8637499999998,0.104,0.3643360137832995,0.2603360137832995,298.04926499999993,1.967407496576734,Strong Creator
FP_202308_BU01_NA,2023-08-31,BU01,North America,USD,189.59,76.68,55.69,9.9,12.06,0.2492,0,BS_202308_BU01_NA,117.58,282.16,5.04,106.29,987.85,1443.18,0,2023,57.22,0.30180916715016615,47.32,35.527856,180.91000000000003,1168.76,1325.6000000000001,-2.3999999999999773,35.76785599999997,0.14265911282545818,421.1661,671.29,1149.14125,0.104,0.36650507498534235,0.26250507498534237,301.65540999999996,1.9747054179266788,Strong Creator
FP_202309_BU01_NA,2023-09-30,BU01,North America,USD,205.07,83.54,59.39,10.01,12.95,0.2466,0,BS_202309_BU01_NA,116.15,307.93,5.36,119.37,990.79,1456.45,0,2023,62.139999999999986,0.3030184814941239,52.12999999999999,39.27474199999999,193.92000000000002,1184.71,1340.3,13.009999999999991,23.324742,0.1296755357241226,421.26294199999995,673.04,1153.4579166666667,0.104,0.36521743525536793,0.26121743525536795,301.3033186666666,1.991412100320932,Strong Creator
FP_202310_BU01_NA,2023-10-31,BU01,North America,USD,199.64,80.66,58.31,10.13,12.34,0.2474,0,BS_202310_BU01_NA,116.5,294.66,5.14,111.32,993.0,1467.02,0,2023,60.66999999999999,0.30389701462632734,50.539999999999985,38.03640399999998,188.48000000000002,1181.48,1350.52,-5.439999999999998,41.26640399999998,0.14894106813996322,425.7699629999999,680.4199999999998,1158.2020833333333,0.104,0.3676128450525868,0.2636128450525868,305.31694633333325,1.9848328973281213,Strong Creator
FP_202311_BU01_NA,2023-11-30,BU01,North America,USD,205.94,82.81,59.29,10.24,12.87,0.2525,0,BS_202311_BU01_NA,119.18,307.37,5.37,117.5,995.63,1486.62,0,2023,63.839999999999996,0.309993201903467,53.599999999999994,40.065999999999995,195.24,1190.87,1367.4399999999998,6.759999999999991,30.67600000000001,0.18553911691900282,433.72101699999985,692.5999999999999,1162.6970833333332,0.104,0.3730301066521696,0.26903010665216964,312.8005203333332,1.9743574935027433,Strong Creator
FP_202312_BU01_NA,2023-12-31,BU01,North America,USD,222.78,89.39,63.11,10.37,13.51,0.2446,0,BS_202312_BU01_NA,123.9,327.99,5.54,124.12,998.77,1510.4,0,2023,70.27999999999999,0.3154681748810485,59.90999999999999,45.256013999999986,209.41000000000003,1208.18,1386.5,14.170000000000016,27.94601399999997,0.198515171078115,443.2477449999999,706.2799999999999,1168.26625,0.104,0.3794064452345516,0.2754064452345516,321.7480549999999,1.963102452285213,Strong Creator
FP_202401_BU01_NA,2024-01-31,BU01,North America,USD,207.39,83.51,61.28,10.49,13.01,0.2449,0,BS_202401_BU01_NA,129.88,307.29,5.37,115.28,1001.29,1534.8,0,2024,62.59999999999998,0.30184676213896516,52.10999999999998,39.34826099999999,197.38000000000002,1198.67,1404.92,-12.030000000000001,48.85826099999999,0.2312396105438137,452.3902539999999,719.5799999999999,1173.64875,0.101,0.38545625682300594,0.2844562568230059,333.8517302499999,1.9524166875121602,Strong Creator
FP_202402_BU01_NA,2024-02-29,BU01,North America,USD,201.67,80.86,59.63,10.61,12.84,0.245,0,BS_202402_BU01_NA,135.08,322.5,5.53,120.64,1003.52,1552.11,0,2024,61.179999999999986,0.3033668864977438,50.569999999999986,38.18034999999999,207.39,1210.9099999999999,1417.03,10.009999999999962,25.940350000000024,0.129361034888279,457.3576069999999,727.4799999999999,1180.175,0.101,0.38753371915182067,0.2865337191518207,338.1599319999999,1.9478611095837688,Strong Creator
FP_202403_BU01_NA,2024-03-31,BU01,North America,USD,219.88,88.31,63.59,10.74,14.73,0.246,0,BS_202403_BU01_NA,139.83,319.03,5.66,121.4,1007.51,1566.5,0,2024,67.97999999999999,0.30916863743860284,57.23999999999999,43.15895999999999,203.29,1210.8,1426.67,-4.099999999999994,43.26895999999999,0.17163105451057703,463.9986799999999,737.4499999999999,1185.1341666666667,0.101,0.39151573977911075,0.2905157397791107,344.3001291666666,1.9345989558614145,Strong Creator
FP_202404_BU01_NA,2024-04-30,BU01,North America,USD,219.13,87.97,63.4,10.88,15.26,0.2464,0,BS_202404_BU01_NA,142.87,323.92,5.88,124.13,1011.89,1583.14,0,2024,67.75999999999999,0.30922283575959475,56.87999999999999,42.86476799999999,205.67000000000002,1217.56,1440.27,2.380000000000024,36.10476799999997,0.18282413904782469,472.35134699999986,749.78,1189.8225,0.101,0.39699312040241286,0.2959931204024129,352.17927449999985,1.9209234708847929,Strong Creator
FP_202405_BU01_NA,2024-05-31,BU01,North America,USD,222.22,89.46,64.31,11.02,15.48,0.246,0,BS_202405_BU01_NA,143.75,319.92,5.89,122.08,1016.35,1595.66,0,2024,68.44999999999999,0.30802808028080275,57.42999999999999,43.30221999999999,203.73000000000002,1220.08,1451.91,-1.9399999999999977,40.78221999999998,0.17995008761217002,479.4164869999999,760.2899999999998,1195.0008333333333,0.101,0.40118506500344137,0.30018506500344133,358.72140283333323,1.9096792013573773,Strong Creator
FP_202406_BU01_NA,2024-06-30,BU01,North America,USD,239.3,95.6,67.71,11.17,16.82,0.2489,0,BS_202406_BU01_NA,142.74,356.01,6.36,136.0,1022.0,1618.01,0,2024,75.99000000000002,0.3175511909736733,64.82000000000002,48.68630200000002,226.37,1248.37,1475.27,22.639999999999986,20.396302000000034,0.17223474086411295,488.43484899999993,774.0099999999999,1200.7825,0.101,0.4067637969407448,0.30576379694074485,367.1558164999999,1.9060089662924253,Strong Creator
FP_202407_BU01_NA,2024-07-31,BU01,North America,USD,219.98,87.84,64.91,11.21,14.95,0.2455,0,BS_202407_BU01_NA,140.39,322.98,5.88,120.29,1025.74,1630.04,0,2024,67.22999999999999,0.3056186926084189,56.01999999999999,42.26708999999999,208.57,1234.31,1489.65,-17.80000000000001,56.32709,0.17598631455148084,495.96896699999996,785.3399999999999,1206.225,0.101,0.41117450475657524,0.31017450475657526,374.14024199999994,1.8968217587287037,Strong Creator
FP_202408_BU01_NA,2024-08-31,BU01,North America,USD,224.32,90.72,66.36,11.15,14.75,0.2458,0,BS_202408_BU01_NA,138.03,332.1,5.96,125.45,1029.34,1647.83,0,2024,67.24,0.29975035663338084,56.089999999999996,42.303078,212.61,1241.9499999999998,1509.8,4.0400000000000205,34.66307799999998,0.18318476712906784,502.7441889999999,795.3599999999999,1212.3241666666665,0.101,0.41469452051122185,0.3136945205112218,380.2994481666666,1.8982599074632873,Strong Creator
FP_202409_BU01_NA,2024-09-30,BU01,North America,USD,247.36,100.73,70.56,11.09,15.08,0.2483,0,BS_202409_BU01_NA,137.11,368.71,6.46,143.59,1033.33,1673.73,0,2024,76.07,0.307527490297542,64.97999999999999,48.845465999999995,231.57999999999996,1264.9099999999999,1536.62,18.969999999999942,25.88546600000005,0.20622226556785495,512.3149129999999,809.29,1219.0075,0.101,0.4202721582927094,0.3192721582927094,389.19515549999994,1.8987260438161846,Strong Creator
FP_202410_BU01_NA,2024-10-31,BU01,North America,USD,239.79,96.94,69.95,11.04,15.07,0.2476,0,BS_202410_BU01_NA,138.03,354.64,6.2,133.96,1037.36,1690.91,0,2024,72.89999999999999,0.3040160140122607,61.85999999999999,46.54346399999999,226.87999999999997,1264.2399999999998,1552.88,-4.699999999999989,47.21346399999998,0.20111200160288534,520.821973,821.52,1225.9041666666665,0.101,0.42484721657823993,0.3238472165782399,397.00565216666666,1.8902522154055899,Strong Creator
FP_202411_BU01_NA,2024-11-30,BU01,North America,USD,239.7,96.35,69.71,10.99,14.74,0.248,0,BS_202411_BU01_NA,140.97,365.94,6.32,137.99,1041.11,1708.02,0,2024,73.64,0.3072173550271172,62.65,47.1128,234.26999999999998,1275.3799999999999,1567.05,7.390000000000015,35.972799999999985,0.16393124210935217,527.8687729999999,831.3199999999999,1232.9466666666665,0.101,0.42813593423884244,0.32713593423884246,403.3411596666666,1.8850141942934129,Strong Creator
FP_202412_BU01_NA,2024-12-31,BU01,North America,USD,257.48,103.17,73.44,10.94,16.2,0.2427,0,BS_202412_BU01_NA,146.08,369.78,6.43,141.15,1046.37,1727.7,0,2024,80.87,0.3140826471958987,69.93,52.957989000000005,235.05999999999997,1281.4299999999998,1581.6200000000001,0.789999999999992,46.907989000000015,0.1557590447975583,535.570748,841.91,1239.0508333333335,0.101,0.43224275678762164,0.3312427567876216,410.4266138333333,1.8786093525436212,Strong Creator
FP_202501_BU01_NA,2025-01-31,BU01,North America,USD,235.9,94.42,69.63,10.9,14.81,0.2462,0,BS_202501_BU01_NA,152.17,348.62,6.09,129.91,1050.28,1712.19,0,2025,71.85000000000002,0.3045782111064011,60.950000000000024,45.94411000000002,224.79999999999998,1275.08,1560.02,-10.259999999999991,52.29411000000001,0.13747046627127646,542.166597,851.16,1245.418333333333,0.099,0.4353289031396413,0.33632890313964126,418.87018200000006,1.8328163917477325,Strong Creator
FP_202502_BU01_NA,2025-02-28,BU01,North America,USD,238.64,95.54,70.67,10.87,15.85,0.2471,0,BS_202502_BU01_NA,158.83,383.64,6.62,146.13,1055.26,1718.64,0,2025,72.42999999999996,0.3035115655380488,61.55999999999997,46.348523999999976,244.13,1299.3899999999999,1559.8100000000002,19.330000000000013,22.03852399999996,0.18331928397877717,550.3347709999999,862.41,1252.7916666666665,0.099,0.43928674307380183,0.3402867430738018,426.30839599999996,1.8086640924850133,Strong Creator
FP_202503_BU01_NA,2025-03-31,BU01,North America,USD,259.22,103.77,75.69,10.84,17.53,0.2461,0,BS_202503_BU01_NA,164.49,377.14,6.61,142.66,1061.95,1726.58,0,2025,79.76000000000005,0.3076923076923078,68.92000000000004,51.958788000000034,241.09,1303.04,1562.09,-3.039999999999992,48.30878800000002,0.17891577223940347,559.134599,874.1899999999999,1260.4783333333332,0.099,0.44358921864318707,0.34458921864318703,434.347244,1.786899873025315,Strong Creator
FP_202504_BU01_NA,2025-04-30,BU01,North America,USD,261.05,104.37,77.05,10.83,17.96,0.249,0,BS_202504_BU01_NA,168.19,399.32,6.96,150.03,1069.08,1802.95,0,2025,79.63000000000001,0.3050373491668263,68.80000000000001,51.66880000000001,256.25,1325.33,1634.76,15.159999999999997,29.378800000000012,0.19130196686898193,567.938631,886.06,1269.4591666666665,0.099,0.44738629324430157,0.3483862932443016,442.2621735,1.8449766381509154,Strong Creator
FP_202505_BU01_NA,2025-05-31,BU01,North America,USD,260.78,104.42,76.47,10.83,18.33,0.2466,0,BS_202505_BU01_NA,169.15,393.29,6.87,145.9,1076.58,1900.95,0,2025,79.88999999999996,0.306350180228545,69.05999999999996,52.02980399999997,254.26000000000002,1330.84,1731.8,-1.9899999999999807,46.51980399999995,0.17352173521735215,576.6662150000001,897.5,1278.6891666666666,0.099,0.4509823263016098,0.35198232630160975,450.0759875000001,1.9295821727019498,Strong Creator
FP_202506_BU01_NA,2025-06-30,BU01,North America,USD,274.04,110.16,80.36,10.83,18.65,0.2449,0,BS_202506_BU01_NA,167.59,418.1,7.37,158.48,1084.4,2012.78,0,2025,83.52000000000002,0.3047730258356445,72.69000000000003,54.88821900000002,266.99,1351.39,1845.19,12.72999999999999,34.33821900000003,0.14517342248223986,582.8681320000001,905.0300000000001,1287.2741666666664,0.099,0.45279253409497733,0.35379253409497735,455.4279895000001,2.038816392826757,Strong Creator
FP_202507_BU01_NA,2025-07-31,BU01,North America,USD,255.59,102.64,76.59,10.91,17.34,0.2503,0,BS_202507_BU01_NA,164.66,385.07,6.88,142.56,1090.83,2129.63,0,2025,76.35999999999999,0.298759732383896,65.44999999999999,49.06786499999999,249.39,1340.2199999999998,1964.97,-17.600000000000023,60.23786500000001,0.16187835257750716,589.6689070000001,914.16,1296.1,0.099,0.45495633593086965,0.3559563359308696,461.3550070000001,2.149481491205041,Strong Creator
FP_202508_BU01_NA,2025-08-31,BU01,North America,USD,261.22,105.33,76.76,11.07,16.83,0.2524,0,BS_202508_BU01_NA,161.69,392.95,6.95,147.01,1096.59,2254.53,0,2025,79.13000000000004,0.30292473776893053,68.06000000000003,50.88165600000003,252.89,1349.48,2092.84,3.5,41.62165600000003,0.16449714693295303,598.2474850000001,926.0500000000001,1305.0608333333332,0.099,0.4584058227170765,0.35940582271707655,469.0464625000001,2.25996436477512,Strong Creator
FP_202509_BU01_NA,2025-09-30,BU01,North America,USD,283.48,113.65,83.54,11.23,17.72,0.2506,0,BS_202509_BU01_NA,159.91,426.67,7.39,162.73,1103.08,2393.86,0,2025,86.29,0.3043953718075349,75.06,56.249964000000006,271.33000000000004,1374.4099999999999,2233.9500000000003,18.440000000000055,31.319963999999956,0.1460219922380337,605.6519830000001,936.27,1314.1858333333332,0.099,0.46085718445450713,0.3618571844545071,475.5475855000001,2.386010445704765,Strong Creator
FP_202510_BU01_NA,2025-10-31,BU01,North America,USD,275.66,110.47,81.7,11.39,16.77,0.2506,0,BS_202510_BU01_NA,160.41,407.57,7.11,152.62,1108.46,2494.5,0,2025,83.49000000000002,0.3028731045490823,72.10000000000002,54.03174000000002,262.06,1370.52,2334.09,-9.270000000000039,57.92174000000007,0.14958922390424978,613.1402590000001,946.86,1323.0425,0.099,0.4634320205133245,0.36443202051332446,482.15905150000015,2.465084595399531,Strong Creator
FP_202511_BU01_NA,2025-11-30,BU01,North America,USD,290.77,116.75,83.73,11.55,17.08,0.2459,0,BS_202511_BU01_NA,164.45,443.75,7.56,167.85,1113.99,2574.75,0,2025,90.28999999999998,0.3105203425387763,78.73999999999998,59.377833999999986,283.46000000000004,1397.45,2410.3,21.400000000000034,32.44783399999996,0.21305798915310814,625.4052930000001,963.51,1333.215,0.099,0.46909560198467626,0.3700956019846763,493.4170080000001,2.5015827547197227,Strong Creator
FP_202512_BU01_NA,2025-12-31,BU01,North America,USD,306.85,123.4,88.71,11.71,19.06,0.2471,0,BS_202512_BU01_NA,170.89,436.46,7.66,167.93,1121.34,2587.49,0,2025,94.74000000000002,0.3087502036825811,83.03000000000003,62.51328700000003,276.19,1397.53,2416.6,-7.270000000000039,62.433287000000064,0.19174304800372854,634.9605910000001,977.3800000000001,1342.8899999999999,0.099,0.47283142401834866,0.3738314240183487,502.01448100000016,2.4725285968609954,Strong Creator
FP_202101_BU02_APAC,2021-01-31,BU02,Asia Pacific,USD,95.32,56.98,21.52,4.97,5.88,0.2215,0,BS_202101_BU02_APAC,57.96,166.41,135.44,62.6,894.23,679.54,0,2021,16.819999999999997,0.17645824590851866,11.849999999999998,9.225224999999998,239.25000000000003,1133.48,621.5799999999999,0.0,8.315224999999998,,,,,0.091,,,,,Not Available
FP_202102_BU02_APAC,2021-02-28,BU02,Asia Pacific,USD,95.33,57.13,21.49,5.01,6.07,0.2281,0,BS_202102_BU02_APAC,57.08,172.23,134.56,97.57,895.29,680.72,0,2021,16.709999999999997,0.17528584915556486,11.699999999999998,9.031229999999999,209.21999999999997,1104.51,623.64,-30.030000000000058,38.00123000000006,,,,,0.091,,,,,Not Available
FP_202103_BU02_APAC,2021-03-31,BU02,Asia Pacific,USD,104.32,62.45,22.56,5.05,6.81,0.2231,0,BS_202103_BU02_APAC,55.51,165.37,124.04,83.9,897.05,680.76,0,2021,19.30999999999999,0.1851035276073619,14.259999999999991,11.078593999999994,205.51000000000002,1102.56,625.25,-3.709999999999951,13.028593999999945,,,,,0.091,,,,,Not Available
FP_202104_BU02_APAC,2021-04-30,BU02,Asia Pacific,USD,107.87,64.6,22.98,5.09,6.96,0.2269,0,BS_202104_BU02_APAC,54.07,173.21,130.41,110.85,898.92,683.93,0,2021,20.29000000000001,0.18809678316492082,15.20000000000001,11.751120000000007,192.77,1091.69,629.8599999999999,-12.740000000000009,22.621120000000015,,,,,0.091,,,,,Not Available
FP_202105_BU02_APAC,2021-05-31,BU02,Asia Pacific,USD,114.16,68.53,24.09,5.13,7.45,0.2205,0,BS_202105_BU02_APAC,52.92,173.58,132.74,107.12,901.24,688.76,0,2021,21.539999999999996,0.18868255080588645,16.409999999999997,12.791594999999997,199.20000000000005,1100.44,635.84,6.430000000000035,4.041594999999962,,,,,0.091,,,,,Not Available
FP_202106_BU02_APAC,2021-06-30,BU02,Asia Pacific,USD,111.99,66.9,23.67,5.17,7.38,0.2233,0,BS_202106_BU02_APAC,52.5,179.14,134.79,108.64,903.45,693.81,0,2021,21.419999999999987,0.19126707741762647,16.249999999999986,12.621374999999988,205.28999999999996,1108.74,641.31,6.089999999999918,4.321375000000071,,,,,0.091,,,,,Not Available
FP_202107_BU02_APAC,2021-07-31,BU02,Asia Pacific,USD,112.98,66.94,23.77,5.22,7.17,0.2251,0,BS_202107_BU02_APAC,53.02,171.58,134.28,100.94,905.4,699.1,0,2021,22.270000000000007,0.19711453354576036,17.050000000000008,13.212045000000007,204.92000000000002,1110.32,646.08,-0.3699999999999477,11.632044999999954,,,,,0.091,,,,,Not Available
FP_202108_BU02_APAC,2021-08-31,BU02,Asia Pacific,USD,120.21,71.22,24.67,5.26,7.45,0.2205,0,BS_202108_BU02_APAC,54.55,179.64,147.91,123.92,907.59,708.13,0,2021,24.319999999999993,0.20231261958239743,19.059999999999995,14.857269999999996,203.62999999999994,1111.22,653.58,-1.2900000000000773,13.957270000000076,,,,,0.091,,,,,Not Available
FP_202109_BU02_APAC,2021-09-30,BU02,Asia Pacific,USD,122.41,72.98,25.11,5.31,7.69,0.2223,0,BS_202109_BU02_APAC,56.4,185.5,166.17,135.45,909.97,714.35,0,2021,24.319999999999993,0.1986765787108896,19.009999999999994,14.784076999999996,216.21999999999997,1126.19,657.95,12.590000000000032,-0.18592300000003803,,,,,0.091,,,,,Not Available
FP_202110_BU02_APAC,2021-10-31,BU02,Asia Pacific,USD,137.17,81.67,26.74,5.35,8.47,0.2251,0,BS_202110_BU02_APAC,58.43,201.2,180.78,139.87,913.09,722.76,0,2021,28.759999999999987,0.20966683677188883,23.40999999999999,18.14040899999999,242.11,1155.2,664.33,25.890000000000043,-10.869591000000051,,,,,0.091,,,,,Not Available
FP_202111_BU02_APAC,2021-11-30,BU02,Asia Pacific,USD,152.26,90.88,27.76,5.41,8.84,0.2235,0,BS_202111_BU02_APAC,59.98,230.26,194.16,157.52,916.52,729.14,0,2021,33.61999999999999,0.22080651517141725,28.20999999999999,21.90506499999999,266.9,1183.42,669.16,24.789999999999964,-6.3149349999999735,,,,,0.091,,,,,Not Available
FP_202112_BU02_APAC,2021-12-31,BU02,Asia Pacific,USD,160.53,95.68,29.24,5.46,9.55,0.2257,0,BS_202112_BU02_APAC,60.81,238.0,194.12,143.85,920.61,736.41,0,2021,35.61,0.22182769575780228,30.15,23.345145,288.27,1208.88,675.5999999999999,21.370000000000005,-2.1148550000000057,,172.74314999999996,284.98999999999995,1128.0541666666666,0.091,0.15313373692900384,0.06213373692900384,70.0902208333333,2.3706094950700027,Strong Creator
FP_202201_BU02_APAC,2022-01-31,BU02,Asia Pacific,USD,99.25,59.5,22.24,5.51,6.04,0.2281,0,BS_202201_BU02_APAC,60.68,167.47,140.82,64.19,921.14,735.42,0,2022,17.51,0.17642317380352646,12.000000000000002,9.262800000000002,244.09999999999997,1165.24,674.74,-44.170000000000016,52.90280000000001,0.04122954259336975,172.78072499999996,285.67999999999995,1130.7008333333333,0.098,0.15280852362214878,0.054808523622148775,61.97204333333329,2.3618734248109776,Strong Creator
FP_202202_BU02_APAC,2022-02-28,BU02,Asia Pacific,USD,100.2,59.89,22.72,5.54,6.29,0.2281,0,BS_202202_BU02_APAC,59.74,175.0,141.07,102.14,921.89,735.69,0,2022,17.590000000000003,0.1755489021956088,12.050000000000004,9.301395000000003,213.93,1135.82,675.95,-30.16999999999996,38.72139499999996,0.051085702297283264,173.05088999999998,286.56,1133.3100000000002,0.098,0.15269510548746587,0.05469510548746587,61.98650999999995,2.3588428252372977,Strong Creator
FP_202203_BU02_APAC,2022-03-31,BU02,Asia Pacific,USD,110.4,66.22,24.06,5.58,6.97,0.2229,0,BS_202203_BU02_APAC,58.31,165.05,131.86,88.65,923.28,737.44,0,2022,20.120000000000008,0.18224637681159428,14.540000000000008,11.299034000000006,208.26000000000002,1131.54,679.1300000000001,-5.6699999999999875,15.579033999999993,0.05828220858895716,173.27132999999998,287.37,1135.7250000000001,0.098,0.15256451165555038,0.054564511655550374,61.97027999999996,2.36325990882834,Strong Creator
FP_202204_BU02_APAC,2022-04-30,BU02,Asia Pacific,USD,114.11,68.5,24.06,5.63,7.55,0.2253,0,BS_202204_BU02_APAC,56.77,179.49,257.02,116.56,925.2,740.84,1,2022,21.55,0.1888528612742091,15.920000000000002,12.333224000000001,319.95,1245.15,684.07,111.68999999999997,-101.27677599999997,0.05784740891814222,173.85343399999996,288.63,1148.5133333333333,0.098,0.15137258659020064,0.05337258659020064,61.29912733333329,2.370058552472023,Strong Creator
FP_202205_BU02_APAC,2022-05-31,BU02,Asia Pacific,USD,121.45,72.54,25.36,5.67,8.15,0.2245,0,BS_202205_BU02_APAC,55.66,187.14,141.23,113.78,927.68,748.73,0,2022,23.549999999999997,0.19390695759571838,17.879999999999995,13.865939999999997,214.59,1142.27,693.07,-105.35999999999999,116.74593999999998,0.06385774351786977,174.927779,290.63999999999993,1151.9991666666667,0.098,0.15184714022507248,0.053847140225072476,62.031860666666645,2.384633911368016,Strong Creator
FP_202206_BU02_APAC,2022-06-30,BU02,Asia Pacific,USD,125.74,74.83,25.85,5.72,8.26,0.2273,0,BS_202206_BU02_APAC,55.54,199.48,149.01,127.92,930.22,757.34,0,2022,25.059999999999995,0.19930014315253694,19.339999999999996,14.944017999999996,220.57,1150.79,701.8000000000001,5.97999999999999,6.424018000000006,0.12277881953745862,177.250422,294.28,1155.5033333333333,0.098,0.15339672062102805,0.055396720621028045,64.01109533333332,2.384803588419193,Strong Creator
FP_202207_BU02_APAC,2022-07-31,BU02,Asia Pacific,USD,120.86,72.17,25.38,5.77,7.84,0.2264,0,BS_202207_BU02_APAC,56.14,189.41,145.02,105.75,932.29,762.74,0,2022,23.31,0.19286778090352472,17.54,13.568944,228.68,1160.97,706.6,8.110000000000014,3.3889439999999844,0.06974685785094703,177.60732099999996,295.32,1159.7241666666666,0.098,0.15314617570701075,0.05514617570701075,63.95435266666662,2.3926588107815254,Strong Creator
FP_202208_BU02_APAC,2022-08-31,BU02,Asia Pacific,USD,122.01,73.04,25.57,5.82,7.43,0.2244,0,BS_202208_BU02_APAC,57.39,187.52,153.93,121.55,933.9,762.96,0,2022,23.4,0.1917875583968527,17.58,13.635048,219.90000000000003,1153.8,705.57,-8.779999999999973,20.80504799999997,0.014973795857250005,176.385099,294.4,1163.2725,0.098,0.15162835792989174,0.053628357929891735,62.384393999999986,2.39663722826087,Strong Creator
FP_202209_BU02_APAC,2022-09-30,BU02,Asia Pacific,USD,132.05,79.27,26.79,5.86,7.66,0.2278,0,BS_202209_BU02_APAC,59.5,204.87,178.13,153.56,935.7,769.35,0,2022,25.990000000000016,0.19681938659598647,20.130000000000017,15.544386000000014,229.44,1165.14,709.85,9.539999999999964,4.204386000000049,0.07875173596928375,177.145408,296.07,1166.5183333333334,0.098,0.1518582288319515,0.05385822883195149,62.82661133333332,2.3975748978282163,Strong Creator
FP_202210_BU02_APAC,2022-10-31,BU02,Asia Pacific,USD,146.73,88.78,28.7,5.91,8.78,0.225,0,BS_202210_BU02_APAC,61.73,222.72,194.11,153.56,938.57,776.7,0,2022,29.24999999999999,0.19934573706808417,23.33999999999999,18.088499999999993,263.27000000000004,1201.8400000000001,714.97,33.83000000000004,-18.61150000000005,0.06969453962236649,177.093499,296.56,1170.405,0.098,0.15130958856122453,0.05330958856122453,62.393809000000005,2.4108780685190183,Strong Creator
FP_202211_BU02_APAC,2022-11-30,BU02,Asia Pacific,USD,160.11,97.14,30.62,5.96,9.37,0.2269,0,BS_202211_BU02_APAC,63.5,251.07,207.33,168.13,941.98,782.16,0,2022,32.35000000000001,0.20204859159327965,26.390000000000008,20.402109000000006,290.27,1232.25,718.66,26.999999999999943,-10.007890999999937,0.051556548009983105,175.59054300000003,295.29,1174.4741666666666,0.098,0.14950566643654006,0.05150566643654006,60.492074666666696,2.4337431000033862,Strong Creator
FP_202212_BU02_APAC,2022-12-31,BU02,Asia Pacific,USD,165.25,100.42,31.15,6.02,9.78,0.2278,0,BS_202212_BU02_APAC,64.35,254.9,204.5,148.51,945.74,783.82,0,2022,33.68,0.2038124054462935,27.66,21.359052,310.89,1256.63,719.47,20.620000000000005,-3.020948000000004,0.02940260387466509,173.60445,293.36,1178.4533333333334,0.098,0.1473155067659305,0.049315506765930495,58.116023333333345,2.4525156803926915,Creator
FP_202301_BU02_APAC,2023-01-31,BU02,Asia Pacific,USD,109.5,67.02,24.69,6.07,6.68,0.2243,0,BS_202301_BU02_APAC,64.47,185.36,155.15,71.41,946.35,781.78,0,2023,17.790000000000003,0.16246575342465755,11.720000000000002,9.091204000000003,269.1,1215.45,717.31,-41.789999999999964,50.27120399999997,0.10327455919395456,173.43285400000002,293.64000000000004,1182.6375,0.104,0.14664920907716864,0.04264920907716864,50.438554000000025,2.4428211415338503,Creator
FP_202302_BU02_APAC,2023-02-28,BU02,Asia Pacific,USD,108.69,66.62,24.87,6.11,6.47,0.2259,0,BS_202302_BU02_APAC,63.61,191.42,155.97,113.06,946.71,776.87,0,2023,17.199999999999992,0.15824822890790313,11.089999999999993,8.584768999999994,234.32999999999998,1181.04,713.26,-34.77000000000004,42.99476900000003,0.08473053892215554,172.716228,293.25,1186.4058333333332,0.104,0.14557938198494474,0.04157938198494475,49.33002133333335,2.4322591645353793,Creator
FP_202303_BU02_APAC,2023-03-31,BU02,Asia Pacific,USD,116.42,71.56,25.17,6.15,7.22,0.2279,0,BS_202303_BU02_APAC,62.07,179.51,144.53,93.67,947.78,775.24,0,2023,19.689999999999998,0.16912901563305272,13.539999999999997,10.454233999999998,230.36999999999995,1178.1499999999999,713.17,-3.9600000000000364,13.344234000000036,0.054528985507246386,171.871428,292.82,1190.29,0.104,0.14439458283275505,0.04039458283275506,48.08126800000002,2.4355235298135374,Creator
FP_202304_BU02_APAC,2023-04-30,BU02,Asia Pacific,USD,118.9,73.32,25.97,6.19,7.8,0.2283,0,BS_202304_BU02_APAC,60.36,188.48,150.55,120.85,949.39,772.03,0,2023,19.610000000000014,0.16492851135407915,13.420000000000012,10.35621400000001,218.17999999999998,1167.57,711.67,-12.18999999999997,20.93621399999998,0.04197703969853661,169.894418,290.88,1183.825,0.104,0.14351311891538024,0.039513118915380244,46.776618,2.4466102860286028,Creator
FP_202305_BU02_APAC,2023-05-31,BU02,Asia Pacific,USD,125.37,77.29,26.93,6.24,8.16,0.2223,0,BS_202305_BU02_APAC,59.03,192.63,153.97,117.11,951.31,769.97,0,2023,21.15,0.16870064608758073,14.909999999999998,11.595507,229.49,1180.8,710.94,11.31000000000003,-1.634493000000031,0.032276657060518854,167.623985,288.48,1187.0358333333334,0.104,0.14121223664267366,0.03721223664267366,44.172258333333346,2.464434276206323,Creator
FP_202306_BU02_APAC,2023-06-30,BU02,Asia Pacific,USD,127.17,78.35,26.72,6.29,8.35,0.2239,0,BS_202306_BU02_APAC,58.41,204.09,157.39,129.04,953.37,767.03,0,2023,22.10000000000001,0.17378312495085324,15.81000000000001,12.270141000000008,232.44000000000003,1185.81,708.62,2.950000000000017,7.260140999999992,0.011372673771274044,164.95010800000003,285.52000000000004,1189.9541666666667,0.104,0.13861887509672993,0.03461887509672994,41.194874666666706,2.4818576632109832,Creator
FP_202307_BU02_APAC,2023-07-31,BU02,Asia Pacific,USD,122.08,75.09,26.67,6.34,7.79,0.2245,0,BS_202307_BU02_APAC,58.78,198.22,151.63,108.19,954.82,763.77,0,2023,20.319999999999993,0.1664482306684141,13.979999999999993,10.841489999999995,241.66000000000003,1196.48,704.99,9.219999999999999,0.1714899999999986,0.010094324011252764,162.22265400000003,282.53000000000003,1192.9133333333332,0.104,0.13598863342964287,0.03198863342964288,38.15966733333339,2.4952748380702934,Creator
FP_202308_BU02_APAC,2023-08-31,BU02,Asia Pacific,USD,123.87,76.39,26.87,6.39,7.98,0.2233,0,BS_202308_BU02_APAC,60.08,200.07,160.57,128.09,956.41,760.2,0,2023,20.610000000000003,0.16638411237587797,14.220000000000002,11.044674,232.54999999999998,1188.96,700.12,-9.110000000000042,18.564674000000043,0.01524465207769854,159.63228,279.74,1195.8433333333335,0.104,0.13348929207560634,0.02948929207560634,35.26457333333333,2.502752555944806,Creator
FP_202309_BU02_APAC,2023-09-30,BU02,Asia Pacific,USD,133.92,82.22,27.92,6.43,8.19,0.2247,0,BS_202309_BU02_APAC,61.97,216.89,184.24,159.16,958.17,757.76,0,2023,23.779999999999987,0.17756869772998798,17.349999999999987,13.45145499999999,241.97,1200.1399999999999,695.79,9.420000000000016,2.271454999999973,0.014161302536917608,157.53934900000002,277.53000000000003,1198.76,0.104,0.1314185900430445,0.02741859004304449,32.868309000000025,2.5070803156415518,Creator
FP_202310_BU02_APAC,2023-10-31,BU02,Asia Pacific,USD,147.67,90.25,29.38,6.48,8.67,0.2276,0,BS_202310_BU02_APAC,63.92,230.35,197.42,153.32,960.36,760.48,0,2023,28.03999999999999,0.18988284688833204,21.559999999999988,16.65294399999999,274.45,1234.81,696.5600000000001,32.47999999999999,-18.017055999999997,0.0064063245416752235,156.103793,276.32,1201.5075,0.104,0.12992327804861808,0.02592327804861809,31.147013000000015,2.520845396641575,Creator
FP_202311_BU02_APAC,2023-11-30,BU02,Asia Pacific,USD,166.45,101.04,31.28,6.54,9.66,0.2293,0,BS_202311_BU02_APAC,65.67,261.02,213.8,177.77,963.48,766.95,0,2023,34.12999999999998,0.2050465605286872,27.589999999999982,21.263612999999985,297.04999999999995,1260.53,701.2800000000001,22.599999999999966,-4.456386999999982,0.039597776528636386,156.96529699999996,278.09999999999997,1203.8641666666665,0.104,0.1303845577816434,0.026384557781643406,31.763423666666654,2.521682847896441,Creator
FP_202312_BU02_APAC,2023-12-31,BU02,Asia Pacific,USD,172.29,104.25,32.47,6.6,10.17,0.2215,0,BS_202312_BU02_APAC,66.65,273.51,210.93,156.76,967.05,775.34,0,2023,35.56999999999999,0.20645423414011257,28.96999999999999,22.553144999999994,327.68,1294.73,708.69,30.630000000000052,-11.646855000000059,0.0426021180030256,158.15938999999997,279.98999999999995,1207.0391666666667,0.104,0.1310308682333561,0.027030868233356112,32.627316666666644,2.531126111646845,Creator
FP_202401_BU02_APAC,2024-01-31,BU02,Asia Pacific,USD,105.56,63.78,24.74,6.65,6.59,0.2267,0,BS_202401_BU02_APAC,66.16,190.57,152.18,70.54,966.99,766.99,0,2024,17.040000000000003,0.1614247821144373,10.390000000000002,8.034587000000002,272.21,1239.2,700.83,-55.47000000000003,63.56458700000003,-0.035981735159817285,157.10277299999998,279.23999999999995,1209.0183333333332,0.101,0.1299424240878619,0.028942424087861907,34.99192133333332,2.5097765363128497,Creator
FP_202402_BU02_APAC,2024-02-29,BU02,Asia Pacific,USD,109.75,65.98,25.31,6.69,7.25,0.2232,0,BS_202402_BU02_APAC,64.96,188.36,151.5,107.48,967.55,763.6,0,2024,18.459999999999997,0.16820045558086558,11.769999999999996,9.142935999999995,232.38,1199.9299999999998,698.64,-39.829999999999984,48.41293599999998,0.009752507130370791,157.66093999999998,280.49999999999994,1210.5925,0.101,0.13023452565582555,0.029234525655825544,35.39109749999997,2.490695187165776,Creator
FP_202403_BU02_APAC,2024-03-31,BU02,Asia Pacific,USD,123.12,73.65,26.77,6.73,7.83,0.2263,0,BS_202403_BU02_APAC,63.4,183.72,146.48,104.43,968.65,766.8,0,2024,22.7,0.18437296946068873,15.969999999999999,12.355989,225.76999999999998,1194.42,703.4,-6.610000000000014,17.865989000000013,0.05755024909809303,159.56269499999996,283.50999999999993,1211.9483333333333,0.101,0.1316580010974065,0.03065800109740649,37.15591333333329,2.481041233113471,Creator
FP_202404_BU02_APAC,2024-04-30,BU02,Asia Pacific,USD,123.14,73.41,26.7,6.78,7.96,0.2224,0,BS_202404_BU02_APAC,61.64,193.22,151.26,120.78,969.83,770.94,0,2024,23.030000000000005,0.1870229007633588,16.250000000000004,12.636000000000005,223.70000000000002,1193.53,709.3000000000001,-2.0699999999999648,13.525999999999968,0.0356602186711521,161.84248099999996,286.92999999999995,1214.1116666666665,0.101,0.1333011496745906,0.03230114967459061,39.21720266666665,2.4720315059422164,Creator
FP_202405_BU02_APAC,2024-05-31,BU02,Asia Pacific,USD,135.32,80.44,28.53,6.83,9.2,0.2261,0,BS_202405_BU02_APAC,60.5,200.12,157.84,128.27,972.2,779.41,0,2024,26.349999999999994,0.19472361809045222,19.519999999999996,15.106527999999997,229.69000000000003,1201.89,718.91,5.990000000000009,6.746527999999987,0.0793650793650793,165.35350199999996,292.13,1215.8691666666666,0.101,0.13599613061438215,0.03499613061438214,42.55071616666663,2.460924930681546,Creator
FP_202406_BU02_APAC,2024-06-30,BU02,Asia Pacific,USD,140.07,83.73,28.64,6.89,9.29,0.2241,0,BS_202406_BU02_APAC,60.3,208.88,167.12,139.49,974.6,788.81,0,2024,27.69999999999999,0.19775826372528016,20.809999999999988,16.146478999999992,236.51,1211.1100000000001,728.51,6.819999999999965,6.926479000000029,0.10143901863647087,169.22983999999994,297.7299999999999,1217.9775,0.101,0.13894332202360055,0.03794332202360054,46.21411249999993,2.4468814026131067,Creator
FP_202407_BU02_APAC,2024-07-31,BU02,Asia Pacific,USD,132.26,78.45,28.21,6.94,8.7,0.2285,0,BS_202407_BU02_APAC,61.02,203.15,159.26,109.7,976.36,801.19,0,2024,25.599999999999987,0.19355814305156502,18.659999999999986,14.396189999999988,252.70999999999998,1229.07,740.1700000000001,16.19999999999999,-3.56381,0.08338794233289648,172.78453999999994,303.00999999999993,1220.6933333333334,0.101,0.14154623055749732,0.040546230557497315,49.49451333333326,2.4427246625523917,Creator
FP_202408_BU02_APAC,2024-08-31,BU02,Asia Pacific,USD,137.64,81.62,28.46,6.99,8.48,0.2275,0,BS_202408_BU02_APAC,62.82,216.05,170.99,140.2,977.85,815.02,0,2024,27.55999999999998,0.20023249055507109,20.56999999999998,15.890324999999983,246.84000000000003,1224.69,752.1999999999999,-5.869999999999948,20.270324999999932,0.1111649309760232,177.63019099999994,309.9599999999999,1223.6708333333333,0.101,0.1451617429796275,0.044161742979627494,54.03943683333327,2.4267647438379147,Creator
FP_202409_BU02_APAC,2024-09-30,BU02,Asia Pacific,USD,145.46,86.2,29.29,7.04,8.99,0.2227,0,BS_202409_BU02_APAC,65.18,229.79,192.94,163.94,979.8,829.15,0,2024,29.970000000000006,0.2060360236491132,22.930000000000007,17.823489000000006,258.79,1238.59,763.97,11.949999999999989,3.923489000000016,0.08617084826762267,182.00222499999992,316.1499999999999,1226.875,0.101,0.14834618441161482,0.04734618441161481,58.08784999999992,2.416479519215563,Creator
FP_202410_BU02_APAC,2024-10-31,BU02,Asia Pacific,USD,166.17,98.79,31.73,7.1,9.89,0.2262,0,BS_202410_BU02_APAC,67.94,256.28,213.28,177.01,982.59,848.79,0,2024,35.64999999999998,0.2145393271950411,28.549999999999976,22.09198999999998,292.54999999999995,1275.1399999999999,780.8499999999999,33.759999999999934,-14.458009999999952,0.1252793390668383,187.44127099999992,323.7599999999999,1230.2358333333332,0.101,0.1523620641841706,0.05136206418417058,63.187451833333256,2.411817395601681,Strong Creator
FP_202411_BU02_APAC,2024-11-30,BU02,Asia Pacific,USD,187.47,111.15,34.99,7.16,11.25,0.2259,0,BS_202411_BU02_APAC,70.41,286.26,232.44,197.28,986.68,868.33,0,2024,41.32999999999999,0.22046194057715895,34.16999999999999,26.45099699999999,321.4200000000001,1308.1,797.9200000000001,28.87000000000012,-6.509003000000128,0.12628416942024634,192.62865499999995,330.9599999999999,1234.2,0.101,0.15607572111489218,0.05507572111489217,67.97445499999994,2.410925791636452,Strong Creator
FP_202412_BU02_APAC,2024-12-31,BU02,Asia Pacific,USD,194.54,115.33,35.14,7.23,11.9,0.2268,0,BS_202412_BU02_APAC,72.08,296.39,231.66,174.84,991.35,892.33,0,2024,44.06999999999999,0.22653438881463964,36.83999999999999,28.48468799999999,353.2099999999999,1344.56,820.25,31.78999999999985,-7.975311999999853,0.1291427244761738,198.56019799999993,339.4599999999999,1238.3525,0.101,0.16034222727373662,0.059342227273736614,73.48659549999992,2.4163377128380374,Strong Creator
FP_202501_BU02_APAC,2025-01-31,BU02,Asia Pacific,USD,120.54,71.82,26.9,7.29,7.28,0.2249,0,BS_202501_BU02_APAC,72.36,204.46,169.52,77.7,991.34,876.85,0,2025,21.820000000000014,0.18101874896299994,14.530000000000015,11.262203000000012,296.28000000000003,1287.6200000000001,804.49,-56.92999999999989,68.20220299999991,0.1419098143236075,201.78781399999994,344.23999999999995,1242.3875,0.099,0.16241938525621027,0.06341938525621027,78.79145149999994,2.3370032535440393,Strong Creator
FP_202502_BU02_APAC,2025-02-28,BU02,Asia Pacific,USD,116.29,69.43,26.2,7.33,7.34,0.2281,0,BS_202502_BU02_APAC,71.28,201.45,166.15,112.83,991.35,864.9,0,2025,20.66,0.17765930002579758,13.33,10.289427,254.77000000000004,1246.1200000000001,793.62,-41.50999999999999,51.78942699999999,0.059589977220956714,202.93430499999994,346.43999999999994,1246.2366666666667,0.099,0.16283769401745515,0.06383769401745515,79.55687499999993,2.2907862833391066,Strong Creator
FP_202503_BU02_APAC,2025-03-31,BU02,Asia Pacific,USD,134.4,80.27,28.62,7.38,8.75,0.2271,0,BS_202503_BU02_APAC,69.72,201.52,160.69,114.74,992.72,862.45,0,2025,25.51000000000001,0.18980654761904767,18.13000000000001,14.012677000000007,247.47000000000003,1240.19,792.73,-7.300000000000011,19.942677000000018,0.09161793372319682,204.59099299999997,349.25,1250.0508333333335,0.099,0.1636661386436951,0.06466613864369511,80.83596049999996,2.2698067287043666,Strong Creator
FP_202504_BU02_APAC,2025-04-30,BU02,Asia Pacific,USD,129.82,77.92,27.85,7.43,8.8,0.223,0,BS_202504_BU02_APAC,67.86,196.92,162.46,122.37,994.09,888.93,0,2025,24.04999999999999,0.18525650901247875,16.61999999999999,12.913739999999994,237.01,1231.1,821.0699999999999,-10.460000000000036,22.00374000000003,0.05424719831086566,204.86873299999996,350.2699999999999,1253.1816666666666,0.099,0.163478878162118,0.064478878162118,80.80374799999996,2.344105975390413,Strong Creator
FP_202505_BU02_APAC,2025-05-31,BU02,Asia Pacific,USD,141.99,84.81,30.05,7.49,9.52,0.2283,0,BS_202505_BU02_APAC,66.45,206.62,168.28,133.23,996.12,929.85,0,2025,27.130000000000006,0.19106979364743998,19.640000000000008,15.156188000000007,241.67,1237.79,863.4,4.659999999999997,8.466188000000013,0.04929057049955676,204.91839299999995,351.04999999999995,1256.1733333333334,0.099,0.16312907427849654,0.06412907427849654,80.55723299999994,2.4594787067369324,Strong Creator
FP_202506_BU02_APAC,2025-06-30,BU02,Asia Pacific,USD,142.82,85.66,29.69,7.54,9.38,0.2238,0,BS_202506_BU02_APAC,65.8,218.11,173.41,139.22,997.96,978.62,0,2025,27.469999999999995,0.19234000840218454,19.929999999999996,15.469665999999997,252.29999999999998,1250.26,912.82,10.629999999999995,2.9996659999999995,0.019633040622545783,204.24157999999997,350.81999999999994,1259.4358333333334,0.099,0.1621691034940909,0.06316910349409088,79.55743249999995,2.6019611196625054,Strong Creator
FP_202507_BU02_APAC,2025-07-31,BU02,Asia Pacific,USD,135.72,81.05,28.64,7.6,8.94,0.2262,0,BS_202507_BU02_APAC,66.29,207.03,165.42,113.29,999.3,1031.21,0,2025,26.03,0.19179192455054525,18.43,14.261134,259.15999999999997,1258.46,964.9200000000001,6.859999999999985,6.061134000000015,0.02616059277181315,204.10652399999998,351.24999999999994,1261.885,0.099,0.16174732562792962,0.06274732562792962,79.17990899999998,2.7471032028469757,Strong Creator
FP_202508_BU02_APAC,2025-08-31,BU02,Asia Pacific,USD,136.46,81.8,28.55,7.65,8.58,0.226,0,BS_202508_BU02_APAC,67.63,207.57,172.75,132.9,1000.23,1074.21,0,2025,26.11000000000001,0.19133812106111686,18.460000000000008,14.288040000000006,247.42,1247.65,1006.58,-11.73999999999998,25.09803999999999,-0.008573089218250396,202.50423899999998,349.79999999999995,1263.7983333333334,0.099,0.16023461469986638,0.06123461469986638,77.38820399999997,2.8775871926815326,Strong Creator
FP_202509_BU02_APAC,2025-09-30,BU02,Asia Pacific,USD,146.46,87.6,30.48,7.7,9.06,0.229,0,BS_202509_BU02_APAC,69.71,225.64,195.81,165.59,1001.59,1125.75,0,2025,28.380000000000013,0.19377304383449415,20.680000000000014,15.944280000000012,255.85999999999999,1257.45,1056.04,8.439999999999998,6.144280000000014,0.006874742197167549,200.62503,348.21000000000004,1265.3700000000001,0.099,0.15855048720927475,0.05955048720927475,75.3534,3.0327675827805054,Strong Creator
FP_202510_BU02_APAC,2025-10-31,BU02,Asia Pacific,USD,166.86,99.78,32.12,7.76,10.05,0.2263,0,BS_202510_BU02_APAC,71.89,251.68,214.53,174.7,1003.88,1171.27,0,2025,34.960000000000015,0.20951696032602188,27.200000000000017,21.044640000000015,291.51000000000005,1295.39,1099.3799999999999,35.65000000000006,-16.89536000000005,0.004152374074742893,199.57768000000004,347.52000000000004,1267.0575,0.099,0.15751272534987565,0.058512725349875644,74.13898750000004,3.163501381215469,Strong Creator
FP_202511_BU02_APAC,2025-11-30,BU02,Asia Pacific,USD,187.12,111.99,34.41,7.82,11.29,0.2286,0,BS_202511_BU02_APAC,73.55,287.69,233.17,198.62,1007.35,1197.27,0,2025,40.72000000000001,0.21761436511329635,32.90000000000001,25.37906000000001,322.24,1329.5900000000001,1123.72,30.72999999999996,-8.82093999999995,-0.0018669653811276277,198.50574300000005,346.9100000000001,1268.8483333333334,0.099,0.15644560329642765,0.057445603296427644,72.88975800000004,3.2392263123000196,Strong Creator
FP_202512_BU02_APAC,2025-12-31,BU02,Asia Pacific,USD,197.13,117.69,35.95,7.89,11.83,0.2278,0,BS_202512_BU02_APAC,74.42,294.74,234.32,179.23,1011.29,1197.0,0,2025,43.489999999999995,0.22061583726474912,35.599999999999994,27.490319999999997,349.8299999999999,1361.12,1122.58,27.589999999999918,-4.039679999999919,0.013313457386655791,197.51137500000007,346.3300000000001,1270.2283333333332,0.099,0.155492811659846,0.05649281165984599,71.75877000000007,3.2413593971068044,Strong Creator
FP_202101_BU02_EU,2021-01-31,BU02,Europe,USD,107.71,65.77,23.83,5.61,6.22,0.2576,0,BS_202101_BU02_EU,64.62,184.33,152.5,75.33,1008.46,733.12,0,2021,18.11,0.16813666326246401,12.5,9.28,261.50000000000006,1269.96,668.5,0.0,8.670000000000002,,,,,0.091,,,,,Not Available
FP_202102_BU02_EU,2021-02-28,BU02,Europe,USD,108.4,66.0,24.23,5.65,6.86,0.2574,0,BS_202102_BU02_EU,65.59,192.32,154.96,93.755,1009.67,736.19,0,2021,18.170000000000005,0.16761992619926203,12.520000000000005,9.297352000000002,253.52499999999998,1263.195,670.6,-7.97500000000008,16.062352000000082,,,,,0.091,,,,,Not Available
FP_202103_BU02_EU,2021-03-31,BU02,Europe,USD,122.35,74.57,26.0,5.69,8.05,0.2601,0,BS_202103_BU02_EU,65.53,185.71,149.32,112.18,1012.03,740.35,0,2021,21.78,0.1780138945647732,16.09,11.904991,222.84999999999997,1234.8799999999999,674.82,-30.67500000000001,40.21999100000001,,,,,0.091,,,,,Not Available
FP_202104_BU02_EU,2021-04-30,BU02,Europe,USD,118.14,72.03,25.81,5.74,7.68,0.2552,0,BS_202104_BU02_EU,64.43,186.33,150.49,120.81,1013.97,743.43,0,2021,20.3,0.17183003216522771,14.56,10.844288,216.01000000000005,1229.98,679.0,-6.839999999999918,15.74428799999992,,,,,0.091,,,,,Not Available
FP_202105_BU02_EU,2021-05-31,BU02,Europe,USD,124.01,75.82,26.02,5.79,8.32,0.2582,0,BS_202105_BU02_EU,62.55,188.39,151.42,122.41,1016.5,745.18,0,2021,22.170000000000012,0.17877590516893807,16.380000000000013,12.15068400000001,217.39999999999995,1233.8999999999999,682.63,1.389999999999901,8.23068400000011,,,,,0.091,,,,,Not Available
FP_202106_BU02_EU,2021-06-30,BU02,Europe,USD,130.15,79.66,27.05,5.84,8.67,0.2531,0,BS_202106_BU02_EU,60.79,204.36,159.89,143.25,1019.33,749.21,0,2021,23.44000000000001,0.18009988474836733,17.60000000000001,13.145440000000006,221.0,1240.33,688.4200000000001,3.600000000000051,6.715439999999953,,,,,0.091,,,,,Not Available
FP_202107_BU02_EU,2021-07-31,BU02,Europe,USD,130.02,79.8,27.11,5.89,8.42,0.2542,0,BS_202107_BU02_EU,59.68,207.86,159.2,129.82,1021.86,755.46,0,2021,23.110000000000014,0.17774188586371337,17.220000000000013,12.84267600000001,237.24,1259.1,695.7800000000001,16.24000000000001,-5.9273240000000005,,,,,0.091,,,,,Not Available
FP_202108_BU02_EU,2021-08-31,BU02,Europe,USD,133.87,82.24,27.29,5.94,8.11,0.2568,0,BS_202108_BU02_EU,59.47,206.06,171.22,147.79,1024.03,760.23,0,2021,24.34000000000001,0.18181818181818188,18.40000000000001,13.674880000000009,229.48999999999998,1253.52,700.76,-7.750000000000028,19.25488000000004,,,,,0.091,,,,,Not Available
FP_202109_BU02_EU,2021-09-30,BU02,Europe,USD,135.95,83.36,27.77,5.99,8.34,0.2589,0,BS_202109_BU02_EU,59.95,218.99,188.54,163.0,1026.38,763.53,0,2021,24.81999999999999,0.18256712026480318,18.82999999999999,13.954912999999992,244.52999999999997,1270.91,703.5799999999999,15.039999999999992,-3.4350869999999993,,,,,0.091,,,,,Not Available
FP_202110_BU02_EU,2021-10-31,BU02,Europe,USD,148.7,91.04,28.45,6.04,8.62,0.2538,0,BS_202110_BU02_EU,61.22,233.76,199.4,162.57,1028.96,766.16,0,2021,29.209999999999983,0.19643577673167442,23.169999999999984,17.28945399999999,270.59,1299.55,704.9399999999999,26.060000000000002,-11.350546000000014,,,,,0.091,,,,,Not Available
FP_202111_BU02_EU,2021-11-30,BU02,Europe,USD,169.16,103.79,31.51,6.09,9.85,0.2552,0,BS_202111_BU02_EU,63.57,267.31,203.98000000000002,196.58,1032.72,771.97,0,2021,33.859999999999985,0.20016552376448324,27.769999999999985,20.68309599999999,274.71000000000004,1307.43,708.4,4.120000000000061,12.803095999999925,,,,,0.091,,,,,Not Available
FP_202112_BU02_EU,2021-12-31,BU02,Europe,USD,168.73,103.18,31.72,6.15,10.05,0.2552,0,BS_202112_BU02_EU,65.65,265.6,208.56,157.13,1036.62,777.45,0,2021,33.829999999999984,0.20049783678065541,27.679999999999986,20.61606399999999,317.03000000000003,1353.6499999999999,711.8000000000001,42.31999999999999,-25.603936,,165.683838,293.14,1268.0337499999998,0.091,0.1306620095876786,0.0396620095876786,50.29276675000003,2.428191307907485,Creator
FP_202201_BU02_EU,2022-01-31,BU02,Europe,USD,109.41,66.96,24.86,6.2,6.57,0.2584,0,BS_202201_BU02_EU,67.18,189.87,156.55,77.18,1036.99,774.18,0,2022,17.590000000000003,0.1607714102915639,11.390000000000004,8.446824000000003,269.24,1306.23,707.0,-47.79000000000002,55.86682400000002,0.01578312134435067,164.850662,292.62,1271.05625,0.098,0.12969580378523765,0.03169580378523765,40.287149499999984,2.4161027954343517,Creator
FP_202202_BU02_EU,2022-02-28,BU02,Europe,USD,109.78,67.17,24.78,6.24,7.1,0.2585,0,BS_202202_BU02_EU,67.85,194.67,157.63,122.77,1037.85,770.85,0,2022,17.83,0.16241574057205319,11.589999999999998,8.593985,229.52999999999997,1267.3799999999999,703.0,-39.710000000000036,47.44398500000004,0.012730627306273057,164.147295,292.28,1271.405,0.098,0.12910700760182633,0.03110700760182633,39.549605000000014,2.40522786369235,Creator
FP_202203_BU02_EU,2022-03-31,BU02,Europe,USD,129.13,79.12,27.17,6.29,8.66,0.261,0,BS_202203_BU02_EU,67.71,193.74,157.08,125.37,1040.22,773.56,0,2022,22.83999999999999,0.17687601641756362,16.54999999999999,12.230449999999992,225.45000000000005,1265.67,705.8499999999999,-4.079999999999927,13.94044999999992,0.0554147936248468,164.47275399999998,293.34,1273.9708333333333,0.098,0.12910244857777356,0.031102448577773556,39.62361233333331,2.4062521306333946,Creator
FP_202204_BU02_EU,2022-04-30,BU02,Europe,USD,127.98,78.76,27.1,6.34,8.65,0.2553,0,BS_202204_BU02_EU,66.77,199.82,163.11,137.76,1042.53,779.39,0,2022,22.119999999999997,0.17283950617283947,15.779999999999998,11.751365999999997,225.17000000000002,1267.7,712.62,-0.28000000000002956,9.721366000000026,0.08329101066531241,165.379832,295.15999999999997,1277.1141666666667,0.098,0.12949494752818363,0.03149494752818363,40.22264366666664,2.414351538148801,Creator
FP_202205_BU02_EU,2022-05-31,BU02,Europe,USD,129.64,79.37,27.43,6.39,8.78,0.2583,0,BS_202205_BU02_EU,65.08,197.57,160.67,123.67,1044.92,784.23,0,2022,22.839999999999982,0.1761801912989817,16.44999999999998,12.200964999999986,234.57,1279.49,719.15,9.399999999999977,0.4109650000000098,0.04539956455124572,165.43011299999998,295.8299999999999,1280.9133333333334,0.098,0.1291501217880991,0.03115012178809909,39.9006063333333,2.4309569685292236,Creator
FP_202206_BU02_EU,2022-06-30,BU02,Europe,USD,129.33,79.32,26.84,6.44,8.31,0.256,0,BS_202206_BU02_EU,63.08,203.69,163.15,134.23,1046.79,784.16,0,2022,23.17000000000002,0.17915410190984318,16.730000000000018,12.447120000000014,232.61000000000004,1279.4,721.0799999999999,-1.9599999999999511,12.537119999999964,-0.006300422589319954,164.73179299999998,295.55999999999995,1284.1691666666668,0.098,0.12827888823058745,0.030278888230587442,38.88321466666663,2.439707673568819,Creator
FP_202207_BU02_EU,2022-07-31,BU02,Europe,USD,124.51,76.39,26.84,6.49,8.08,0.2537,0,BS_202207_BU02_EU,61.38,194.66,155.77,113.58,1048.38,783.54,0,2022,21.280000000000005,0.17090996707091802,14.790000000000004,11.037777000000002,236.85000000000002,1285.23,722.16,4.239999999999981,5.20777700000002,-0.0423780956775881,162.92689399999998,293.72999999999996,1286.3466666666666,0.098,0.12665862027861852,0.028658620278618513,36.86492066666665,2.4585844142579925,Creator
FP_202208_BU02_EU,2022-08-31,BU02,Europe,USD,131.01,80.66,27.86,6.54,8.17,0.2541,0,BS_202208_BU02_EU,60.67,202.73,168.09,145.29,1050.01,781.85,0,2022,22.489999999999995,0.17166628501641093,15.949999999999996,11.897104999999996,225.53,1275.54,721.1800000000001,-11.320000000000022,21.587105000000015,-0.021364009860312394,161.14911899999996,291.8799999999999,1288.1816666666666,0.098,0.12509813108658327,0.027098131086583266,34.90731566666662,2.470809921885708,Creator
FP_202209_BU02_EU,2022-09-30,BU02,Europe,USD,140.69,86.59,29.33,6.59,8.56,0.2557,0,BS_202209_BU02_EU,61.27,221.68,192.34,175.21,1051.98,785.89,0,2022,24.769999999999996,0.1760608429881299,18.179999999999996,13.531373999999996,238.80999999999997,1290.79,724.62,13.279999999999973,-1.7186259999999773,0.03486575947039361,160.72557999999995,291.8299999999999,1289.8383333333334,0.098,0.12460908925278745,0.026609089252787446,34.32142333333327,2.483020936846795,Creator
FP_202210_BU02_EU,2022-10-31,BU02,Europe,USD,159.46,98.45,31.15,6.64,9.65,0.2611,0,BS_202210_BU02_EU,63.04,244.58,211.36,182.07,1054.99,793.64,0,2022,29.860000000000007,0.1872569923491785,23.220000000000006,17.157258000000006,273.87000000000006,1328.8600000000001,730.6,35.06000000000009,-20.91274200000008,0.07236045729657037,160.593384,292.47999999999996,1292.2808333333335,0.098,0.12427127282060076,0.026271272820600752,33.9498623333333,2.4979485776805257,Creator
FP_202211_BU02_EU,2022-11-30,BU02,Europe,USD,186.02,115.32,34.44,6.7,11.27,0.2564,0,BS_202211_BU02_EU,65.64,294.0,237.18,225.15,1059.56,807.03,0,2022,36.26000000000002,0.1949252768519515,29.56000000000002,21.980816000000015,306.0300000000001,1365.5900000000001,741.39,32.160000000000025,-14.74918400000001,0.09966895247103347,161.89110399999998,294.88,1297.1275,0.098,0.12480739480120495,0.026807394801204948,34.772608999999974,2.514209169831796,Creator
FP_202212_BU02_EU,2022-12-31,BU02,Europe,USD,190.62,118.5,35.32,6.77,11.34,0.2592,0,BS_202212_BU02_EU,68.54,302.07,235.33,189.1,1064.13,822.05,0,2022,36.800000000000004,0.19305424404574548,30.030000000000005,22.246224000000005,348.29999999999995,1412.43,753.51,42.26999999999987,-24.593775999999863,0.12973389438748306,163.521264,297.85,1302.0258333333334,0.098,0.12558987680095954,0.027589876800959534,35.92273233333333,2.5298304515695818,Creator
FP_202301_BU02_EU,2023-01-31,BU02,Europe,USD,116.26,72.54,26.82,6.83,7.05,0.2578,0,BS_202301_BU02_EU,70.36,206.33,171.34,83.27,1064.35,816.32,0,2023,16.9,0.1453638396697058,10.069999999999999,7.473953999999998,294.40000000000003,1358.75,745.96,-53.89999999999992,61.15395399999992,0.06260853669682853,162.548394,297.15999999999997,1306.4025,0.104,0.12442443580749425,0.020424435807494257,26.682534000000004,2.510297482837529,Creator
FP_202302_BU02_EU,2023-02-28,BU02,Europe,USD,119.22,74.45,26.67,6.87,7.41,0.2597,0,BS_202302_BU02_EU,71.39,219.12,174.88,139.61,1064.89,811.93,0,2023,18.099999999999994,0.15182016440194593,11.229999999999993,8.313568999999994,254.39,1319.2800000000002,740.54,-40.01000000000005,47.78356900000004,0.0859901621424668,162.267978,297.43,1310.7275000000002,0.104,0.1237999340061149,0.019799934006114905,25.95231799999999,2.4897959183673466,Creator
FP_202303_BU02_EU,2023-03-31,BU02,Europe,USD,133.86,84.34,28.87,6.92,8.39,0.257,0,BS_202303_BU02_EU,71.15,215.89,168.62,128.54,1066.36,808.12,0,2023,20.65000000000001,0.1542656506798148,13.73000000000001,10.201390000000007,255.97,1322.33,736.97,1.5800000000000125,7.151389999999992,0.036629752962131334,160.238918,295.24,1315.4491666666668,0.104,0.12181308260359738,0.017813082603597388,23.432204666666678,2.49617260533803,Creator
FP_202304_BU02_EU,2023-04-30,BU02,Europe,USD,129.92,81.82,28.8,6.97,8.07,0.2633,0,BS_202304_BU02_EU,69.81,218.86,171.94,141.73,1067.46,804.35,0,2023,19.299999999999994,0.1485529556650246,12.329999999999995,9.083510999999996,249.07000000000002,1316.53,734.54,-6.899999999999977,14.883510999999974,0.015158618534145907,157.571063,292.42,1319.5183333333332,0.104,0.11941559205316084,0.015415592053160843,20.341156333333373,2.5119348881745434,Creator
FP_202305_BU02_EU,2023-05-31,BU02,Europe,USD,141.26,89.14,30.17,7.02,9.42,0.2566,0,BS_202305_BU02_EU,68.28,223.23,178.31,150.81,1069.86,803.75,0,2023,21.94999999999999,0.15538722922270984,14.929999999999989,11.098961999999993,250.72999999999996,1320.59,735.47,1.6599999999999397,7.038962000000053,0.08963282937365014,156.46906,291.53000000000003,1322.9433333333334,0.104,0.11827344078733532,0.01427344078733532,18.882953333333347,2.522793537543306,Creator
FP_202306_BU02_EU,2023-06-30,BU02,Europe,USD,141.52,89.42,44.76,7.07,9.05,0.2594,1,BS_202306_BU02_EU,66.69,233.52,183.04,154.93,1071.84,805.78,0,2023,7.3400000000000105,0.051865460712266886,0.27000000000001023,0.19996200000000755,261.63,1333.4699999999998,739.0899999999999,10.900000000000034,-12.680038000000028,0.09425500657233421,144.221902,275.70000000000005,1327.4491666666665,0.104,0.10864589441278041,0.004645894412780419,6.167188666666675,2.6807762060210365,Creator
FP_202307_BU02_EU,2023-07-31,BU02,Europe,USD,133.85,84.36,28.81,7.13,8.83,0.2593,0,BS_202307_BU02_EU,65.47,220.05,173.9,125.2,1073.54,806.61,0,2023,20.679999999999996,0.15450130743369442,13.549999999999997,10.036484999999999,268.75000000000006,1342.29,741.14,7.120000000000061,1.2164849999999365,0.07501405509597614,143.22061000000002,275.1,1332.2041666666667,0.104,0.10750650206893965,0.003506502068939654,4.671376666666703,2.694074881861141,Creator
FP_202308_BU02_EU,2023-08-31,BU02,Europe,USD,140.96,88.42,29.9,7.18,8.78,0.2607,0,BS_202308_BU02_EU,65.19,226.3,185.8,157.87,1075.14,807.77,0,2023,22.640000000000008,0.1606129398410897,15.460000000000008,11.429578000000006,254.23000000000002,1329.3700000000001,742.5799999999999,-14.520000000000039,24.349578000000044,0.07594840088542876,142.75308300000003,275.25,1336.6899999999998,0.104,0.10679595343722183,0.002795953437221832,3.7373230000000603,2.697838328792007,Creator
FP_202309_BU02_EU,2023-09-30,BU02,Europe,USD,146.48,91.73,30.42,7.23,8.87,0.2568,0,BS_202309_BU02_EU,65.87,237.67,205.82,178.43,1076.78,808.89,0,2023,24.329999999999984,0.16609776078645538,17.099999999999984,12.708719999999989,265.06,1341.84,743.02,10.829999999999984,0.23872000000000604,0.04115431089629684,141.93042900000003,274.81,1340.9441666666667,0.104,0.10584365294851329,0.0018436529485132969,2.4722356666667054,2.7037589607365087,Creator
FP_202310_BU02_EU,2023-10-31,BU02,Europe,USD,162.6,101.54,31.75,7.29,9.7,0.2557,0,BS_202310_BU02_EU,67.44,252.69,219.86,180.13,1079.19,811.68,0,2023,29.309999999999988,0.18025830258302578,22.01999999999999,16.38948599999999,292.42,1371.6100000000001,744.24,27.360000000000014,-13.380514000000023,0.019691458673021467,141.162657,274.26,1344.5066666666667,0.104,0.1049921584620877,0.0009921584620877083,1.3339636666666763,2.7136294027565087,Creator
FP_202311_BU02_EU,2023-11-30,BU02,Europe,USD,181.94,113.1,33.295,7.35,10.47,0.2577,0,BS_202311_BU02_EU,69.34,285.98,234.94,205.43,1082.31,811.04,0,2023,35.545,0.19536660437506873,28.195,20.9291485,315.49000000000007,1397.8,741.6999999999999,23.07000000000005,-5.260851500000051,-0.021933125470379622,140.1109895,273.54499999999996,1347.1908333333333,0.104,0.10400233287909594,2.332879095942597e-06,0.003142833333328099,2.711436875102817,Creator
FP_202312_BU02_EU,2023-12-31,BU02,Europe,USD,190.68,118.37,34.84,7.41,11.4,0.2581,0,BS_202312_BU02_EU,71.46,293.64,233.95,187.45,1086.3,815.99,0,2023,37.47,0.19650723725613592,30.06,22.301513999999997,340.13999999999993,1426.4399999999998,744.53,24.649999999999864,-6.338485999999868,0.0003147623544224043,140.16627949999997,274.215,1348.3583333333333,0.104,0.10395328603301543,-4.671396698456565e-05,-0.06298716666668724,2.715132286709334,Value Destroyer
FP_202401_BU02_EU,2024-01-31,BU02,Europe,USD,118.67,73.33,27.02,7.47,7.15,0.2582,0,BS_202401_BU02_EU,73.15,206.0,170.84,83.74,1085.98,813.81,0,2024,18.320000000000004,0.15437768602005564,10.850000000000005,8.048530000000003,293.1,1379.08,740.66,-47.03999999999991,55.40852999999991,0.02072939962153786,140.74085549999998,275.635,1350.0525,0.101,0.10424843144988805,0.0032484314498880396,4.385552999999959,2.68710432274566,Creator
FP_202402_BU02_EU,2024-02-29,BU02,Europe,USD,120.98,74.43,27.23,7.51,7.62,0.2564,0,BS_202402_BU02_EU,73.89,211.52,170.05,128.76,1086.09,810.5,0,2024,19.319999999999997,0.15969581749049427,11.809999999999997,8.781915999999999,252.81000000000006,1338.9,736.61,-40.289999999999964,48.96191599999996,0.014762623720852242,141.2092025,276.85499999999996,1351.6874999999998,0.101,0.1044688232302215,0.0034688232302214905,4.688765000000018,2.6606346282349973,Creator
FP_202403_BU02_EU,2024-03-31,BU02,Europe,USD,131.46,80.46,28.17,7.56,8.6,0.2588,0,BS_202403_BU02_EU,73.32,201.45,161.97,118.25,1087.13,811.94,0,2024,22.830000000000013,0.17366499315381112,15.270000000000014,11.318124000000012,245.16999999999996,1332.3000000000002,738.6200000000001,-7.6400000000001,17.918124000000113,-0.017929179740026946,142.3259365,279.035,1352.5183333333332,0.101,0.10523031961365899,0.004230319613658981,5.721584833333338,2.6470514451592098,Creator
FP_202404_BU02_EU,2024-04-30,BU02,Europe,USD,133.0,81.18,28.5,7.61,8.73,0.2557,0,BS_202404_BU02_EU,72.0,213.03,169.34,144.82,1088.25,816.05,0,2024,23.319999999999993,0.1753383458646616,15.709999999999994,11.692952999999994,237.55,1325.8,744.05,-7.619999999999948,18.192952999999942,0.0237068965517242,144.9353785,283.055,1353.2908333333332,0.101,0.10709847058004902,0.006098470580049017,8.253004333333337,2.6286410768225252,Creator
FP_202405_BU02_EU,2024-05-31,BU02,Europe,USD,142.44,86.47,30.54,7.66,9.31,0.2547,0,BS_202405_BU02_EU,69.98,220.09,173.81,144.91,1089.9,822.28,0,2024,25.43,0.17853131142937378,17.77,13.243981000000002,248.98999999999998,1338.89,752.3,11.43999999999997,0.1539810000000319,0.008353390910378122,147.0803975,286.535,1354.8158333333333,0.101,0.10856117405871278,0.007561174058712775,10.243998333333337,2.625508227616172,Creator
FP_202406_BU02_EU,2024-06-30,BU02,Europe,USD,151.53,92.18,30.83,7.72,10.25,0.2561,0,BS_202406_BU02_EU,68.25,239.6,187.44,171.16,1092.43,832.87,0,2024,28.519999999999996,0.18821355507160295,20.799999999999997,15.473119999999998,255.87999999999997,1348.31,764.62,6.889999999999986,6.0531200000000105,0.07073205200678334,162.3535555,307.715,1356.0525,0.101,0.11972512531778821,0.018725125317788208,25.392252999999982,2.4848317436589054,Creator
FP_202407_BU02_EU,2024-07-31,BU02,Europe,USD,137.52,82.91,29.44,7.78,8.88,0.259,0,BS_202407_BU02_EU,66.78,212.64,172.85,114.4,1093.53,843.64,0,2024,25.170000000000012,0.18302792321116937,17.39000000000001,12.885990000000008,271.09000000000003,1364.62,776.86,15.210000000000065,-3.4240100000000577,0.027418752334703145,165.20306050000002,312.205,1357.9133333333332,0.101,0.12165950244738254,0.02065950244738253,28.05381383333335,2.488300956102561,Creator
FP_202408_BU02_EU,2024-08-31,BU02,Europe,USD,143.23,86.06,30.12,7.83,8.93,0.2629,0,BS_202408_BU02_EU,66.2,221.27,183.42,151.97,1094.63,850.61,0,2024,27.049999999999986,0.18885708301333512,19.219999999999985,14.167061999999989,252.72,1347.3500000000001,784.41,-18.370000000000033,31.437062000000022,0.016103859250851116,167.9405445,316.61499999999995,1359.4116666666666,0.101,0.12353913727384518,0.02253913727384517,30.639966166666653,2.477488432323169,Creator
FP_202409_BU02_EU,2024-09-30,BU02,Europe,USD,153.36,92.48,31.53,7.89,9.49,0.2599,0,BS_202409_BU02_EU,66.93,239.38,206.42,183.4,1096.23,862.25,0,2024,29.35000000000001,0.1913797600417319,21.460000000000008,15.882546000000005,262.4,1358.63,795.3199999999999,9.679999999999978,4.602546000000027,0.04696886947023504,171.11437049999998,321.635,1360.8108333333334,0.101,0.125744421126375,0.024744421126374982,33.67247633333329,2.4727408397717907,Creator
FP_202410_BU02_EU,2024-10-31,BU02,Europe,USD,172.61,104.87,33.49,7.95,10.3,0.2604,0,BS_202410_BU02_EU,68.79,262.74,224.72,192.06,1098.58,876.88,0,2024,34.25000000000001,0.19842419326806096,26.300000000000008,19.451480000000007,295.40000000000003,1393.98,808.09,33.00000000000006,-15.898520000000051,0.06156211562115632,174.17636450000003,326.575,1362.675,0.101,0.1278194466765737,0.026819446676573683,36.546189500000025,2.474439255913649,Creator
FP_202411_BU02_EU,2024-11-30,BU02,Europe,USD,193.36,117.63,36.19,8.01,11.54,0.2564,0,BS_202411_BU02_EU,71.35,300.79,242.51,218.32,1102.11,893.2,0,2024,39.54000000000002,0.20448903599503526,31.530000000000022,23.445708000000018,324.97999999999996,1427.09,821.85,29.579999999999927,-9.66429199999991,0.06276794547653086,176.69292400000003,330.57,1365.1158333333333,0.101,0.1294343818198578,0.0284343818198578,38.816224833333365,2.486160268626917,Creator
FP_202412_BU02_EU,2024-12-31,BU02,Europe,USD,194.01,118.17,35.78,8.08,11.41,0.2632,0,BS_202412_BU02_EU,73.66,295.29,234.53,179.01,1105.44,905.31,0,2024,40.05999999999999,0.20648420184526567,31.97999999999999,23.562863999999994,350.81000000000006,1456.25,831.65,25.830000000000098,-5.597136000000102,0.017463813719320154,177.95427400000003,333.16,1367.6000000000001,0.101,0.1301215808715999,0.029121580871599884,39.826674,2.496248048985472,Creator
FP_202501_BU02_EU,2025-01-31,BU02,Europe,USD,125.34,76.34,28.1,8.14,7.87,0.2607,0,BS_202501_BU02_EU,75.59,209.6,175.38,86.45,1105.17,887.3,0,2025,20.9,0.16674644965693314,12.759999999999998,9.433468,298.53000000000003,1403.7,811.7099999999999,-52.28000000000003,61.98346800000003,0.05620628634027125,179.33921200000003,335.74,1369.6516666666666,0.099,0.1309378262842986,0.03193782628429859,43.743697000000026,2.417674390897718,Creator
FP_202502_BU02_EU,2025-02-28,BU02,Europe,USD,123.9,75.4,27.91,8.18,8.14,0.2547,0,BS_202502_BU02_EU,76.39,217.02,175.68,135.68,1105.13,873.96,0,2025,20.59,0.16618240516545602,12.41,9.249173,257.02000000000004,1362.15,797.57,-41.50999999999999,50.79917299999999,0.02413622086295253,179.80646900000002,337.01000000000005,1371.5891666666666,0.099,0.13109353250214018,0.03209353250214017,44.01914150000002,2.3666063321563158,Creator
FP_202503_BU02_EU,2025-03-31,BU02,Europe,USD,141.33,86.35,30.52,8.24,9.15,0.252,0,BS_202503_BU02_EU,76.33,217.19,172.1,134.47,1106.04,870.52,0,2025,24.46000000000002,0.17307011957829205,16.22000000000002,12.132560000000016,254.81999999999996,1360.86,794.1899999999999,-2.200000000000074,13.422560000000088,0.07507987220447276,180.62090500000005,338.64,1373.9691666666668,0.099,0.13145921275525957,0.032459212755259564,44.597957500000035,2.3452338766832033,Creator
FP_202504_BU02_EU,2025-04-30,BU02,Europe,USD,135.67,82.53,29.86,8.29,8.88,0.2586,0,BS_202504_BU02_EU,74.92,217.91,174.04,140.44,1106.63,897.0,0,2025,23.279999999999987,0.17159283555686583,14.989999999999988,11.113585999999993,251.51,1358.14,822.08,-3.309999999999974,13.833585999999963,0.0200751879699248,180.04153800000003,338.6,1376.6641666666667,0.099,0.1307810157040237,0.031781015704023696,43.75178550000001,2.4278795038393386,Creator
FP_202505_BU02_EU,2025-05-31,BU02,Europe,USD,154.11,94.19,31.98,8.35,10.56,0.2578,0,BS_202505_BU02_EU,73.25,231.53,187.81,167.85,1108.84,940.44,0,2025,27.940000000000015,0.1812990720913634,19.590000000000018,14.539698000000012,251.49000000000004,1360.33,867.19,-0.01999999999995339,12.349697999999963,0.08192923336141544,181.33725500000006,341.11,1378.4508333333333,0.099,0.13155148563514238,0.032551485635142374,44.87062250000005,2.5422590953064996,Creator
FP_202506_BU02_EU,2025-06-30,BU02,Europe,USD,154.58,94.53,31.58,8.41,10.2,0.2596,0,BS_202506_BU02_EU,71.15,239.85,194.46,164.48,1110.63,992.06,0,2025,28.470000000000013,0.18417647819899088,20.060000000000013,14.852424000000008,269.83000000000004,1380.46,920.91,18.340000000000003,-5.277575999999993,0.02012802745330955,180.71655900000005,341.06000000000006,1381.13,0.099,0.13084688552127607,0.03184688552127607,43.98468900000003,2.700140737700111,Creator
FP_202507_BU02_EU,2025-07-31,BU02,Europe,USD,151.24,91.98,31.33,8.47,9.93,0.2538,0,BS_202507_BU02_EU,69.99,234.66,190.26,142.94,1112.09,1051.48,0,2025,27.930000000000007,0.18467336683417088,19.460000000000008,14.521052000000006,281.97999999999996,1394.07,981.49,12.14999999999992,0.9110520000000868,0.09976730657358934,182.35162100000005,343.82000000000005,1383.5841666666668,0.099,0.13179655086637906,0.03279655086637906,45.37678850000003,2.8546623233087076,Creator
FP_202508_BU02_EU,2025-08-31,BU02,Europe,USD,154.72,93.98,32.09,8.53,9.72,0.255,0,BS_202508_BU02_EU,69.72,241.05,200.01,164.65,1113.28,1103.86,0,2025,28.64999999999999,0.1851732161323681,20.11999999999999,14.989399999999993,276.40999999999997,1389.69,1034.1399999999999,-5.569999999999993,19.369399999999985,0.08022062417091402,183.17395900000005,345.4200000000001,1387.1125000000002,0.099,0.13205414773495303,0.03305414773495302,45.84982150000002,2.9938625441491507,Creator
FP_202509_BU02_EU,2025-09-30,BU02,Europe,USD,168.25,103.06,33.71,8.59,10.51,0.2557,0,BS_202509_BU02_EU,70.78,265.54,230.17,211.73,1115.2,1164.85,0,2025,31.479999999999997,0.18710252600297175,22.889999999999997,17.037027,283.98,1399.18,1094.07,7.57000000000005,7.547026999999948,0.09709181011997914,184.32844000000006,347.55000000000007,1390.4916666666668,0.099,0.13256349852270483,0.03356349852270482,46.66976500000004,3.1479499352611127,Creator
FP_202510_BU02_EU,2025-10-31,BU02,Europe,USD,180.31,109.62,35.52,8.65,10.59,0.2559,0,BS_202510_BU02_EU,72.64,277.08,238.31,187.32,1117.14,1217.58,0,2025,35.169999999999995,0.19505296433919359,26.519999999999996,19.733531999999997,328.07,1445.21,1144.9399999999998,44.089999999999975,-26.29646799999998,0.044609234690921706,184.61049200000005,348.47,1394.7608333333335,0.099,0.13235996278931933,0.033359962789319325,46.52916950000002,3.2856199959824366,Creator
FP_202511_BU02_EU,2025-11-30,BU02,Europe,USD,201.38,122.67,37.34,8.72,11.72,0.2559,0,BS_202511_BU02_EU,75.18,317.99,254.44,225.98,1120.14,1246.13,0,2025,41.36999999999999,0.20543251564206969,32.64999999999999,24.294864999999994,346.45000000000005,1466.5900000000001,1170.95,18.380000000000052,2.914864999999942,0.04147703764997912,185.459649,350.3,1398.0525,0.099,0.132655711427146,0.03365571142714599,47.05245150000002,3.342706251784185,Creator
FP_202512_BU02_EU,2025-12-31,BU02,Europe,USD,202.06,122.82,37.55,8.79,11.76,0.261,0,BS_202512_BU02_EU,77.8,314.79,242.96,184.07,1123.11,1250.22,0,2025,41.69000000000001,0.20632485400376133,32.90000000000001,24.31310000000001,373.68,1496.79,1172.42,27.22999999999996,-5.886899999999947,0.0414927065615176,186.20988500000004,351.93,1401.430833333333,0.099,0.13287126311977585,0.03387126311977584,47.468232500000056,3.3314011309067144,Creator
FP_202101_BU02_LATAM,2021-01-31,BU02,Latin America,USD,49.66,30.61,11.26,2.59,3.07,0.2689,0,BS_202101_BU02_LATAM,28.75,92.82,71.35,35.88,465.56,334.55,0,2021,7.789999999999997,0.15686669351590812,5.1999999999999975,3.8017199999999987,128.29,593.85,305.8,0.0,3.3217199999999987,,,,,0.091,,,,,Not Available
FP_202102_BU02_LATAM,2021-02-28,BU02,Latin America,USD,49.68,30.54,11.23,2.61,3.16,0.2715,0,BS_202102_BU02_LATAM,27.96,95.61,70.44,54.92,466.11,334.09,0,2021,7.91,0.15921900161030597,5.300000000000001,3.86105,111.13000000000001,577.24,306.13,-17.159999999999982,20.471049999999984,,,,,0.091,,,,,Not Available
FP_202103_BU02_LATAM,2021-03-31,BU02,Latin America,USD,53.74,33.08,11.69,2.63,3.43,0.2736,0,BS_202103_BU02_LATAM,27.28,91.17,64.6,47.05,466.91,333.84,0,2021,8.970000000000004,0.16691477484183112,6.340000000000004,4.605376000000002,108.71999999999998,575.63,306.55999999999995,-2.410000000000025,6.2153760000000275,,,,,0.091,,,,,Not Available
FP_202104_BU02_LATAM,2021-04-30,BU02,Latin America,USD,57.21,35.24,11.95,2.65,3.82,0.2661,0,BS_202104_BU02_LATAM,27.15,98.39,69.71,66.84,468.08,336.03,0,2021,10.02,0.1751442055584688,7.369999999999999,5.408842999999999,101.25999999999999,569.3399999999999,308.88,-7.459999999999994,11.698842999999993,,,,,0.091,,,,,Not Available
FP_202105_BU02_LATAM,2021-05-31,BU02,Latin America,USD,58.91,36.28,12.37,2.67,3.82,0.2725,0,BS_202105_BU02_LATAM,27.41,99.02,70.24,60.56,469.23,340.13,0,2021,10.259999999999996,0.17416397895094207,7.589999999999996,5.521724999999997,108.69999999999999,577.9300000000001,312.71999999999997,7.439999999999998,-3.068275,,,,,0.091,,,,,Not Available
FP_202106_BU02_LATAM,2021-06-30,BU02,Latin America,USD,60.95,37.27,12.51,2.69,4.03,0.2644,0,BS_202106_BU02_LATAM,28.07,104.61,74.85,69.51,470.57,343.3,0,2021,11.17,0.18326497128794092,8.48,6.237888000000001,109.94999999999997,580.52,315.23,1.2499999999999858,3.647888000000015,,,,,0.091,,,,,Not Available
FP_202107_BU02_LATAM,2021-07-31,BU02,Latin America,USD,58.74,36.13,12.13,2.72,3.79,0.2744,0,BS_202107_BU02_LATAM,29.03,98.47,73.7,57.81,471.64,346.06,0,2021,10.479999999999999,0.17841334695267277,7.759999999999998,5.630655999999998,114.36000000000001,586.0,317.03,4.410000000000039,0.1506559999999597,,,,,0.091,,,,,Not Available
FP_202108_BU02_LATAM,2021-08-31,BU02,Latin America,USD,59.71,36.83,12.24,2.74,3.9,0.2714,0,BS_202108_BU02_LATAM,30.01,99.66,79.18,67.55,472.8,347.6,0,2021,10.640000000000002,0.17819460726846428,7.900000000000002,5.755940000000002,111.29,584.09,317.59000000000003,-3.0700000000000074,7.665940000000008,,,,,0.091,,,,,Not Available
FP_202109_BU02_LATAM,2021-09-30,BU02,Latin America,USD,61.03,37.4,12.43,2.76,3.77,0.2733,0,BS_202109_BU02_LATAM,30.75,104.29,87.37,74.42,473.81,349.14,0,2021,11.200000000000003,0.18351630345731612,8.440000000000003,6.1333480000000025,117.24000000000002,591.0500000000001,318.39,5.950000000000017,-0.8266520000000135,,,,,0.091,,,,,Not Available
FP_202110_BU02_LATAM,2021-10-31,BU02,Latin America,USD,70.14,43.1,13.75,2.79,4.15,0.2698,0,BS_202110_BU02_LATAM,31.23,114.48,96.15,81.83,475.17,351.86,0,2021,13.29,0.1894781864841745,10.5,7.6671,128.8,603.97,320.63,11.559999999999988,-5.252899999999988,,,,,0.091,,,,,Not Available
FP_202111_BU02_LATAM,2021-11-30,BU02,Latin America,USD,79.6,49.07,14.83,2.81,4.78,0.2674,0,BS_202111_BU02_LATAM,31.24,133.48,104.65,94.25,477.14,354.74,0,2021,15.699999999999994,0.19723618090452255,12.889999999999993,9.443213999999994,143.88,621.02,323.5,15.079999999999984,-7.60678599999999,,,,,0.091,,,,,Not Available
FP_202112_BU02_LATAM,2021-12-31,BU02,Latin America,USD,82.19,50.55,15.07,2.84,4.86,0.2701,0,BS_202112_BU02_LATAM,30.76,136.51,102.54,80.2,479.16,358.87,0,2021,16.57,0.20160603479742062,13.73,10.021527,158.85000000000002,638.01,328.11,14.970000000000027,-6.968473000000028,,74.088387,134.0,591.5541666666667,0.091,0.12524362294239044,0.034243622942390445,20.25695783333333,2.448582089552239,Creator
FP_202201_BU02_LATAM,2022-01-31,BU02,Latin America,USD,51.71,31.8,11.77,2.87,3.26,0.2749,0,BS_202201_BU02_LATAM,30.0,96.69,74.31,37.29,479.55,357.96,0,2022,8.14,0.1574163604718623,5.2700000000000005,3.8212770000000007,133.71,613.26,327.96,-25.140000000000015,28.571277000000016,0.04128070881997603,74.10794399999999,134.35,593.1716666666666,0.098,0.12493507051078523,0.026935070510785225,15.977120666666657,2.44108671380722,Creator
FP_202202_BU02_LATAM,2022-02-28,BU02,Latin America,USD,52.27,32.01,11.76,2.89,3.36,0.2748,0,BS_202202_BU02_LATAM,29.18,101.48,73.82,58.52,480.02,358.08,0,2022,8.500000000000005,0.1626171800267841,5.610000000000005,4.068372000000004,116.78,596.8,328.9,-16.930000000000007,20.52837200000001,0.05213365539452508,74.31526600000001,134.94,594.8016666666666,0.098,0.12494125380729153,0.026941253807291524,16.024702666666677,2.4373795761078996,Creator
FP_202203_BU02_LATAM,2022-03-31,BU02,Latin America,USD,58.14,35.81,12.73,2.91,3.58,0.2733,0,BS_202203_BU02_LATAM,28.61,98.1,69.61,53.59,480.69,359.36,0,2022,9.599999999999998,0.16511867905056757,6.689999999999998,4.861622999999998,114.11999999999998,594.81,330.75,-2.660000000000025,6.851623000000023,0.08187569780424253,74.571513,135.57,596.4,0.098,0.12503607142857143,0.027036071428571423,16.124312999999994,2.439699048462049,Creator
FP_202204_BU02_LATAM,2022-04-30,BU02,Latin America,USD,59.13,36.51,12.74,2.93,3.97,0.273,0,BS_202204_BU02_LATAM,28.31,102.1,72.89,66.45,481.73,359.24,0,2022,9.880000000000004,0.16708946389311694,6.950000000000005,5.052650000000003,108.54,590.27,330.93,-5.57999999999997,9.592649999999972,0.03356056633455684,74.21531999999999,135.43,598.1441666666666,0.098,0.12407597388032149,0.026075973880321485,15.59719166666666,2.4435501735213765,Creator
FP_202205_BU02_LATAM,2022-05-31,BU02,Latin America,USD,63.31,38.87,13.01,2.95,4.2,0.2756,0,BS_202205_BU02_LATAM,28.59,104.33,74.94,66.11,482.98,363.13,0,2022,11.430000000000005,0.1805401990206919,8.480000000000004,6.142912000000003,113.15999999999998,596.14,334.54,4.619999999999976,0.2729120000000256,0.07469020539806492,74.83650700000001,136.6,599.6616666666667,0.098,0.12479788380670212,0.026797883806702116,16.06966366666667,2.4490483162518304,Creator
FP_202206_BU02_LATAM,2022-06-30,BU02,Latin America,USD,61.51,37.92,12.76,2.98,4.11,0.2736,0,BS_202206_BU02_LATAM,29.18,103.5,76.56,65.55,484.11,363.19,0,2022,10.829999999999997,0.1760689318809949,7.849999999999996,5.702239999999997,114.51,598.62,334.01,1.3500000000000227,3.2222399999999736,0.009187858900738144,74.300859,136.26000000000002,601.17,0.098,0.12359375717351166,0.025593757173511658,15.386199000000005,2.451269631586672,Creator
FP_202207_BU02_LATAM,2022-07-31,BU02,Latin America,USD,60.38,37.2,13.0,3.0,3.93,0.2739,0,BS_202207_BU02_LATAM,30.11,103.91,75.73,60.55,485.04,364.44,0,2022,10.18,0.16859887379927127,7.18,5.213398,119.08999999999999,604.13,334.33,4.579999999999984,-0.29660199999998405,0.027919645897173995,73.883601,135.96,602.6808333333333,0.098,0.12259158896983892,0.024591588969838915,14.82087933333333,2.459032068255369,Creator
FP_202208_BU02_LATAM,2022-08-31,BU02,Latin America,USD,63.0,39.06,13.05,3.03,3.94,0.2704,0,BS_202208_BU02_LATAM,31.18,108.81,82.7,74.22,485.95,366.41,0,2022,10.889999999999997,0.17285714285714282,7.859999999999998,5.734655999999998,117.28999999999999,603.24,335.23,-1.7999999999999972,6.624655999999996,0.055099648300117154,73.86231699999999,136.21,604.2766666666666,0.098,0.12223261475152108,0.02423261475152108,14.643203666666658,2.461126202187798,Creator
FP_202209_BU02_LATAM,2022-09-30,BU02,Latin America,USD,65.92,41.14,13.51,3.05,4.09,0.2737,0,BS_202209_BU02_LATAM,32.14,113.84,94.46,85.62,486.99,368.33,0,2022,11.270000000000001,0.17096480582524273,8.220000000000002,5.970186000000001,122.68,609.6700000000001,336.19,5.390000000000015,-0.45981400000001393,0.08012452892020328,73.69915499999999,136.28,605.8283333333334,0.098,0.1216502281999576,0.0236502281999576,14.32797833333332,2.4669063692398003,Creator
FP_202210_BU02_LATAM,2022-10-31,BU02,Latin America,USD,74.53,46.5,14.74,3.07,4.44,0.27,0,BS_202210_BU02_LATAM,32.7,124.19,103.51,87.93,488.36,371.52,0,2022,13.290000000000001,0.17831745605796326,10.22,7.4606,139.76999999999998,628.13,338.82,17.089999999999975,-10.999399999999977,0.06258910749928726,73.49265499999998,136.28,607.8416666666667,0.098,0.12090756364733138,0.022907563647331375,13.924171666666645,2.4862048723216907,Creator
FP_202211_BU02_LATAM,2022-11-30,BU02,Latin America,USD,84.23,52.53,15.74,3.1,4.95,0.272,0,BS_202211_BU02_LATAM,32.78,142.95,112.47,100.31,490.21,376.18,0,2022,15.960000000000003,0.18948118247655232,12.860000000000003,9.362080000000002,155.10999999999999,645.3199999999999,343.4,15.340000000000003,-7.8279200000000015,0.058165829145728765,73.41152100000001,136.54000000000002,609.8666666666667,0.098,0.12037306679055533,0.022373066790555327,13.644587666666673,2.515013915336165,Creator
FP_202212_BU02_LATAM,2022-12-31,BU02,Latin America,USD,87.67,54.82,16.16,3.13,5.21,0.2711,0,BS_202212_BU02_LATAM,32.43,148.38,111.26,88.24,492.29,380.18,0,2022,16.69,0.19037298962016655,13.560000000000002,9.883884000000002,171.39999999999998,663.69,347.75,16.289999999999992,-8.486115999999992,0.06667477795352239,73.27387800000001,136.66000000000003,612.0066666666667,0.098,0.11972725460506968,0.021727254605069676,13.297224666666672,2.544636323723108,Creator
FP_202301_BU02_LATAM,2023-01-31,BU02,Latin America,USD,51.87,32.59,12.16,3.16,3.1,0.2726,0,BS_202301_BU02_LATAM,31.54,101.93,77.99,38.61,492.23,375.22,0,2023,7.119999999999994,0.1372662425294003,3.9599999999999937,2.8805039999999957,141.31,633.54,343.68,-30.089999999999975,33.03050399999997,0.0030941790756140453,72.333105,135.64,613.6966666666667,0.104,0.11786458836884671,0.013864588368846714,8.508651666666665,2.5337658507814806,Creator
FP_202302_BU02_LATAM,2023-02-28,BU02,Latin America,USD,54.16,34.16,12.46,3.18,3.42,0.2715,0,BS_202302_BU02_LATAM,30.65,106.74,79.14,64.38,492.47,370.93,0,2023,7.539999999999999,0.13921713441654357,4.359999999999999,3.176259999999999,121.5,613.97,340.28000000000003,-19.810000000000002,22.74626,0.03615840826477901,71.44099299999999,134.68,615.1274999999999,0.104,0.11614013842658635,0.012140138426586358,7.467733000000003,2.5265815265815266,Creator
FP_202303_BU02_LATAM,2023-03-31,BU02,Latin America,USD,61.41,38.79,13.67,3.2,4.1,0.2716,0,BS_202303_BU02_LATAM,30.0,104.82,75.19,58.33,493.37,369.76,0,2023,8.949999999999998,0.14574173587363617,5.749999999999997,4.188299999999998,121.67999999999999,615.05,339.76,0.1799999999999926,3.108300000000006,0.05624355005159942,70.76767,134.03,616.8141666666667,0.104,0.11473094138293947,0.01073094138293948,6.618996666666661,2.534954860852048,Creator
FP_202304_BU02_LATAM,2023-04-30,BU02,Latin America,USD,60.33,38.24,13.39,3.22,4.02,0.2692,0,BS_202304_BU02_LATAM,29.66,105.9,77.16,66.94,494.17,367.83,0,2023,8.699999999999996,0.14420686225758322,5.479999999999995,4.004783999999996,116.12,610.29,338.16999999999996,-5.559999999999988,8.764783999999985,0.020294266869609334,69.719804,132.85,618.4825,0.104,0.11272720570105056,0.008727205701050567,5.3976240000000075,2.545502446368084,Creator
FP_202305_BU02_LATAM,2023-05-31,BU02,Latin America,USD,67.39,42.54,14.1,3.25,4.52,0.2735,0,BS_202305_BU02_LATAM,29.93,114.08,81.52,74.92,495.44,367.83,0,2023,10.750000000000002,0.15951921650096457,7.500000000000002,5.44875,120.67999999999999,616.12,337.9,4.559999999999988,-0.3812499999999872,0.0644447954509555,69.02564199999999,132.17,620.1474999999999,0.104,0.11130520077884697,0.007305200778846971,4.530302000000006,2.5565559506695923,Creator
FP_202306_BU02_LATAM,2023-06-30,BU02,Latin America,USD,66.63,42.12,14.16,3.28,4.36,0.2739,0,BS_202306_BU02_LATAM,30.72,119.99,84.05,75.28,496.52,369.29,0,2023,10.349999999999998,0.15533543448896892,7.0699999999999985,5.133526999999999,128.76,625.28,338.57000000000005,8.079999999999998,-4.026473,0.08323849780523496,68.45692899999999,131.69,622.3691666666666,0.104,0.10999408818185347,0.005994088181853471,3.7305356666666682,2.5709621079808644,Creator
FP_202307_BU02_LATAM,2023-07-31,BU02,Latin America,USD,61.29,38.81,13.43,3.3,3.95,0.2661,0,BS_202307_BU02_LATAM,31.67,111.15,79.88,59.36,497.17,367.98,0,2023,9.049999999999997,0.14765867188774673,5.749999999999997,4.219924999999998,131.67000000000002,628.84,336.31,2.910000000000025,0.6599249999999728,0.015071215634316015,67.463456,130.55999999999997,624.4283333333333,0.104,0.10804035050726397,0.004040350507263979,2.522909333333331,2.5759037990196085,Creator
FP_202308_BU02_LATAM,2023-08-31,BU02,Latin America,USD,63.6,40.11,13.71,3.32,3.89,0.2742,0,BS_202308_BU02_LATAM,32.68,113.98,85.54,74.56,497.74,366.3,0,2023,9.780000000000001,0.1537735849056604,6.460000000000001,4.688668000000001,124.96000000000001,622.7,333.62,-6.710000000000008,10.828668000000008,0.00952380952380949,66.41746799999999,129.45,626.0500000000001,0.104,0.10608971807363625,0.002089718073636254,1.308267999999984,2.577211278485902,Creator
FP_202309_BU02_LATAM,2023-09-30,BU02,Latin America,USD,69.57,43.72,14.44,3.35,4.27,0.2682,0,BS_202309_BU02_LATAM,33.62,125.13,99.21,93.82,498.66,367.61,0,2023,11.409999999999995,0.164007474486129,8.059999999999995,5.8983079999999966,130.51999999999998,629.1800000000001,333.99,5.559999999999974,-0.5816919999999772,0.05537014563106779,66.34558999999999,129.58999999999997,627.6758333333333,0.104,0.1057004053313082,0.0017004053313082051,1.067303333333328,2.5772821977004403,Creator
FP_202310_BU02_LATAM,2023-10-31,BU02,Latin America,USD,78.52,49.04,15.58,3.37,4.66,0.2718,0,BS_202310_BU02_LATAM,34.18,134.78,108.53,93.3,499.95,371.9,0,2023,13.899999999999997,0.17702496179317367,10.529999999999998,7.667945999999998,150.01,649.96,337.71999999999997,19.49000000000001,-13.112054000000011,0.0535354890648061,66.55293599999999,130.2,629.495,0.104,0.10572432823136003,0.0017243282313600394,1.0854559999999935,2.5938556067588325,Creator
FP_202311_BU02_LATAM,2023-11-30,BU02,Latin America,USD,86.26,53.81,16.23,3.4,5.11,0.273,0,BS_202311_BU02_LATAM,34.15,151.94,115.91,101.77,501.66,375.0,0,2023,16.220000000000002,0.18803616971945283,12.820000000000002,9.320140000000002,166.08000000000004,667.74,340.85,16.07000000000005,-8.459860000000049,0.024100676718508796,66.51099599999998,130.45999999999998,631.3633333333333,0.104,0.10534504062636936,0.0013450406263693648,0.849209333333306,2.612678215544995,Creator
FP_202312_BU02_LATAM,2023-12-31,BU02,Latin America,USD,87.09,54.2,16.39,3.43,4.98,0.2767,0,BS_202312_BU02_LATAM,33.52,149.54,111.53,83.56,503.21,376.32,0,2023,16.5,0.18945918015845675,13.07,9.453531000000002,177.51,680.72,342.8,11.42999999999995,-3.526468999999949,-0.006615718033534779,66.080643,130.26999999999998,632.7824999999999,0.104,0.10442868284126063,0.0004286828412606303,0.2712630000000047,2.6314577416135725,Creator
FP_202401_BU02_LATAM,2024-01-31,BU02,Latin America,USD,53.67,33.19,12.68,3.46,3.28,0.2704,0,BS_202401_BU02_LATAM,32.67,103.11,79.39,39.1,503.03,372.94,0,2024,7.800000000000004,0.14533258803801014,4.340000000000004,3.166464000000003,143.4,646.43,340.27,-34.109999999999985,37.45646399999999,0.03470213996529803,66.366603,130.95,633.8566666666667,0.101,0.10470285553516304,0.00370285553516303,2.3470796666666587,2.5984726995036276,Creator
FP_202402_BU02_LATAM,2024-02-29,BU02,Latin America,USD,55.5,38.6,12.64,3.48,3.4,0.2706,0,BS_202402_BU02_LATAM,31.72,104.56,77.66,58.26,502.95,372.34,0,2024,4.259999999999998,0.07675675675675672,0.779999999999998,0.5689319999999985,123.96000000000001,626.91,340.62,-19.439999999999998,20.088931999999996,0.024741506646972056,63.75927499999999,127.66999999999999,634.9350000000001,0.101,0.10041858615448823,-0.0005814138455117746,-0.36916000000002214,2.6679721156105587,Value Destroyer
FP_202403_BU02_LATAM,2024-03-31,BU02,Latin America,USD,61.79,38.01,13.53,3.5,3.97,0.2739,0,BS_202403_BU02_LATAM,30.93,102.1,74.32,57.52,503.42,373.24,0,2024,10.250000000000002,0.1658844473215731,6.750000000000002,4.901175000000001,118.89999999999998,622.3199999999999,342.31,-5.060000000000031,9.491175000000032,0.00618791727731649,64.47215,128.97,635.5408333333334,0.101,0.10144454395141146,0.0004445439514114552,0.2825258333333238,2.6541831433666743,Creator
FP_202404_BU02_LATAM,2024-04-30,BU02,Latin America,USD,63.15,38.92,13.55,3.52,4.19,0.2699,0,BS_202404_BU02_LATAM,30.64,105.57,78.01,69.76,504.09,375.1,0,2024,10.679999999999996,0.16912114014251775,7.159999999999997,5.227515999999997,113.81999999999998,617.91,344.46000000000004,-5.079999999999998,9.637515999999994,0.04674291397314767,65.69488199999999,130.95,636.1758333333333,0.101,0.1032652901255025,0.0022652901255025004,1.4411228333333241,2.630469644902635,Creator
FP_202405_BU02_LATAM,2024-05-31,BU02,Latin America,USD,67.32,41.38,14.05,3.55,4.47,0.2692,0,BS_202405_BU02_LATAM,30.76,108.79,80.04,69.34,505.01,377.26,0,2024,11.88999999999999,0.1766191325014853,8.33999999999999,6.0948719999999925,119.49000000000001,624.5,346.5,5.67000000000003,-0.49512800000003754,-0.0010387297818668095,66.34100399999998,132.08999999999997,636.8741666666666,0.101,0.10416658026376219,0.003166580263762181,2.016713166666648,2.623211446740859,Creator
FP_202406_BU02_LATAM,2024-06-30,BU02,Latin America,USD,70.25,42.89,14.18,3.58,4.65,0.2706,0,BS_202406_BU02_LATAM,31.51,116.85,85.04,78.2,506.08,382.26,0,2024,13.18,0.18761565836298932,9.6,7.0022400000000005,123.68999999999998,629.77,350.75,4.199999999999974,1.7322400000000258,0.05432988143478923,68.209717,134.92,637.2483333333333,0.101,0.10703788999055835,0.006037889990558348,3.8476353333333293,2.599688704417433,Creator
FP_202407_BU02_LATAM,2024-07-31,BU02,Latin America,USD,69.68,42.45,14.44,3.6,4.55,0.273,0,BS_202407_BU02_LATAM,32.78,116.85,84.83,69.43,507.03,390.67,0,2024,12.790000000000004,0.18355338691159592,9.190000000000005,6.681130000000003,132.25,639.28,357.89,8.560000000000016,-2.8288700000000135,0.13689019415891668,70.67092199999999,138.66,638.1183333333333,0.101,0.11074892901264392,0.009748929012643917,6.220970333333312,2.581061589499495,Creator
FP_202408_BU02_LATAM,2024-08-31,BU02,Latin America,USD,67.93,41.79,14.43,3.63,4.29,0.2683,0,BS_202408_BU02_LATAM,33.97,113.16,88.94,73.61,507.69,394.77,0,2024,11.710000000000008,0.17238333578683948,8.080000000000009,5.9121360000000065,128.49,636.1800000000001,360.79999999999995,-3.759999999999991,9.012135999999998,0.06808176100628938,71.89439,140.59,639.2416666666667,0.101,0.11246824753288402,0.011468247532884016,7.330981666666659,2.5663276193185856,Creator
FP_202409_BU02_LATAM,2024-09-30,BU02,Latin America,USD,73.68,45.09,14.92,3.66,4.53,0.274,0,BS_202409_BU02_LATAM,34.97,126.97,102.62,95.38,508.56,400.36,0,2024,13.670000000000003,0.18553203040173727,10.010000000000003,7.267260000000002,134.21,642.77,365.39,5.719999999999999,0.6772600000000031,0.05907718844329479,73.26334200000001,142.85,640.3741666666666,0.101,0.11440708544093364,0.013407085440933636,8.585551166666676,2.5578578928946447,Creator
FP_202410_BU02_LATAM,2024-10-31,BU02,Latin America,USD,82.29,50.31,15.92,3.69,4.91,0.2725,0,BS_202410_BU02_LATAM,35.54,137.8,111.08,94.36,509.78,408.02,0,2024,16.060000000000002,0.19516344634828048,12.370000000000003,8.999175000000003,154.51999999999998,664.3,372.47999999999996,20.309999999999974,-12.530824999999972,0.04801324503311277,74.594571,145.01,641.5691666666667,0.101,0.11626894632041493,0.015268946320414922,9.796085166666671,2.568650437900834,Creator
FP_202411_BU02_LATAM,2024-11-30,BU02,Latin America,USD,92.49,56.42,17.27,3.72,5.41,0.2692,0,BS_202411_BU02_LATAM,35.68,157.47,120.62,108.79,511.47,416.04,0,2024,18.799999999999994,0.20326521786139037,15.079999999999993,11.020463999999995,169.3,680.77,380.36,14.78000000000003,-5.449536000000034,0.07222351031764429,76.29489500000001,147.59,642.6550000000001,0.101,0.11871827808077429,0.01771827808077428,11.386740000000003,2.5771393725862186,Creator
FP_202412_BU02_LATAM,2024-12-31,BU02,Latin America,USD,90.97,55.52,17.15,3.75,5.35,0.2708,0,BS_202412_BU02_LATAM,35.21,155.82,114.6,84.37,513.07,423.79,0,2024,18.299999999999997,0.2011652193030669,14.549999999999997,10.60986,186.04999999999995,699.12,388.58000000000004,16.749999999999943,-7.740139999999943,0.044551613273625,77.451224,149.39,644.1883333333334,0.101,0.12023071513765382,0.019230715137653814,12.388202333333325,2.60111118548765,Creator
FP_202501_BU02_LATAM,2025-01-31,BU02,Latin America,USD,57.24,35.05,13.3,3.77,3.48,0.2753,0,BS_202501_BU02_LATAM,34.38,107.98,83.48,41.26,512.78,412.74,0,2025,8.890000000000004,0.15531097134870728,5.1200000000000045,3.7104640000000035,150.20000000000002,662.98,378.36,-35.84999999999994,39.85046399999994,0.0665176076020122,77.99522400000001,150.48000000000002,645.5675,0.099,0.12081652809349915,0.02181652809349914,14.084041500000005,2.514354066985646,Creator
FP_202502_BU02_LATAM,2025-02-28,BU02,Latin America,USD,59.99,36.68,13.66,3.8,3.81,0.27,0,BS_202502_BU02_LATAM,33.5,113.12,85.0,69.21,512.79,406.76,0,2025,9.650000000000002,0.16086014335722623,5.850000000000002,4.270500000000002,128.91000000000003,641.7,373.26,-21.289999999999992,25.550499999999992,0.08090090090090096,81.696792,155.87,646.8000000000001,0.099,0.12630920222634506,0.02730920222634506,17.663591999999994,2.394687880926413,Creator
FP_202503_BU02_LATAM,2025-03-31,BU02,Latin America,USD,67.42,41.17,14.33,3.82,4.44,0.2765,0,BS_202503_BU02_LATAM,32.87,110.1,81.04,61.87,513.41,407.06,0,2025,11.92,0.17680213586472857,8.1,5.86035,129.26999999999998,642.68,374.19,0.3599999999999568,4.8803500000000435,0.09111506716297146,82.655967,157.54,648.4966666666667,0.099,0.12745781319873142,0.02845781319873142,18.454797,2.375206296813508,Creator
FP_202504_BU02_LATAM,2025-04-30,BU02,Latin America,USD,65.59,40.19,14.15,3.85,4.44,0.2724,0,BS_202504_BU02_LATAM,32.54,112.23,82.31,69.62,514.0,419.92,0,2025,11.250000000000005,0.17152004878792507,7.400000000000006,5.384240000000005,124.92000000000002,638.9200000000001,387.38,-4.349999999999966,9.144239999999972,0.03863816310372137,82.81269100000002,158.11,650.2475000000001,0.099,0.12735564688830023,0.028355646888300223,18.43818850000001,2.450066409461767,Creator
FP_202505_BU02_LATAM,2025-05-31,BU02,Latin America,USD,69.22,42.42,14.65,3.87,4.7,0.2755,0,BS_202505_BU02_LATAM,32.74,115.53,83.05,70.64,514.83,439.25,0,2025,12.149999999999997,0.17552730424732732,8.279999999999998,5.998859999999998,127.93999999999998,642.77,406.51,3.0199999999999676,2.14886000000003,0.028223410576351915,82.71667900000001,158.37000000000003,651.7700000000001,0.099,0.1269108412476794,0.027910841247679397,18.191449000000006,2.566837153501294,Creator
FP_202506_BU02_LATAM,2025-06-30,BU02,Latin America,USD,70.98,43.46,14.84,3.9,4.75,0.2675,0,BS_202506_BU02_LATAM,33.41,120.56,86.61,78.15,515.68,460.61,0,2025,12.680000000000003,0.1786418709495633,8.780000000000003,6.431350000000002,129.02,644.6999999999999,427.20000000000005,1.0800000000000267,4.5013499999999755,0.010391459074733156,82.14578900000001,157.87000000000003,653.0141666666667,0.099,0.1257948038391204,0.02679480383912039,17.497386500000005,2.7060239437511875,Creator
FP_202507_BU02_LATAM,2025-07-31,BU02,Latin America,USD,69.38,42.56,14.8,3.93,4.53,0.2727,0,BS_202507_BU02_LATAM,34.39,115.43,85.27,67.89,516.28,483.59,0,2025,12.019999999999992,0.17324877486307283,8.089999999999993,5.8838569999999955,132.81,649.0899999999999,449.2,3.789999999999992,1.4938570000000029,-0.004305396096440983,81.34851600000002,157.1,653.8316666666666,0.099,0.12441813412728561,0.025418134127285608,16.619181000000026,2.859325270528326,Creator
FP_202508_BU02_LATAM,2025-08-31,BU02,Latin America,USD,71.22,43.77,15.0,3.96,4.39,0.27,0,BS_202508_BU02_LATAM,35.6,117.8,91.81,80.03,516.71,507.49,0,2025,12.449999999999996,0.17481044650379102,8.489999999999995,6.197699999999996,129.58,646.2900000000001,471.89,-3.2299999999999898,8.997699999999984,0.048432209627557565,81.63408000000001,157.83999999999997,654.6741666666667,0.099,0.12469421302454531,0.025694213024545304,16.821337500000013,2.989673086670046,Creator
FP_202509_BU02_LATAM,2025-09-30,BU02,Latin America,USD,74.07,45.61,15.29,3.98,4.39,0.2704,0,BS_202509_BU02_LATAM,36.48,125.48,103.59,92.85,517.12,533.04,0,2025,13.169999999999995,0.1778047792628594,9.189999999999994,6.705023999999996,136.22,653.34,496.55999999999995,6.639999999999986,-0.3449759999999893,0.005293159609120357,81.071844,157.34,655.555,0.099,0.12366901938052491,0.024669019380524904,16.171898999999996,3.1559679674590058,Creator
FP_202510_BU02_LATAM,2025-10-31,BU02,Latin America,USD,86.83,53.41,16.82,4.01,5.21,0.2717,0,BS_202510_BU02_LATAM,37.1,141.93,116.42,104.18,518.32,556.86,0,2025,16.6,0.19117816422895315,12.590000000000002,9.169297,154.17000000000002,672.49,519.76,17.950000000000017,-9.980703000000016,0.055170737635192424,81.24196599999999,157.88,656.2375000000001,0.099,0.12379963961218306,0.024799639612183053,16.27445349999998,3.2921205979224726,Creator
FP_202511_BU02_LATAM,2025-11-30,BU02,Latin America,USD,96.14,59.02,17.54,4.04,5.47,0.2714,0,BS_202511_BU02_LATAM,37.12,162.83,125.4,112.21,519.75,573.85,0,2025,19.58,0.20366132723112126,15.54,11.322443999999999,176.02000000000004,695.77,536.73,21.850000000000023,-11.957556000000022,0.03946372580819557,81.54394599999999,158.65999999999997,657.4875,0.099,0.12402356850890701,0.02502356850890701,16.452683499999992,3.382894239253751,Creator
FP_202512_BU02_LATAM,2025-12-31,BU02,Latin America,USD,100.52,61.86,18.2,4.08,6.14,0.2717,0,BS_202512_BU02_LATAM,36.86,167.68,125.6,102.06,521.81,579.96,0,2025,20.459999999999997,0.20354158376442497,16.379999999999995,11.929553999999996,191.21999999999997,713.03,543.1,15.199999999999932,-5.330445999999938,0.10497966362537103,82.86363999999999,160.82,658.6466666666666,0.099,0.1258089415670516,0.026808941567051603,17.657619999999994,3.3770675289143144,Creator
FP_202101_BU02_NA,2021-01-31,BU02,North America,USD,160.08,96.65,36.37,8.42,9.58,0.2443,0,BS_202101_BU02_NA,92.88,240.99,222.69,105.4,1514.27,1115.04,0,2021,27.06000000000001,0.16904047976012,18.640000000000008,14.086248000000007,358.28,1872.55,1022.16,0.0,12.926248000000006,,,,,0.091,,,,,Not Available
FP_202102_BU02_NA,2021-02-28,BU02,North America,USD,158.09,95.83,36.32,8.48,10.4,0.252,0,BS_202102_BU02_NA,95.9,247.14,224.75,167.48,1516.19,1113.14,0,2021,25.940000000000005,0.16408374976279338,17.460000000000004,13.060080000000003,304.40999999999997,1820.6,1017.2400000000001,-53.870000000000005,65.01008,,,,,0.091,,,,,Not Available
FP_202103_BU02_NA,2021-03-31,BU02,North America,USD,185.96,112.64,38.77,8.55,12.13,0.2457,0,BS_202103_BU02_NA,98.54,251.49,223.33,173.79,1519.77,1122.97,0,2021,34.550000000000004,0.18579264357926437,26.000000000000004,19.611800000000002,301.0300000000001,1820.8000000000002,1024.43,-3.3799999999998818,19.411799999999886,,,,,0.091,,,,,Not Available
FP_202104_BU02_NA,2021-04-30,BU02,North America,USD,180.32,109.4,38.42,8.62,11.91,0.2466,0,BS_202104_BU02_NA,99.72,250.77,229.05,180.1,1523.06,1130.25,0,2021,32.499999999999986,0.1802351375332741,23.87999999999999,17.99119199999999,299.72,1822.78,1030.53,-1.3100000000000591,16.011192000000047,,,,,0.091,,,,,Not Available
FP_202105_BU02_NA,2021-05-31,BU02,North America,USD,187.87,114.66,39.87,8.69,13.01,0.2434,0,BS_202105_BU02_NA,98.99,252.92,232.95,179.95,1527.38,1132.19,0,2021,33.34000000000001,0.1774631394049077,24.650000000000013,18.65019000000001,305.92,1833.3000000000002,1033.2,6.199999999999989,8.130190000000018,,,,,0.091,,,,,Not Available
FP_202106_BU02_NA,2021-06-30,BU02,North America,USD,193.86,117.98,40.41,8.77,12.61,0.2514,0,BS_202106_BU02_NA,97.14,260.68,243.17,196.66,1531.22,1138.2,0,2021,35.47000000000001,0.18296708965232647,26.700000000000014,19.987620000000007,307.19000000000005,1838.41,1041.06,1.2700000000000387,14.877619999999968,,,,,0.091,,,,,Not Available
FP_202107_BU02_NA,2021-07-31,BU02,North America,USD,191.96,116.19,40.47,8.84,12.1,0.2422,0,BS_202107_BU02_NA,94.66,256.46,238.09,170.76,1534.48,1147.61,0,2021,35.30000000000001,0.18389247759949995,26.46000000000001,20.05138800000001,323.78999999999996,1858.27,1052.9499999999998,16.59999999999991,0.19138800000010292,,,,,0.091,,,,,Not Available
FP_202108_BU02_NA,2021-08-31,BU02,North America,USD,191.48,116.32,40.0,8.91,11.71,0.2453,0,BS_202108_BU02_NA,91.82,258.82,247.85,189.84,1537.28,1150.38,0,2021,35.16,0.18362231042406515,26.249999999999996,19.810875,316.8299999999999,1854.11,1058.5600000000002,-6.960000000000036,23.970875000000035,,,,,0.091,,,,,Not Available
FP_202109_BU02_NA,2021-09-30,BU02,North America,USD,207.57,126.05,42.64,8.99,12.65,0.2468,0,BS_202109_BU02_NA,89.86,285.99,282.5,242.75,1540.94,1152.02,0,2021,38.879999999999995,0.18731030495736375,29.889999999999993,22.513147999999994,325.74,1866.68,1062.16,8.910000000000082,9.943147999999915,,,,,0.091,,,,,Not Available
FP_202110_BU02_NA,2021-10-31,BU02,North America,USD,234.49,142.59,45.71,9.07,14.15,0.2484,0,BS_202110_BU02_NA,89.73,310.9,305.56,245.56,1546.02,1164.9,0,2021,46.190000000000005,0.19698068147895434,37.120000000000005,27.899392000000006,370.90000000000003,1916.92,1075.17,45.160000000000025,-22.340608000000017,,,,,0.091,,,,,Not Available
FP_202111_BU02_NA,2021-11-30,BU02,North America,USD,262.48,158.82,47.28,9.16,15.87,0.2501,0,BS_202111_BU02_NA,91.35,349.93,327.68,275.21,1552.73,1179.6,0,2021,56.380000000000024,0.214797317890887,47.22000000000003,35.41027800000002,402.40000000000003,1955.13,1088.25,31.5,-2.7997219999999814,,,,,0.091,,,,,Not Available
FP_202112_BU02_NA,2021-12-31,BU02,North America,USD,258.71,156.52,47.83,9.25,15.45,0.2514,0,BS_202112_BU02_NA,93.62,342.4,311.68,218.06,1558.93,1187.72,0,2021,54.35999999999997,0.21011943875381692,45.10999999999997,33.76934599999998,436.0199999999999,1994.95,1094.1,33.61999999999989,-6.050653999999913,,262.841557,455.13000000000005,1871.2083333333333,0.091,0.1404662176401167,0.04946621764011669,92.5615986666667,2.4039285478874164,Creator
FP_202201_BU02_NA,2022-01-31,BU02,North America,USD,163.66,99.2,37.52,9.33,10.13,0.2458,0,BS_202201_BU02_NA,96.66,242.92,229.58,107.45,1559.73,1184.1,0,2022,26.93999999999999,0.1646095563974092,17.609999999999992,13.281461999999994,365.05,1924.78,1087.4399999999998,-70.96999999999991,83.4514619999999,0.022363818090954446,262.036771,455.01,1875.5608333333332,0.098,0.13971115537441467,0.041711155374414666,78.23180933333333,2.3899254961429417,Creator
FP_202202_BU02_NA,2022-02-28,BU02,North America,USD,164.0,99.62,36.99,9.39,10.51,0.2441,0,BS_202202_BU02_NA,99.8,253.52,231.04,172.32,1560.85,1183.89,0,2022,27.389999999999993,0.16701219512195117,17.999999999999993,13.606199999999994,312.24,1873.09,1084.0900000000001,-52.81,65.2962,0.037383768739325696,262.582891,456.46000000000004,1879.9349999999997,0.098,0.1396765797753646,0.0416765797753646,78.34926100000004,2.374994523068834,Creator
FP_202203_BU02_NA,2022-03-31,BU02,North America,USD,189.67,115.16,40.89,9.46,12.41,0.2481,0,BS_202203_BU02_NA,102.09,253.7,228.02,172.06,1563.8,1183.96,0,2022,33.61999999999999,0.17725523277271046,24.15999999999999,18.165903999999994,309.66,1873.46,1081.8700000000001,-2.579999999999984,17.79590399999998,0.01995052699505262,261.13699499999996,455.53,1884.3233333333335,0.098,0.1385839629433731,0.0405839629433731,76.47330833333328,2.3749698153798877,Creator
FP_202204_BU02_NA,2022-04-30,BU02,North America,USD,185.88,112.9,40.14,9.53,12.16,0.2469,0,BS_202204_BU02_NA,103.1,264.9,236.0,190.31,1566.43,1188.44,0,2022,32.83999999999999,0.17667312244458785,23.309999999999988,17.554760999999992,310.59,1877.02,1085.3400000000001,0.92999999999995,13.994761000000043,0.030834072759538644,260.700564,455.87,1888.8433333333335,0.098,0.1380212743954413,0.040021274395441286,75.59391733333331,2.3808103187312177,Creator
FP_202205_BU02_NA,2022-05-31,BU02,North America,USD,196.24,119.27,40.69,9.6,12.98,0.2516,0,BS_202205_BU02_NA,102.67,271.83,241.93,191.69,1569.81,1198.76,0,2022,36.280000000000015,0.18487566245413786,26.680000000000014,19.96731200000001,322.07,1891.8799999999999,1096.09,11.480000000000018,5.10731199999999,0.04455208388779486,262.01768599999997,458.80999999999995,1893.7250000000001,0.098,0.1383610006732762,0.04036100067327619,76.43263599999995,2.3889845469802315,Creator
FP_202206_BU02_NA,2022-06-30,BU02,North America,USD,202.0,122.62,41.51,9.68,13.0,0.2491,0,BS_202206_BU02_NA,100.86,289.83,253.64,211.21,1573.13,1206.32,0,2022,37.87,0.18747524752475248,28.189999999999998,21.167870999999998,332.26,1905.39,1105.46,10.189999999999998,7.657871,0.04198906427318683,263.197937,461.21,1899.3066666666666,0.098,0.1385757980105021,0.040575798010502095,77.06588366666668,2.396869105179853,Creator
FP_202207_BU02_NA,2022-07-31,BU02,North America,USD,186.14,113.47,40.15,9.76,12.13,0.2512,0,BS_202207_BU02_NA,97.69,264.4,237.97,156.99,1575.5,1206.67,0,2022,32.51999999999999,0.1747072096271623,22.75999999999999,17.042687999999995,345.38,1920.88,1108.98,13.120000000000005,1.552687999999991,-0.030318816420087602,260.18923699999993,458.42999999999995,1904.5241666666668,0.098,0.13661640085953222,0.03861640085953222,73.54586866666659,2.4190825207774362,Creator
FP_202208_BU02_NA,2022-08-31,BU02,North America,USD,198.35,121.22,41.82,9.83,12.6,0.2488,0,BS_202208_BU02_NA,95.03,282.1,257.51,213.19,1578.27,1209.2,0,2022,35.309999999999995,0.17801865389463067,25.479999999999997,19.140575999999996,326.42,1904.69,1114.17,-18.95999999999998,35.33057599999997,0.035878420722790905,259.518938,458.5799999999999,1908.739166666667,0.098,0.13596354207642303,0.037963542076423024,72.46249966666662,2.429608792359022,Creator
FP_202209_BU02_NA,2022-09-30,BU02,North America,USD,208.59,127.3,43.45,9.9,12.59,0.2451,0,BS_202209_BU02_NA,92.92,295.84,286.46,239.0,1580.96,1212.88,0,2022,37.84,0.18140850472218228,27.940000000000005,21.091906000000005,343.29999999999995,1924.26,1119.96,16.87999999999994,1.5219060000000688,0.004914004914005066,258.097696,457.53999999999996,1913.5375000000001,0.098,0.13487987353265873,0.03687987353265873,70.57102099999997,2.447785985924728,Creator
FP_202210_BU02_NA,2022-10-31,BU02,North America,USD,235.92,144.42,46.88,9.98,13.89,0.2498,0,BS_202210_BU02_NA,92.18,326.6,310.98,252.76,1584.87,1217.65,0,2022,44.62,0.1891319091217362,34.64,25.986928,384.82000000000005,1969.69,1125.47,41.520000000000095,-19.4430720000001,0.006098341080642999,256.185232,455.96999999999997,1917.9349999999997,0.098,0.13357346938243478,0.035573469382434775,68.22760200000002,2.468298352961818,Creator
FP_202211_BU02_NA,2022-11-30,BU02,North America,USD,264.01,161.8,49.71,10.07,16.0,0.2508,0,BS_202211_BU02_NA,93.03,376.05,332.98,285.05,1590.8,1222.13,0,2022,52.49999999999998,0.1988561039354569,42.42999999999998,31.788555999999982,423.97999999999996,2014.78,1129.1000000000001,39.15999999999991,-13.301443999999933,0.0058290155440412494,252.56350999999995,452.0899999999999,1922.9058333333335,0.098,0.13134471050107754,0.03334471050107754,64.11873833333325,2.4975115574332554,Creator
FP_202212_BU02_NA,2022-12-31,BU02,North America,USD,265.88,163.1,50.5,10.17,16.06,0.2533,0,BS_202212_BU02_NA,95.46,366.43,321.44,234.82,1596.69,1225.82,0,2022,52.28,0.1966300586730856,42.11,31.443536999999996,453.05,2049.7400000000002,1130.36,29.07000000000005,-3.516463000000055,0.027714429283754116,250.23770099999996,450.00999999999993,1927.4716666666666,0.098,0.12982691539780522,0.03182691539780522,61.345477666666625,2.51185529210462,Creator
FP_202301_BU02_NA,2023-01-31,BU02,North America,USD,170.79,105.19,39.88,10.25,10.51,0.2442,0,BS_202301_BU02_NA,98.7,266.56,239.5,114.82,1596.95,1220.37,0,2023,25.71999999999999,0.15059429708999353,15.469999999999992,11.692225999999994,391.24,1988.19,1121.6699999999998,-61.81,73.242226,0.043565929365758205,248.64846499999996,448.7899999999999,1932.7558333333336,0.104,0.1286497035536908,0.024649703553690797,47.64185833333326,2.4993203948394576,Creator
FP_202302_BU02_NA,2023-02-28,BU02,North America,USD,177.69,110.23,40.38,10.31,11.02,0.2448,0,BS_202302_BU02_NA,102.22,288.83,250.17,204.59,1597.66,1212.97,0,2023,27.07999999999999,0.15240024762226345,16.76999999999999,12.664703999999992,334.40999999999997,1932.0700000000002,1110.75,-56.83000000000004,68.78470400000003,0.08347560975609758,247.70696899999993,448.4799999999999,1937.6708333333336,0.104,0.12783748650119017,0.023837486501190178,46.18920233333324,2.476699072422405,Creator
FP_202303_BU02_NA,2023-03-31,BU02,North America,USD,197.79,123.73,42.97,10.38,13.08,0.2491,0,BS_202303_BU02_NA,104.75,281.33,244.3,183.32,1600.36,1209.87,0,2023,31.08999999999999,0.15718691541533944,20.709999999999987,15.55113899999999,342.31,1942.6699999999998,1105.12,7.900000000000034,4.951138999999957,0.042811198397216144,245.09220399999995,445.94999999999993,1943.4383333333333,0.104,0.12611267350048838,0.022112673500488386,42.9746173333333,2.4781253503756027,Creator
FP_202304_BU02_NA,2023-04-30,BU02,North America,USD,197.83,123.5,42.99,10.46,12.89,0.2478,0,BS_202304_BU02_NA,106.05,294.6,257.18,213.87,1602.79,1210.61,0,2023,31.34000000000001,0.15841884446241727,20.88000000000001,15.705936000000007,337.90999999999997,1940.6999999999998,1104.56,-4.400000000000034,17.675936000000043,0.06428878846567687,243.24337899999998,444.44999999999993,1948.745,0.104,0.12482052757030807,0.02082052757030807,40.57389899999998,2.485228934638317,Creator
FP_202305_BU02_NA,2023-05-31,BU02,North America,USD,211.72,131.77,44.27,10.54,14.12,0.2476,0,BS_202305_BU02_NA,105.9,297.51,265.99,212.21,1606.37,1213.23,0,2023,35.679999999999986,0.1685244662762138,25.139999999999986,18.91533599999999,351.28999999999996,1957.6599999999999,1107.33,13.379999999999995,1.9553359999999937,0.07888300040766394,242.19140299999992,443.84999999999997,1954.2266666666667,0.104,0.12393209402525804,0.019932094025258043,38.95182966666658,2.494829334234539,Creator
FP_202306_BU02_NA,2023-06-30,BU02,North America,USD,211.25,132.16,46.13,10.62,13.7,0.2462,0,BS_202306_BU02_NA,104.07,306.42,275.56,220.58,1609.45,1208.46,0,2023,32.96,0.15602366863905326,22.340000000000003,16.839892000000003,361.4,1970.85,1104.39,10.110000000000014,3.6498919999999906,0.04579207920792072,237.86342399999995,438.93999999999994,1959.6816666666666,0.104,0.1213786034976769,0.017378603497676906,34.056530666666646,2.5160386385382973,Creator
FP_202307_BU02_NA,2023-07-31,BU02,North America,USD,200.82,125.08,43.67,10.7,13.01,0.2474,0,BS_202307_BU02_NA,101.63,294.78,262.88,178.6,1611.76,1211.89,0,2023,32.06999999999999,0.15969524947714367,21.369999999999994,16.083061999999995,379.05999999999995,1990.82,1110.2600000000002,17.659999999999968,-3.886937999999974,0.07886537015149897,236.90379799999994,438.48999999999995,1965.51,0.104,0.12053044655076796,0.016530446550767963,32.49075799999994,2.532007571438346,Creator
FP_202308_BU02_NA,2023-08-31,BU02,North America,USD,205.25,127.61,44.88,10.78,12.81,0.2492,0,BS_202308_BU02_NA,98.84,296.54,275.18,212.47,1613.79,1208.73,0,2023,32.76,0.15961023142509134,21.979999999999997,16.502584,359.25,1973.04,1109.89,-19.809999999999945,34.28258399999994,0.03478699268968999,234.26580599999994,435.93999999999994,1971.2058333333334,0.104,0.11884390865658792,0.014843908656587926,29.260399333333282,2.5459696288480074,Creator
FP_202309_BU02_NA,2023-09-30,BU02,North America,USD,221.8,138.15,45.71,10.86,13.66,0.2502,0,BS_202309_BU02_NA,97.11,326.23,311.84,267.5,1616.59,1210.9,0,2023,37.940000000000005,0.17105500450856628,27.080000000000005,20.304584000000006,370.56999999999994,1987.1599999999999,1113.7900000000002,11.319999999999936,6.1845840000000685,0.06332997746775981,233.47848399999995,436.0399999999999,1976.4475,0.104,0.11813037482655114,0.014130374826551148,27.927943999999968,2.5543298779928456,Creator
FP_202310_BU02_NA,2023-10-31,BU02,North America,USD,242.13,150.44,47.58,10.94,15.06,0.2466,0,BS_202310_BU02_NA,96.52,338.13,327.12,249.4,1620.71,1216.64,0,2023,44.11,0.1821748647420807,33.17,24.990278,415.85,2036.56,1120.1200000000001,45.280000000000086,-24.409722000000087,0.026322482197355113,232.48183399999994,435.5299999999999,1982.0200000000002,0.104,0.11729540267000328,0.013295402670003287,26.351753999999914,2.571854981287168,Creator
FP_202311_BU02_NA,2023-11-30,BU02,North America,USD,287.04,177.67,54.11,11.04,16.98,0.244,0,BS_202311_BU02_NA,98.22,401.01,363.2,324.57,1626.65,1224.59,0,2023,55.26000000000003,0.19251672240802686,44.220000000000034,33.43032000000002,439.64000000000004,2066.29,1126.37,23.79000000000002,3.7003200000000014,0.08723154425968715,234.123598,438.29,1986.3125,0.104,0.11786846128189798,0.01386846128189799,27.547098000000005,2.569919459718451,Creator
FP_202312_BU02_NA,2023-12-31,BU02,North America,USD,284.41,175.4,53.03,11.14,17.25,0.2503,0,BS_202312_BU02_NA,101.21,399.27,344.63,247.22,1632.76,1240.98,0,2023,55.98000000000002,0.19682852220386068,44.84000000000002,33.616548000000016,496.67999999999995,2129.44,1139.77,57.03999999999991,-29.53345199999989,0.06969309462915607,236.29660900000002,441.99,1992.9541666666667,0.104,0.11856600264682456,0.01456600264682456,29.02937566666671,2.578723500531686,Creator
FP_202401_BU02_NA,2024-01-31,BU02,North America,USD,177.18,108.61,40.55,11.22,10.83,0.251,0,BS_202401_BU02_NA,104.6,272.58,250.81,118.45,1632.37,1233.66,0,2024,28.02000000000001,0.15814426007450055,16.80000000000001,12.583200000000009,404.94,2037.31,1129.0600000000002,-91.73999999999995,104.71319999999996,0.037414368522747266,237.18758300000002,444.29,1997.0475,0.101,0.11876912441992493,0.017769124419924925,35.48578550000002,2.541268090661505,Creator
FP_202402_BU02_NA,2024-02-29,BU02,North America,USD,183.55,111.96,41.57,11.29,11.83,0.2487,0,BS_202402_BU02_NA,107.98,275.8,249.38,182.11,1632.91,1230.41,0,2024,30.020000000000017,0.1635521656224463,18.730000000000018,14.071849000000013,343.07000000000005,1975.98,1122.43,-61.86999999999995,75.40184899999996,0.03297878327424164,238.59472800000006,447.2300000000001,2000.7066666666667,0.101,0.11925522715307262,0.01825522715307261,36.523354666666705,2.5097377188471253,Creator
FP_202403_BU02_NA,2024-03-31,BU02,North America,USD,207.87,126.71,43.96,11.37,13.35,0.2458,0,BS_202403_BU02_NA,110.7,277.45,247.53,189.91,1634.89,1238.5,0,2024,37.20000000000001,0.1789580025977775,25.830000000000013,19.48098600000001,335.07000000000005,1969.96,1127.8,-8.0,25.500986000000005,0.05096314272713487,242.52457500000006,453.3400000000001,2002.9808333333333,0.101,0.12108182512979616,0.020081825129796158,40.22351083333339,2.4877575329774557,Creator
FP_202404_BU02_NA,2024-04-30,BU02,North America,USD,204.71,123.89,44.94,11.45,13.25,0.2479,0,BS_202404_BU02_NA,111.84,290.15,256.84,208.39,1636.69,1244.88,0,2024,35.88000000000001,0.17527233647599047,24.43000000000001,18.373803000000006,338.6,1975.29,1133.0400000000002,3.5299999999999727,13.043803000000032,0.03477733407471062,245.19244200000006,457.8800000000001,2005.8633333333335,0.101,0.12223786033943823,0.021237860339438225,42.60024533333336,2.474534812614659,Creator
FP_202405_BU02_NA,2024-05-31,BU02,North America,USD,216.88,131.98,45.87,11.53,14.51,0.2483,0,BS_202405_BU02_NA,111.21,302.81,266.78,216.69,1639.67,1250.23,0,2024,39.03000000000001,0.17996126890446335,27.500000000000007,20.671750000000007,352.8999999999999,1992.57,1139.02,14.299999999999898,3.3917500000001084,0.024371811826941148,246.94885600000006,461.2300000000001,2008.7725,0.101,0.1229352034638069,0.021935203463806896,44.06283350000004,2.469527133967868,Creator
FP_202406_BU02_NA,2024-06-30,BU02,North America,USD,221.89,134.41,46.61,11.61,14.65,0.2451,0,BS_202406_BU02_NA,109.33,314.23,279.59,230.1,1642.71,1263.27,0,2024,40.86999999999999,0.1841903645950696,29.25999999999999,22.088373999999995,363.7199999999999,2006.4299999999998,1153.94,10.819999999999993,8.228374000000002,0.05036686390532541,252.19733800000006,469.1400000000001,2011.7375000000002,0.101,0.12536294521526792,0.02436294521526791,49.01185050000004,2.459692202753975,Creator
FP_202407_BU02_NA,2024-07-31,BU02,North America,USD,217.76,131.05,45.5,11.7,14.04,0.2461,0,BS_202407_BU02_NA,106.82,300.1,273.69,194.62,1645.05,1282.23,0,2024,41.20999999999998,0.18924504041146206,29.50999999999998,22.247588999999987,379.16999999999996,2024.2199999999998,1175.41,15.450000000000045,4.457588999999942,0.08435414799322771,258.3618650000001,478.2800000000001,2014.5208333333333,0.101,0.12824978561899547,0.027249785618995465,54.895260833333396,2.457577151459396,Creator
FP_202408_BU02_NA,2024-08-31,BU02,North America,USD,218.76,131.87,45.73,11.78,13.61,0.2512,0,BS_202408_BU02_NA,104.14,306.05,285.79,219.57,1646.88,1300.15,0,2024,41.15999999999999,0.18815139879319798,29.37999999999999,21.999743999999993,372.27000000000004,2019.15,1196.01,-6.89999999999992,27.069743999999915,0.06582216808769781,263.85902500000003,486.68000000000006,2018.3633333333335,0.101,0.13072920055688686,0.029729200556886853,60.00432833333335,2.457487466096819,Creator
FP_202409_BU02_NA,2024-09-30,BU02,North America,USD,237.34,142.65,48.08,11.87,14.68,0.2478,0,BS_202409_BU02_NA,102.37,336.97,324.36,277.44,1649.69,1319.02,0,2024,46.61,0.1963849330074998,34.74,26.131428,383.89000000000004,2033.5800000000002,1216.65,11.620000000000005,11.701427999999993,0.07006311992786296,269.685869,495.3500000000001,2022.2316666666666,0.101,0.13336052117339015,0.03236052117339014,65.4404706666667,2.456142121732108,Creator
FP_202410_BU02_NA,2024-10-31,BU02,North America,USD,263.81,158.36,51.38,11.96,15.88,0.2467,0,BS_202410_BU02_NA,102.32,359.71,344.27,268.83,1653.61,1345.87,0,2024,54.069999999999986,0.20495811379401838,42.109999999999985,31.72146299999999,435.15000000000003,2088.7599999999998,1243.55,51.25999999999999,-23.458537,0.08953867756990053,276.41705400000006,505.31000000000006,2026.5816666666667,0.101,0.13639571429393835,0.03539571429393834,71.73230566666672,2.4609645564109157,Creator
FP_202411_BU02_NA,2024-11-30,BU02,North America,USD,298.29,179.03,54.74,12.06,17.6,0.2492,0,BS_202411_BU02_NA,103.62,419.86,369.75,318.42,1659.15,1370.8,0,2024,64.52000000000001,0.21629957423983373,52.46000000000001,39.38696800000001,471.19,2130.34,1267.1799999999998,36.039999999999964,-2.1930319999999526,0.03919314381270911,282.37370200000004,514.57,2031.9191666666668,0.101,0.13896896423455166,0.03796896423455165,77.14986616666667,2.4625998406436436,Creator
FP_202412_BU02_NA,2024-12-31,BU02,North America,USD,310.63,187.62,56.75,12.16,18.3,0.2452,0,BS_202412_BU02_NA,107.04,426.93,364.76,283.67,1665.29,1400.08,0,2024,66.25999999999999,0.21330843769114377,54.099999999999994,40.83468,508.02000000000004,2173.31,1293.04,36.83000000000004,-2.1353200000000356,0.09219085123589177,289.591834,524.85,2035.5749999999998,0.101,0.14226537170087078,0.04126537170087077,83.998759,2.4636372296846716,Creator
FP_202501_BU02_NA,2025-01-31,BU02,North America,USD,194.41,117.99,43.13,12.25,11.56,0.2504,0,BS_202501_BU02_NA,111.04,302.55,266.99,130.46,1664.6,1376.55,0,2025,33.29,0.1712360475284193,21.04,15.771584,439.0799999999999,2103.68,1265.51,-68.94000000000011,85.40158400000011,0.09724573879670384,292.78021800000005,530.12,2041.105833333333,0.099,0.14344195838285378,0.04444195838285378,90.71074050000007,2.387214215649287,Creator
FP_202502_BU02_NA,2025-02-28,BU02,North America,USD,196.57,119.34,44.2,12.32,12.36,0.2539,0,BS_202502_BU02_NA,114.9,319.73,271.7,215.44,1664.64,1357.72,0,2025,33.02999999999999,0.16803174441674715,20.709999999999987,15.45173099999999,375.99000000000007,2040.63,1242.82,-63.08999999999986,78.50173099999985,0.070934350313266,294.1601,533.13,2046.493333333333,0.099,0.14373860652693715,0.04473860652693715,91.55726000000001,2.331176260949487,Creator
FP_202503_BU02_NA,2025-03-31,BU02,North America,USD,214.31,130.08,46.33,12.4,14.06,0.247,0,BS_202503_BU02_NA,117.62,305.94,256.73,185.44,1666.3,1350.27,0,2025,37.89999999999999,0.17684662404927437,25.499999999999993,19.201499999999996,377.2300000000001,2043.53,1232.65,1.240000000000009,16.301499999999983,0.030980901524991555,293.880614,533.8299999999999,2052.6241666666665,0.099,0.14317312383457112,0.044173123834571115,90.67082149999999,2.3090684300245403,Creator
FP_202504_BU02_NA,2025-04-30,BU02,North America,USD,219.73,132.64,46.59,12.49,13.94,0.2482,0,BS_202504_BU02_NA,119.16,318.76,273.09,234.9,1667.75,1396.15,0,2025,40.5,0.18431711646111137,28.009999999999998,21.057918,356.94999999999993,2024.6999999999998,1276.99,-20.280000000000143,39.88791800000015,0.07337208734307055,296.564729,538.4499999999999,2056.7416666666663,0.099,0.14419153061679277,0.04519153061679276,92.94730400000003,2.371603677221655,Creator
FP_202505_BU02_NA,2025-05-31,BU02,North America,USD,227.53,138.04,46.68,12.57,15.1,0.2515,0,BS_202505_BU02_NA,118.7,317.32,278.32,220.94,1670.28,1467.42,0,2025,42.81000000000001,0.1881510130532238,30.24000000000001,22.634640000000005,374.7,2044.98,1348.72,17.750000000000057,2.3546399999999466,0.04910549612689041,298.52761899999996,542.2299999999999,2061.1091666666666,0.099,0.14483833453751235,0.04583833453751235,94.47781149999994,2.4873577633107726,Creator
FP_202506_BU02_NA,2025-06-30,BU02,North America,USD,229.09,138.61,47.33,12.66,15.0,0.2494,0,BS_202506_BU02_NA,116.52,319.04,290.12,234.17,1672.62,1545.31,0,2025,43.14999999999999,0.18835392203937312,30.48999999999999,22.88579399999999,374.9900000000001,2047.6100000000001,1428.79,0.29000000000013415,20.255793999999852,0.03244851052323239,299.32503899999995,544.51,2064.540833333333,0.099,0.14498383086796135,0.045983830867961345,94.93549649999997,2.623992213182494,Creator
FP_202507_BU02_NA,2025-07-31,BU02,North America,USD,227.26,137.82,47.45,12.75,14.83,0.2498,0,BS_202507_BU02_NA,113.51,311.5,287.57,208.99,1674.7,1629.7,0,2025,41.989999999999995,0.18476634691542726,29.239999999999995,21.935847999999996,390.0799999999999,2064.7799999999997,1516.19,15.089999999999804,4.76584800000019,0.043626010286553996,299.01329799999996,545.29,2067.920833333333,0.099,0.14459610502497475,0.04559610502497474,94.28913549999999,2.78052045700453,Creator
FP_202508_BU02_NA,2025-08-31,BU02,North America,USD,233.36,141.83,48.04,12.84,14.83,0.2478,0,BS_202508_BU02_NA,110.67,324.46,306.12,242.85,1676.69,1712.1,0,2025,43.49,0.18636441549537194,30.650000000000002,23.054930000000002,387.7299999999999,2064.42,1601.4299999999998,-2.3500000000000227,23.414930000000027,0.06673980618028907,300.068484,547.62,2071.693333333333,0.099,0.1448421342927203,0.0458421342927203,94.97084400000003,2.9243453489646103,Creator
FP_202509_BU02_NA,2025-09-30,BU02,North America,USD,236.3,143.01,48.35,12.93,14.35,0.2527,0,BS_202509_BU02_NA,108.13,333.91,331.82,260.64,1678.11,1796.99,0,2025,44.94000000000002,0.19018197206940338,32.01000000000002,23.921073000000018,405.09000000000003,2083.2,1688.8600000000001,17.360000000000127,5.141072999999885,-0.004381899384848675,297.85812899999996,545.95,2075.8283333333334,0.099,0.14348880599471533,0.04448880599471533,92.35112399999994,3.0934334646029855,Creator
FP_202510_BU02_NA,2025-10-31,BU02,North America,USD,262.16,158.38,51.54,13.02,15.75,0.2511,0,BS_202510_BU02_NA,107.15,355.93,349.19,265.08,1680.84,1861.19,0,2025,52.24000000000003,0.19926762282575536,39.22000000000003,29.37185800000002,440.04,2120.88,1754.04,34.94999999999999,-8.308141999999968,-0.006254501345665409,295.508524,544.12,2078.5049999999997,0.099,0.14217359303922775,0.04317359303922774,89.73652900000005,3.2236271410718222,Creator
FP_202511_BU02_NA,2025-11-30,BU02,North America,USD,306.36,185.48,57.67,13.12,18.26,0.2528,0,BS_202511_BU02_NA,108.37,417.56,381.56,333.19,1685.98,1894.8,0,2025,63.21000000000002,0.20632589110849986,50.090000000000025,37.42724800000002,465.93,2151.91,1786.4299999999998,25.889999999999986,6.397248000000033,0.027054208991249995,293.548804,542.8100000000001,2080.3025,0.099,0.14110871087257745,0.04210871087257745,87.59885650000004,3.2910779093973943,Creator
FP_202512_BU02_NA,2025-12-31,BU02,North America,USD,309.78,186.82,57.23,13.22,18.03,0.2489,0,BS_202512_BU02_NA,110.85,419.74,365.83,267.49,1690.79,1897.38,0,2025,65.72999999999999,0.21218283943443733,52.50999999999999,39.44026099999999,518.0799999999999,2208.87,1786.5300000000002,52.14999999999992,-17.51973899999993,-0.002736374464797464,292.15438500000005,542.2800000000001,2083.2658333333334,0.099,0.14023864853221246,0.04123864853221246,85.91106750000003,3.294478867005975,Creator
FP_202101_BU03_APAC,2021-01-31,BU03,Asia Pacific,USD,79.42,37.63,21.32,4.38,6.05,0.2245,0,BS_202101_BU03_APAC,49.05,153.32,64.68,60.86,779.03,602.03,0,2021,20.47,0.2577436414001511,16.09,12.477794999999999,157.14,936.17,552.98,0.0,10.807794999999999,,,,,0.091,,,,,Not Available
FP_202102_BU03_APAC,2021-02-28,BU03,Asia Pacific,USD,78.62,37.14,21.16,4.42,6.46,0.2276,0,BS_202102_BU03_APAC,48.36,164.32,68.43,72.43,781.07,609.01,0,2021,20.320000000000004,0.25845840752989063,15.900000000000004,12.281160000000003,160.32,941.3900000000001,560.65,3.180000000000007,7.061159999999994,,,,,0.091,,,,,Not Available
FP_202103_BU03_APAC,2021-03-31,BU03,Asia Pacific,USD,84.3,40.05,22.11,4.46,7.06,0.2277,0,BS_202103_BU03_APAC,47.3,161.52,67.09,63.77,783.67,614.02,0,2021,22.14,0.26263345195729537,17.68,13.654264,164.84,948.51,566.72,4.52000000000001,6.53426399999999,,,,,0.091,,,,,Not Available
FP_202104_BU03_APAC,2021-04-30,BU03,Asia Pacific,USD,82.02,39.34,21.84,4.5,6.97,0.2254,0,BS_202104_BU03_APAC,46.16,162.82,67.63,67.23,786.14,618.41,0,2021,20.839999999999993,0.25408436966593506,16.339999999999993,12.656963999999993,163.21999999999997,949.3599999999999,572.25,-1.620000000000033,11.806964000000029,,,,,0.091,,,,,Not Available
FP_202105_BU03_APAC,2021-05-31,BU03,Asia Pacific,USD,81.32,38.77,21.56,4.54,6.74,0.2255,0,BS_202105_BU03_APAC,45.23,155.92,64.65,59.41,788.34,622.47,0,2021,20.98999999999999,0.25811608460403335,16.449999999999992,12.740524999999993,161.16,949.5,577.24,-2.059999999999974,12.600524999999967,,,,,0.091,,,,,Not Available
FP_202106_BU03_APAC,2021-06-30,BU03,Asia Pacific,USD,82.63,39.26,22.24,4.58,6.94,0.2258,0,BS_202106_BU03_APAC,45.01,164.02,66.21,68.69,790.7,627.33,0,2021,21.13,0.25571826213239746,16.549999999999997,12.813009999999998,161.54000000000002,952.24,582.32,0.3800000000000239,10.073009999999972,,,,,0.091,,,,,Not Available
FP_202107_BU03_APAC,2021-07-31,BU03,Asia Pacific,USD,83.8,39.86,22.38,4.62,6.74,0.2272,0,BS_202107_BU03_APAC,45.69,162.09,65.37,64.47,792.82,633.28,0,2021,21.56,0.2572792362768496,16.939999999999998,13.091231999999996,162.99,955.8100000000001,587.5899999999999,1.4499999999999886,9.521232000000007,,,,,0.091,,,,,Not Available
FP_202108_BU03_APAC,2021-08-31,BU03,Asia Pacific,USD,82.26,39.14,22.02,4.66,6.61,0.2259,0,BS_202108_BU03_APAC,46.9,160.58,65.11,64.27,794.77,637.67,0,2021,21.100000000000005,0.25650376853877954,16.440000000000005,12.726204000000005,161.42000000000002,956.19,590.77,-1.5699999999999932,12.346204,,,,,0.091,,,,,Not Available
FP_202109_BU03_APAC,2021-09-30,BU03,Asia Pacific,USD,84.84,40.52,22.8,4.7,6.5,0.2263,0,BS_202109_BU03_APAC,48.58,167.32,68.75,73.45,796.57,640.84,0,2021,21.52,0.2536539368222536,16.82,13.013634000000001,162.62,959.19,592.26,1.1999999999999886,10.013634000000014,,,,,0.091,,,,,Not Available
FP_202110_BU03_APAC,2021-10-31,BU03,Asia Pacific,USD,82.89,39.35,21.97,4.74,6.15,0.2266,0,BS_202110_BU03_APAC,50.25,159.14,66.84,61.86,797.98,642.56,0,2021,21.57,0.2602243937748824,16.83,13.016321999999999,164.12,962.1,592.31,1.5,10.106321999999997,,,,,0.091,,,,,Not Available
FP_202111_BU03_APAC,2021-11-30,BU03,Asia Pacific,USD,84.24,39.98,22.77,4.78,6.46,0.2259,0,BS_202111_BU03_APAC,51.74,165.03,69.98,71.46,799.66,643.64,0,2021,21.49,0.25510446343779675,16.709999999999997,12.935210999999999,163.55,963.21,591.9,-0.5699999999999932,11.825210999999992,,,,,0.091,,,,,Not Available
FP_202112_BU03_APAC,2021-12-31,BU03,Asia Pacific,USD,86.15,41.24,22.76,4.82,6.61,0.2308,0,BS_202112_BU03_APAC,52.59,163.67,70.19,67.41,801.45,647.57,0,2021,22.150000000000002,0.257109692396982,17.330000000000002,13.330236000000001,166.45,967.9000000000001,594.98,2.8999999999999773,8.640236000000023,,154.73655699999998,255.28,953.4641666666666,0.091,0.1622888016242526,0.0712888016242526,67.97131783333332,2.3306957066750233,Strong Creator
FP_202201_BU03_APAC,2022-01-31,BU03,Asia Pacific,USD,85.75,41.05,23.09,4.86,6.72,0.2216,0,BS_202201_BU03_APAC,52.67,164.45,70.46,67.47,803.31,655.17,0,2022,21.610000000000003,0.2520116618075802,16.750000000000004,13.038200000000002,167.43999999999997,970.7499999999999,602.5,0.9899999999999807,10.188200000000023,0.07970284563082353,155.296962,256.42,956.3458333333333,0.098,0.16238577780875993,0.06438577780875993,61.57507033333334,2.34966071289291,Strong Creator
FP_202202_BU03_APAC,2022-02-28,BU03,Asia Pacific,USD,83.06,39.45,22.35,4.9,6.57,0.2249,0,BS_202202_BU03_APAC,51.91,173.7,73.4,75.38,804.98,661.75,0,2022,21.259999999999998,0.2559595473151938,16.36,12.680636,171.72,976.7,609.84,4.28000000000003,6.7306359999999685,0.056474179598066554,155.69643799999997,257.36,959.2883333333334,0.098,0.16230410877508147,0.06430410877508147,61.686181333333295,2.3695990052844267,Strong Creator
FP_202203_BU03_APAC,2022-03-31,BU03,Asia Pacific,USD,87.31,41.33,23.0,4.94,7.25,0.225,0,BS_202203_BU03_APAC,50.6,168.56,70.42,63.94,807.29,665.36,0,2022,22.980000000000004,0.2632000916275341,18.040000000000003,13.981000000000002,175.04000000000002,982.3299999999999,614.76,3.3200000000000216,8.350999999999981,0.03570581257414007,156.02317399999998,258.2,962.1066666666667,0.098,0.16216827032345685,0.06416827032345684,61.73672066666664,2.380945003872967,Strong Creator
FP_202204_BU03_APAC,2022-04-30,BU03,Asia Pacific,USD,86.42,41.05,23.02,4.98,7.29,0.2223,0,BS_202204_BU03_APAC,49.27,169.85,71.07,69.93,809.6,669.54,0,2022,22.350000000000005,0.2586206896551725,17.370000000000005,13.508649000000004,170.98999999999998,980.59,620.27,-4.05000000000004,15.248649000000043,0.05364545232870044,156.87485900000001,259.71000000000004,964.7091666666666,0.098,0.16261362949628172,0.06461362949628172,62.33336066666668,2.388317739016595,Strong Creator
FP_202205_BU03_APAC,2022-05-31,BU03,Asia Pacific,USD,84.98,40.51,23.15,5.02,7.32,0.2276,0,BS_202205_BU03_APAC,48.24,166.93,67.74,62.66,811.9,672.0,0,2022,21.320000000000007,0.25088256060249475,16.300000000000008,12.590120000000006,172.01000000000002,983.91,623.76,1.0200000000000387,9.270119999999967,0.04500737825873102,156.72445400000004,260.04,967.5766666666667,0.098,0.16197626441315593,0.06397626441315593,61.90194066666669,2.398707891093678,Strong Creator
FP_202206_BU03_APAC,2022-06-30,BU03,Asia Pacific,USD,87.09,41.4,23.34,5.07,7.28,0.2288,0,BS_202206_BU03_APAC,47.9,174.48,69.79,73.38,814.11,674.76,0,2022,22.350000000000005,0.256631071305546,17.280000000000005,13.326336000000003,170.89,985.0,626.86,-1.120000000000033,12.236336000000037,0.05397555367300022,157.23778000000001,261.26000000000005,970.3066666666667,0.098,0.16204957195663228,0.06404957195663227,62.14772666666667,2.3993722728316618,Strong Creator
FP_202207_BU03_APAC,2022-07-31,BU03,Asia Pacific,USD,86.44,41.05,23.54,5.11,7.03,0.2285,0,BS_202207_BU03_APAC,48.29,167.78,67.6,64.73,816.03,677.01,0,2022,21.85,0.252776492364646,16.740000000000002,12.91491,170.64999999999998,986.68,628.72,-0.2400000000000091,11.23491000000001,0.03150357995226738,157.06145800000002,261.55,972.8791666666667,0.098,0.16143984102170963,0.06343984102170963,61.71929966666667,2.4038233607340853,Strong Creator
FP_202208_BU03_APAC,2022-08-31,BU03,Asia Pacific,USD,90.53,43.15,24.03,5.15,7.24,0.2241,0,BS_202208_BU03_APAC,49.7,173.91,70.44,74.5,818.12,684.34,0,2022,23.35,0.2579255495415884,18.200000000000003,14.121380000000002,169.85,987.97,634.64,-0.799999999999983,12.831379999999983,0.10053488937515187,158.456634,263.8,975.5275,0.098,0.1624317448764899,0.0644317448764899,62.854939,2.405761940864291,Strong Creator
FP_202209_BU03_APAC,2022-09-30,BU03,Asia Pacific,USD,91.25,43.4,23.96,5.2,6.89,0.2251,0,BS_202209_BU03_APAC,51.51,182.07,73.12,77.6,819.81,691.62,0,2022,23.89,0.2618082191780822,18.69,14.482881,177.59,997.4,640.11,7.740000000000009,5.052880999999992,0.0755539839698256,159.92588100000003,266.17,978.7116666666666,0.098,0.16340449025674914,0.06540449025674913,64.0121376666667,2.4048916106247886,Strong Creator
FP_202210_BU03_APAC,2022-10-31,BU03,Asia Pacific,USD,90.69,43.23,23.6,5.24,6.61,0.2271,0,BS_202210_BU03_APAC,53.5,175.54,72.75,70.56,821.18,695.58,0,2022,23.86,0.2630940566765906,18.619999999999997,14.391397999999999,177.73,998.91,642.08,0.13999999999998636,12.881398000000011,0.09410061527325375,161.300957,268.46000000000004,981.7791666666666,0.098,0.16429454043891406,0.06629454043891406,65.08659866666669,2.39171571183789,Strong Creator
FP_202211_BU03_APAC,2022-11-30,BU03,Asia Pacific,USD,90.13,42.85,24.23,5.28,6.89,0.223,0,BS_202211_BU03_APAC,55.06,178.2,74.85,75.23,822.79,700.59,0,2022,23.049999999999994,0.2557417064240541,17.769999999999992,13.807289999999995,177.82,1000.6099999999999,645.53,0.09000000000000341,12.107289999999992,0.06991927825261168,162.173036,270.02000000000004,984.8958333333334,0.098,0.1646600894341618,0.0666600894341618,65.65324433333332,2.390674764832234,Strong Creator
FP_202212_BU03_APAC,2022-12-31,BU03,Asia Pacific,USD,90.31,42.88,24.38,5.32,6.65,0.2269,0,BS_202212_BU03_APAC,55.85,174.2,73.6,68.71,824.12,703.29,0,2022,23.05,0.2552319787398959,17.73,13.707063,179.08999999999997,1003.21,647.4399999999999,1.2699999999999818,11.107063000000016,0.04828786999419621,162.54986300000002,270.92,987.8383333333333,0.098,0.1645510783647122,0.06655107836471219,65.74170633333335,2.389782961759929,Strong Creator
FP_202301_BU03_APAC,2023-01-31,BU03,Asia Pacific,USD,90.97,43.14,24.19,5.36,6.9,0.228,0,BS_202301_BU03_APAC,55.85,175.24,74.14,71.46,825.66,711.82,0,2023,23.639999999999997,0.25986588985379794,18.279999999999998,14.11216,177.92000000000002,1003.5799999999999,655.97,-1.169999999999959,13.742159999999958,0.060874635568513025,163.62382300000002,272.95000000000005,990.5741666666667,0.104,0.16518078959256796,0.061180789592567966,60.60410966666669,2.4032606704524637,Strong Creator
FP_202302_BU03_APAC,2023-02-28,BU03,Asia Pacific,USD,92.69,43.92,24.49,5.4,7.24,0.225,0,BS_202302_BU03_APAC,55.3,191.41,80.68,88.26,827.5,721.3,0,2023,24.279999999999998,0.26194843025137554,18.879999999999995,14.631999999999996,183.83000000000004,1011.33,666.0,5.910000000000025,6.881999999999971,0.11594028413195279,165.575187,275.97,993.46,0.104,0.16666517725927565,0.06266517725927566,62.255347,2.413305794108055,Strong Creator
FP_202303_BU03_APAC,2023-03-31,BU03,Asia Pacific,USD,95.62,45.25,25.0,5.44,7.69,0.224,0,BS_202303_BU03_APAC,54.16,182.01,77.28,69.25,829.75,727.27,0,2023,25.370000000000005,0.2653210625392178,19.930000000000003,15.465680000000003,190.03999999999996,1019.79,673.11,6.209999999999923,7.00568000000008,0.09517810101935642,167.05986700000003,278.36,996.5816666666666,0.104,0.16763289210283824,0.06363289210283825,63.41537366666671,2.4181276045408824,Strong Creator
FP_202304_BU03_APAC,2023-04-30,BU03,Asia Pacific,USD,91.85,43.71,24.53,5.49,7.67,0.22,0,BS_202304_BU03_APAC,52.78,182.37,76.9,73.28,831.93,731.56,0,2023,23.609999999999992,0.25704953728905816,18.11999999999999,14.133599999999992,185.98999999999998,1017.92,678.78,-4.049999999999983,16.003599999999977,0.06283267762092093,167.68481799999998,279.62,999.6925,0.104,0.16773639694205966,0.06373639694205967,63.71679799999998,2.4275087618911377,Strong Creator
FP_202305_BU03_APAC,2023-05-31,BU03,Asia Pacific,USD,91.11,43.45,24.61,5.53,7.76,0.2241,0,BS_202305_BU03_APAC,51.77,175.88,73.2,66.33,834.16,734.8,0,2023,23.049999999999997,0.25299089013280646,17.519999999999996,13.593767999999997,182.75,1016.91,683.03,-3.2399999999999807,14.60376799999998,0.07213461991056724,168.688466,281.34999999999997,1002.4425,0.104,0.168277448332448,0.06427744833244801,64.43444600000001,2.4276879331793144,Strong Creator
FP_202306_BU03_APAC,2023-06-30,BU03,Asia Pacific,USD,92.58,44.21,24.81,5.58,7.53,0.2255,0,BS_202306_BU03_APAC,51.44,183.62,74.83,77.11,836.11,738.24,0,2023,23.56,0.2544826096349103,17.979999999999997,13.925509999999997,181.33999999999997,1017.45,686.8,-1.410000000000025,13.385510000000021,0.06303823630726835,169.28763999999998,282.55999999999995,1005.1466666666666,0.104,0.16842083410712863,0.06442083410712864,64.75238666666665,2.4306342015855043,Strong Creator
FP_202307_BU03_APAC,2023-07-31,BU03,Asia Pacific,USD,92.07,44.25,24.86,5.63,7.67,0.2291,0,BS_202307_BU03_APAC,51.99,175.27,72.79,69.36,838.15,740.41,0,2023,22.959999999999994,0.24937547518192674,17.329999999999995,13.359696999999997,178.7,1016.8499999999999,688.42,-2.6399999999999864,13.959696999999982,0.06513188338732068,169.73242699999997,283.67,1007.6608333333332,0.104,0.1684420207526838,0.0644420207526838,64.93570033333332,2.4268339972503257,Strong Creator
FP_202308_BU03_APAC,2023-08-31,BU03,Asia Pacific,USD,95.69,53.68,25.5,5.67,7.53,0.228,0,BS_202308_BU03_APAC,53.33,180.78,74.91,77.25,840.01,745.38,0,2023,16.509999999999998,0.17253631518444976,10.839999999999998,8.368479999999998,178.44,1018.45,692.05,-0.2599999999999909,6.768479999999989,0.056997680326963396,163.979527,276.83,1010.2008333333333,0.104,0.16232369009132672,0.05832369009132672,58.91864033333333,2.499909691868656,Strong Creator
FP_202309_BU03_APAC,2023-09-30,BU03,Asia Pacific,USD,96.83,46.33,25.58,5.72,7.5,0.223,0,BS_202309_BU03_APAC,55.21,189.72,77.74,81.93,841.79,748.6,0,2023,24.92,0.25735825673861407,19.200000000000003,14.918400000000002,185.52999999999997,1027.32,693.39,7.089999999999975,6.048400000000026,0.06115068493150688,164.41504599999996,277.85999999999996,1012.6941666666667,0.104,0.16235409604577883,0.05835409604577883,59.09485266666664,2.495465342258692,Strong Creator
FP_202310_BU03_APAC,2023-10-31,BU03,Asia Pacific,USD,96.63,46.13,25.66,5.76,7.13,0.2249,0,BS_202310_BU03_APAC,57.22,187.17,77.13,75.08,843.16,749.66,0,2023,24.839999999999993,0.2570630239056193,19.07999999999999,14.788907999999994,189.21999999999997,1032.3799999999999,692.4399999999999,3.6899999999999977,9.728907999999997,0.06549784981806162,164.81255599999997,278.84,1015.4833333333332,0.104,0.1622996169311822,0.0582996169311822,59.202289333333326,2.483287907043466,Strong Creator
FP_202311_BU03_APAC,2023-11-30,BU03,Asia Pacific,USD,96.22,45.94,25.58,5.8,7.04,0.2263,0,BS_202311_BU03_APAC,58.87,191.14,79.68,81.3,844.4,751.04,0,2023,24.700000000000003,0.25670338806900855,18.900000000000002,14.622930000000002,189.51999999999998,1033.92,692.17,0.30000000000001137,13.08292999999999,0.06756906690336195,165.628196,280.49,1018.2591666666667,0.104,0.1626581929453127,0.0586581929453127,59.729242666666664,2.4677172091696673,Strong Creator
FP_202312_BU03_APAC,2023-12-31,BU03,Asia Pacific,USD,98.15,46.82,25.96,5.84,7.26,0.2265,0,BS_202312_BU03_APAC,59.9,188.01,79.57,76.42,845.82,754.02,0,2023,25.370000000000005,0.2584819154355579,19.530000000000005,15.106455000000002,191.15999999999997,1036.98,694.12,1.6399999999999864,12.046455000000014,0.08681209168419901,167.02758799999998,282.80999999999995,1021.0733333333334,0.104,0.1635804036275553,0.0595804036275553,60.835961333333316,2.454368657402497,Strong Creator
FP_202401_BU03_APAC,2024-01-31,BU03,Asia Pacific,USD,96.33,45.98,26.05,5.89,7.08,0.2262,0,BS_202401_BU03_APAC,59.89,189.99,79.21,75.9,847.01,759.35,0,2024,24.3,0.252257863593896,18.41,14.245658,193.29999999999998,1040.31,699.46,2.140000000000015,10.915657999999985,0.058920523249422985,167.16108599999998,283.46999999999997,1024.1341666666667,0.101,0.1632218623699206,0.06222186236992058,63.723535166666636,2.467492150844887,Strong Creator
FP_202402_BU03_APAC,2024-02-29,BU03,Asia Pacific,USD,98.86,47.18,26.21,5.93,7.58,0.2251,0,BS_202402_BU03_APAC,59.08,205.52,84.61,91.28,848.66,765.07,0,2024,25.47,0.2576370625126441,19.54,15.141546,198.85,1047.51,705.99,5.550000000000011,7.9415459999999864,0.06656597259682817,167.67063199999998,284.65999999999997,1027.1491666666666,0.101,0.16323883369747497,0.06223883369747496,63.928566166666656,2.480116630366051,Strong Creator
FP_202403_BU03_APAC,2024-03-31,BU03,Asia Pacific,USD,102.38,48.85,27.3,5.98,8.4,0.2254,0,BS_202403_BU03_APAC,57.76,199.57,83.16,78.85,851.08,766.95,0,2024,26.229999999999993,0.25620238327798395,20.249999999999993,15.685649999999994,203.88000000000002,1054.96,709.19,5.03000000000003,8.235649999999962,0.07069650700690233,167.89060199999997,285.5199999999999,1030.08,0.101,0.16298792520969244,0.06198792520969243,63.85252199999998,2.4838540207341,Strong Creator
FP_202404_BU03_APAC,2024-04-30,BU03,Asia Pacific,USD,101.4,48.28,26.79,6.03,8.56,0.2271,0,BS_202404_BU03_APAC,56.47,202.84,84.44,83.87,853.61,770.25,0,2024,26.330000000000005,0.25966469428007893,20.300000000000004,15.689870000000004,203.40999999999997,1057.02,713.78,-0.4700000000000557,13.629870000000059,0.10397387044093653,169.44687199999998,288.24,1033.3383333333334,0.101,0.16398005041911085,0.06298005041911084,65.0797003333333,2.476339161809603,Strong Creator
FP_202405_BU03_APAC,2024-05-31,BU03,Asia Pacific,USD,100.25,47.86,27.05,6.08,8.55,0.2273,0,BS_202405_BU03_APAC,55.52,193.5,80.94,73.87,856.08,771.54,0,2024,25.34,0.25276807980049876,19.259999999999998,14.882201999999998,200.57,1056.65,716.02,-2.839999999999975,15.252201999999972,0.10031829656459235,170.73530599999998,290.53,1036.6499999999999,0.101,0.16469908455119858,0.06369908455119858,66.033656,2.464530341100747,Strong Creator
FP_202406_BU03_APAC,2024-06-30,BU03,Asia Pacific,USD,101.89,48.93,26.97,6.13,8.5,0.2253,0,BS_202406_BU03_APAC,55.32,202.82,83.16,86.06,858.45,773.59,0,2024,25.990000000000002,0.25507900677200906,19.860000000000003,15.385542000000001,199.92000000000002,1058.3700000000001,718.27,-0.6499999999999773,13.665541999999977,0.10056167638798885,172.195338,292.96,1040.06,0.101,0.16556288867949925,0.06456288867949925,67.149278,2.4517681594756966,Strong Creator
FP_202407_BU03_APAC,2024-07-31,BU03,Asia Pacific,USD,99.41,47.45,26.66,6.18,8.16,0.2292,0,BS_202407_BU03_APAC,55.97,193.81,78.88,72.63,860.43,777.2,0,2024,25.299999999999994,0.2545015591992757,19.119999999999994,14.737695999999996,200.06,1060.49,721.23,0.13999999999998636,12.61769600000001,0.07972195068969268,173.573337,295.3,1043.6966666666667,0.101,0.16630630579127398,0.06530630579127397,68.15997366666666,2.442363697934304,Strong Creator
FP_202408_BU03_APAC,2024-08-31,BU03,Asia Pacific,USD,100.16,47.69,26.67,6.23,7.79,0.2271,0,BS_202408_BU03_APAC,57.36,192.1,78.82,77.89,861.99,780.56,0,2024,25.799999999999997,0.25758785942492013,19.569999999999997,15.125652999999998,193.02999999999997,1055.02,723.1999999999999,-7.03000000000003,20.595653000000027,0.046713345177134435,180.33051,304.59000000000003,1046.7441666666666,0.101,0.17227753995922276,0.07127753995922276,74.60934916666668,2.374339275747726,Strong Creator
FP_202409_BU03_APAC,2024-09-30,BU03,Asia Pacific,USD,102.66,48.85,27.38,6.27,7.74,0.2261,0,BS_202409_BU03_APAC,59.38,199.69,81.71,85.88,863.46,784.09,0,2024,26.429999999999996,0.2574517825832846,20.159999999999997,15.601823999999999,195.51999999999998,1058.98,724.71,2.490000000000009,11.641823999999987,0.06020861303315095,181.013934,306.09999999999997,1049.3825,0.101,0.17249566673734318,0.07149566673734317,75.0263015,2.3675596210388767,Strong Creator
FP_202410_BU03_APAC,2024-10-31,BU03,Asia Pacific,USD,104.14,49.23,27.22,6.32,7.64,0.226,0,BS_202410_BU03_APAC,61.59,199.42,81.44,80.2,864.78,788.96,0,2024,27.690000000000005,0.26589206836950263,21.370000000000005,16.540380000000003,200.66000000000003,1065.44,727.37,5.140000000000043,10.080379999999959,0.07771913484425141,182.765406,308.95,1052.1375,0.101,0.17370867020707845,0.07270867020707844,76.49951850000001,2.35432917947888,Strong Creator
FP_202411_BU03_APAC,2024-11-30,BU03,Asia Pacific,USD,106.28,50.41,28.02,6.36,7.71,0.2235,0,BS_202411_BU03_APAC,63.56,209.9,86.13,91.63,866.13,795.31,0,2024,27.850000000000005,0.2620436582611969,21.490000000000006,16.686985000000004,204.39999999999998,1070.53,731.75,3.7399999999999523,11.59698500000005,0.10455206817709417,184.82946099999998,312.1,1055.1883333333333,0.101,0.17516253275481627,0.07416253275481627,78.25543933333331,2.3446010893944247,Strong Creator
FP_202412_BU03_APAC,2024-12-31,BU03,Asia Pacific,USD,104.3,49.58,27.56,6.41,7.81,0.226,0,BS_202412_BU03_APAC,64.54,200.31,84.31,78.69,867.53,800.01,0,2024,27.16,0.2604026845637584,20.75,16.0605,205.93,1073.46,735.47,1.5300000000000296,13.130499999999973,0.06265919510952611,185.783506,313.89000000000004,1058.2283333333332,0.101,0.17556088808810955,0.07456088808810954,78.90244433333332,2.3430819713912516,Strong Creator
FP_202501_BU03_APAC,2025-01-31,BU03,Asia Pacific,USD,103.82,49.58,27.72,6.46,7.85,0.226,0,BS_202501_BU03_APAC,64.62,202.4,85.13,82.83,868.92,793.24,0,2025,26.519999999999996,0.2554421113465613,20.059999999999995,15.526439999999997,204.7,1073.62,728.62,-1.2300000000000182,15.366440000000017,0.07775355548634888,187.06428799999998,316.11,1061.0041666666666,0.099,0.17630872137636908,0.07730872137636907,82.02487549999998,2.3049571351744644,Strong Creator
FP_202502_BU03_APAC,2025-02-28,BU03,Asia Pacific,USD,102.14,48.56,27.36,6.5,7.93,0.2291,0,BS_202502_BU03_APAC,63.58,218.59,90.21,96.26,870.35,790.46,0,2025,26.22,0.2567064813001762,19.72,15.202148,212.54000000000002,1082.89,726.88,7.840000000000032,5.93214799999997,0.033178231843010275,187.12489,316.85999999999996,1063.9525,0.099,0.1758771091754566,0.07687710917545659,81.79359249999997,2.2940099728586762,Strong Creator
FP_202503_BU03_APAC,2025-03-31,BU03,Asia Pacific,USD,108.99,52.01,28.74,6.55,8.76,0.226,0,BS_202503_BU03_APAC,62.12,210.69,88.92,83.82,872.56,789.69,0,2025,28.24,0.25910634003119554,21.689999999999998,16.788059999999998,215.79000000000002,1088.35,727.57,3.25,11.328059999999999,0.06456339128736088,188.22729999999999,318.87,1066.7350000000001,0.099,0.17645178980721543,0.07745178980721543,82.62053499999996,2.281713550976887,Strong Creator
FP_202504_BU03_APAC,2025-04-30,BU03,Asia Pacific,USD,105.97,50.58,28.47,6.61,8.64,0.2282,0,BS_202504_BU03_APAC,60.45,209.36,89.3,85.81,874.59,815.0,0,2025,26.92,0.25403416061149386,20.310000000000002,15.675258000000003,212.85000000000002,1087.44,754.55,-2.9399999999999977,16.585258,0.0450690335305719,188.21268799999999,319.46,1069.27,0.099,0.17601979668371878,0.07701979668371878,82.35495799999998,2.3619545483002566,Strong Creator
FP_202505_BU03_APAC,2025-05-31,BU03,Asia Pacific,USD,103.43,49.37,27.62,6.66,8.74,0.2222,0,BS_202505_BU03_APAC,59.12,201.8,84.55,75.11,876.67,851.91,0,2025,26.44000000000001,0.2556318282896646,19.78000000000001,15.384884000000007,211.24,1087.9099999999999,792.79,-1.6100000000000136,14.91488400000002,0.03172069825436408,188.71537,320.56,1071.875,0.099,0.1760609865889213,0.0770609865889213,82.599745,2.473140753681058,Strong Creator
FP_202506_BU03_APAC,2025-06-30,BU03,Asia Pacific,USD,106.91,51.05,28.77,6.71,8.47,0.2229,0,BS_202506_BU03_APAC,58.68,209.94,87.19,89.6,878.43,895.78,0,2025,27.09,0.2533907024600131,20.38,15.837297999999999,207.53,1085.96,837.1,-3.710000000000008,17.787298000000007,0.04926881931494753,189.167126,321.66,1074.1741666666667,0.099,0.17610470617350227,0.07710470617350226,82.8238835,2.6024373562146366,Strong Creator
FP_202507_BU03_APAC,2025-07-31,BU03,Asia Pacific,USD,106.11,50.66,28.23,6.76,8.53,0.2261,0,BS_202507_BU03_APAC,59.32,202.23,83.91,78.28,880.2,945.6,0,2025,27.220000000000002,0.2565262463481293,20.46,15.833994,207.85999999999999,1088.06,886.28,0.3299999999999841,13.733994000000019,0.06739764611206112,190.263424,323.58,1076.4716666666666,0.099,0.1767472659908993,0.07774726599089929,83.69272899999999,2.738982631806663,Strong Creator
FP_202508_BU03_APAC,2025-08-31,BU03,Asia Pacific,USD,108.97,52.26,29.21,6.81,8.41,0.223,0,BS_202508_BU03_APAC,60.99,211.41,85.6,88.33,881.8,994.76,0,2025,27.5,0.25236303569789853,20.69,16.076130000000003,208.68,1090.48,933.77,0.8200000000000216,13.65612999999998,0.08795926517571884,191.213901,325.28,1079.4266666666665,0.099,0.17714394771298345,0.07814394771298344,84.350661,2.870665272995573,Strong Creator
FP_202509_BU03_APAC,2025-09-30,BU03,Asia Pacific,USD,111.46,53.37,29.96,6.86,8.73,0.232,0,BS_202509_BU03_APAC,63.27,219.23,88.88,94.63,883.67,1048.88,0,2025,28.129999999999995,0.25237753454153955,21.269999999999996,16.335359999999998,213.48000000000002,1097.15,985.6100000000001,4.800000000000011,9.665359999999986,0.08571985193843745,191.947437,326.98,1082.6075,0.099,0.17730104123608972,0.07830104123608972,84.7692945,3.0142822190959695,Strong Creator
FP_202510_BU03_APAC,2025-10-31,BU03,Asia Pacific,USD,113.43,54.37,29.67,6.91,8.54,0.2253,0,BS_202510_BU03_APAC,65.69,219.75,89.32,90.14,885.3,1088.41,0,2025,29.390000000000008,0.25910253019483387,22.480000000000008,17.415256000000003,218.93,1104.23,1022.72,5.449999999999989,10.335256000000015,0.08920683695025922,192.822313,328.68000000000006,1085.84,0.099,0.17757893704413175,0.07857893704413174,85.32415300000001,3.1115979067786292,Strong Creator
FP_202511_BU03_APAC,2025-11-30,BU03,Asia Pacific,USD,111.64,53.71,29.73,6.96,8.51,0.2245,0,BS_202511_BU03_APAC,67.51,229.6,91.94,96.48,886.85,1107.53,0,2025,28.2,0.25259763525618056,21.24,16.471619999999998,225.05999999999995,1111.9099999999999,1040.02,6.129999999999939,8.79162000000006,0.05043281896876173,192.60694800000002,329.03000000000003,1089.2883333333332,0.099,0.1768190681071587,0.07781906810715869,84.76740300000003,3.160866790262286,Strong Creator
FP_202512_BU03_APAC,2025-12-31,BU03,Asia Pacific,USD,107.43,51.34,29.1,7.01,7.78,0.2283,0,BS_202512_BU03_APAC,68.37,213.43,87.89,80.11,887.62,1098.42,0,2025,26.990000000000002,0.2512333612584939,19.980000000000004,15.418566000000004,221.20999999999998,1108.83,1030.0500000000002,-3.849999999999966,18.49856599999997,0.030009587727708675,191.965014,328.86,1092.2358333333334,0.099,0.17575418068289586,0.07675418068289586,83.83366649999998,3.1321839080459775,Strong Creator
FP_202101_BU03_EU,2021-01-31,BU03,Europe,USD,97.17,47.77,25.8,5.46,7.46,0.2563,0,BS_202101_BU03_EU,59.52,191.39,81.8,83.84,971.22,704.11,0,2021,23.599999999999998,0.24287331480909743,18.139999999999997,13.490717999999998,189.35,1160.57,644.59,0.0,11.490717999999998,,,,,0.091,,,,,Not Available
FP_202102_BU03_EU,2021-02-28,BU03,Europe,USD,99.44,49.19,26.96,5.51,7.71,0.257,0,BS_202102_BU03_EU,60.51,208.55,90.37,106.48,973.42,711.96,0,2021,23.29,0.2342115848753017,17.78,13.21054,192.44,1165.86,651.45,3.0900000000000034,7.9205399999999955,,,,,0.091,,,,,Not Available
FP_202103_BU03_EU,2021-03-31,BU03,Europe,USD,103.12,50.98,27.0,5.56,8.34,0.257,0,BS_202103_BU03_EU,60.44,201.87,87.29,84.24,976.2,717.3,0,2021,25.140000000000008,0.2437936384794415,19.58000000000001,14.547940000000006,204.92000000000002,1181.1200000000001,656.8599999999999,12.480000000000018,-0.7120600000000117,,,,,0.091,,,,,Not Available
FP_202104_BU03_EU,2021-04-30,BU03,Europe,USD,98.52,48.36,26.57,5.61,8.17,0.2545,0,BS_202104_BU03_EU,59.52,201.7,86.17,85.6,978.76,720.7,0,2021,23.589999999999996,0.23944376776289075,17.979999999999997,13.404089999999998,202.27,1181.03,661.1800000000001,-2.6500000000000057,13.494090000000005,,,,,0.091,,,,,Not Available
FP_202105_BU03_EU,2021-05-31,BU03,Europe,USD,100.85,49.71,27.23,5.66,8.43,0.2563,0,BS_202105_BU03_EU,58.18,197.77,83.99,83.32,981.53,725.1,0,2021,23.909999999999993,0.2370847793753098,18.249999999999993,13.572524999999995,198.44,1179.97,666.9200000000001,-3.8300000000000125,14.632525000000008,,,,,0.091,,,,,Not Available
FP_202106_BU03_EU,2021-06-30,BU03,Europe,USD,100.36,49.56,26.98,5.7,8.24,0.2603,0,BS_202106_BU03_EU,56.8,201.77,84.63,89.65,984.07,730.84,0,2021,23.819999999999997,0.2373455559984057,18.119999999999997,13.403363999999998,196.74999999999997,1180.82,674.0400000000001,-1.6900000000000261,12.553364000000025,,,,,0.091,,,,,Not Available
FP_202107_BU03_EU,2021-07-31,BU03,Europe,USD,99.84,49.11,26.76,5.75,8.13,0.257,0,BS_202107_BU03_EU,55.88,196.06,81.6,81.15,986.45,735.87,0,2021,23.970000000000002,0.24008413461538464,18.220000000000002,13.537460000000001,196.50999999999996,1182.96,679.99,-0.2400000000000091,11.397460000000011,,,,,0.091,,,,,Not Available
FP_202108_BU03_EU,2021-08-31,BU03,Europe,USD,101.32,49.87,26.95,5.8,8.12,0.2589,0,BS_202108_BU03_EU,55.73,197.97,81.98,87.04,988.77,741.87,0,2021,24.499999999999996,0.24180813264903275,18.699999999999996,13.858569999999997,192.90999999999997,1181.6799999999998,686.14,-3.5999999999999943,15.138569999999993,,,,,0.091,,,,,Not Available
FP_202109_BU03_EU,2021-09-30,BU03,Europe,USD,103.65,50.82,27.52,5.85,8.01,0.2635,0,BS_202109_BU03_EU,56.49,209.9,84.91,95.81,990.93,748.23,0,2021,25.310000000000006,0.24418716835504103,19.460000000000008,14.332290000000004,199.0,1189.9299999999998,691.74,6.090000000000032,6.08228999999997,,,,,0.091,,,,,Not Available
FP_202110_BU03_EU,2021-10-31,BU03,Europe,USD,102.71,50.4,27.7,5.9,7.74,0.2556,0,BS_202110_BU03_EU,58.07,203.36,83.58,86.18,992.77,751.51,0,2021,24.609999999999996,0.23960665952682306,18.709999999999994,13.927723999999994,200.76,1193.53,693.4399999999999,1.759999999999991,10.327724000000005,,,,,0.091,,,,,Not Available
FP_202111_BU03_EU,2021-11-30,BU03,Europe,USD,104.43,51.06,28.13,5.94,7.89,0.2586,0,BS_202111_BU03_EU,60.3,213.44,87.38,97.83,994.72,755.09,0,2021,25.240000000000006,0.24169300009575795,19.300000000000004,14.309020000000004,202.99,1197.71,694.7900000000001,2.230000000000018,10.129019999999986,,,,,0.091,,,,,Not Available
FP_202112_BU03_EU,2021-12-31,BU03,Europe,USD,102.99,50.36,27.85,5.99,7.51,0.259,0,BS_202112_BU03_EU,62.39,206.57,85.42,85.83,996.24,758.42,0,2021,24.779999999999994,0.24060588406641417,18.789999999999992,13.923389999999994,206.16000000000003,1202.4,696.03,3.170000000000016,9.233389999999977,,165.517631,291.76,1183.1316666666667,0.091,0.13989789612032472,0.04889789612032472,57.85264933333333,2.3856251713737318,Creator
FP_202201_BU03_EU,2022-01-31,BU03,Europe,USD,105.01,51.46,27.4,6.04,8.08,0.2582,0,BS_202201_BU03_EU,64.2,209.63,87.61,93.42,998.28,769.09,0,2022,26.150000000000006,0.24902390248547762,20.110000000000007,14.917598000000005,203.82,1202.1,704.89,-2.340000000000032,15.217598000000036,0.08068333847895448,166.944511,294.30999999999995,1186.5925,0.098,0.14069236995851567,0.042692369958515664,50.658446,2.3950596310013257,Creator
FP_202202_BU03_EU,2022-02-28,BU03,Europe,USD,103.85,51.03,27.66,6.08,8.22,0.259,0,BS_202202_BU03_EU,65.01,222.25,94.17,108.03,1000.42,778.31,0,2022,25.159999999999993,0.24227250842561382,19.07999999999999,14.138279999999993,208.39000000000001,1208.81,713.3,4.570000000000022,7.428279999999971,0.0443483507642799,167.872251,296.18,1190.1716666666666,0.098,0.1410487711156514,0.04304877111565139,51.235427666666666,2.408332770612465,Creator
FP_202203_BU03_EU,2022-03-31,BU03,Europe,USD,107.86,52.53,28.62,6.14,8.94,0.2573,0,BS_202203_BU03_EU,64.85,210.96,90.69,86.31,1003.22,784.21,0,2022,26.709999999999997,0.247635824216577,20.569999999999997,15.277338999999998,215.33999999999997,1218.56,719.36,6.94999999999996,5.527339000000039,0.0459658650116368,168.60164999999998,297.74999999999994,1193.2916666666667,0.098,0.1412912322357624,0.043291232235762395,51.65906666666663,2.4159865659109996,Creator
FP_202204_BU03_EU,2022-04-30,BU03,Europe,USD,104.9,51.41,28.34,6.19,8.79,0.2589,0,BS_202204_BU03_EU,63.89,213.15,91.31,93.25,1005.82,788.9,0,2022,25.15000000000001,0.23975214489990473,18.960000000000008,14.051256000000006,211.21000000000004,1217.0300000000002,725.01,-4.129999999999939,15.581255999999946,0.06475842468534321,169.24881599999998,299.31,1196.2916666666667,0.098,0.14147788596705094,0.04347788596705093,52.012232666666634,2.422271223814774,Creator
FP_202205_BU03_EU,2022-05-31,BU03,Europe,USD,103.61,51.0,27.9,6.24,8.89,0.2583,0,BS_202205_BU03_EU,62.2,203.39,87.15,82.72,1008.47,791.62,0,2022,24.71,0.2384904931956375,18.47,13.699199,207.81999999999996,1216.29,729.42,-3.3900000000000716,14.439199000000073,0.02736737729300942,169.37549,300.11,1199.3183333333334,0.098,0.14122646614535203,0.04322646614535203,51.84229333333333,2.4305088134350736,Creator
FP_202206_BU03_EU,2022-06-30,BU03,Europe,USD,106.17,52.17,27.98,6.29,8.7,0.2553,0,BS_202206_BU03_EU,60.6,208.45,89.45,95.5,1010.88,795.47,0,2022,26.02,0.2450786474521993,19.73,14.692930999999998,202.39999999999998,1213.28,734.87,-5.4199999999999875,17.702930999999985,0.057891590275009897,170.665057,302.31000000000006,1202.0233333333333,0.098,0.141981484275125,0.043981484275124993,52.86677033333332,2.4308491283781546,Creator
FP_202207_BU03_EU,2022-07-31,BU03,Europe,USD,103.59,50.79,28.07,6.34,8.57,0.2584,0,BS_202207_BU03_EU,59.35,202.91,84.91,81.83,1013.11,799.67,0,2022,24.730000000000004,0.23872960710493293,18.390000000000004,13.638024000000003,205.99,1219.1,740.3199999999999,3.590000000000032,7.818023999999973,0.037560096153846256,170.76562099999998,303.07,1205.035,0.098,0.14171009223798475,0.04371009223798475,52.67219099999997,2.4427360015837922,Creator
FP_202208_BU03_EU,2022-08-31,BU03,Europe,USD,104.42,51.67,28.15,6.4,8.56,0.2563,0,BS_202208_BU03_EU,58.9,206.07,85.29,90.54,1015.27,802.83,0,2022,24.6,0.23558705228883356,18.200000000000003,13.535340000000003,200.82,1216.09,743.9300000000001,-5.170000000000016,16.545340000000017,0.030596131069877686,170.442391,303.17,1207.9025,0.098,0.1411060834794199,0.04310608347941991,52.06794599999999,2.453837780783059,Creator
FP_202209_BU03_EU,2022-09-30,BU03,Europe,USD,106.56,52.64,28.38,6.44,7.98,0.2597,0,BS_202209_BU03_EU,59.46,214.44,87.85,98.15,1016.81,805.44,0,2022,25.540000000000003,0.2396771771771772,19.1,14.13973,204.13999999999996,1220.9499999999998,745.98,3.3199999999999648,9.279730000000036,0.028075253256150567,170.249831,303.40000000000003,1210.4875,0.098,0.14064567457326077,0.04264567457326077,51.622056,2.4587343441001974,Creator
FP_202210_BU03_EU,2022-10-31,BU03,Europe,USD,107.45,53.18,29.1,6.49,8.03,0.2598,0,BS_202210_BU03_EU,61.0,213.92,87.42,92.65,1018.35,806.97,0,2022,25.17,0.23424848766868311,18.68,13.826936,208.68999999999997,1227.04,745.97,4.550000000000011,7.736935999999988,0.0461493525460035,170.149043,303.96,1213.28,0.098,0.140238892094158,0.04223889209415799,51.247603,2.4541716015265167,Creator
FP_202211_BU03_EU,2022-11-30,BU03,Europe,USD,109.08,53.64,29.33,6.54,8.02,0.2587,0,BS_202211_BU03_EU,63.1,220.24,91.15,101.74,1019.83,811.06,0,2022,26.11,0.23936560322698935,19.57,14.507241000000002,209.64999999999998,1229.48,747.9599999999999,0.960000000000008,12.067240999999996,0.04452743464521691,170.34726400000002,304.83,1215.9275,0.098,0.14009656332305997,0.04209656332305997,51.18636900000001,2.45369550241118,Creator
FP_202212_BU03_EU,2022-12-31,BU03,Europe,USD,110.09,53.92,29.28,6.59,8.2,0.2565,0,BS_202212_BU03_EU,65.38,216.06,90.49,92.9,1021.44,816.66,0,2022,26.89,0.24425470069942773,20.3,15.093050000000002,213.65,1235.0900000000001,751.28,4.000000000000028,9.483049999999974,0.06893873191571998,171.51692400000002,306.94,1218.6516666666666,0.098,0.1407431907668448,0.042743190766844796,52.08906066666668,2.447644490779957,Creator
FP_202301_BU03_EU,2023-01-31,BU03,Europe,USD,109.75,53.5,29.38,6.64,8.46,0.2571,0,BS_202301_BU03_EU,67.09,214.13,91.1,93.56,1023.26,823.64,0,2023,26.87,0.24482915717539863,20.23,15.028867,211.67000000000002,1234.93,756.55,-1.9799999999999898,15.188866999999988,0.0451385582325492,171.628193,307.65999999999997,1221.3875,0.104,0.14051903511375383,0.03651903511375383,44.603893000000014,2.459045699798479,Creator
FP_202302_BU03_EU,2023-02-28,BU03,Europe,USD,108.5,53.12,29.45,6.69,8.41,0.2608,0,BS_202302_BU03_EU,67.94,230.31,98.07,112.09,1024.98,829.17,0,2023,25.930000000000003,0.2389861751152074,19.240000000000002,14.222208000000004,216.29,1241.27,761.23,4.619999999999976,7.882208000000027,0.044776119402985204,171.712121,308.43,1224.0925,0.104,0.14027707955076923,0.03627707955076924,44.406501000000006,2.468080277534611,Creator
FP_202303_BU03_EU,2023-03-31,BU03,Europe,USD,110.62,54.57,29.69,6.74,8.67,0.2558,0,BS_202303_BU03_EU,67.66,222.31,94.26,90.6,1026.91,830.6,0,2023,26.360000000000003,0.2382932561923703,19.620000000000005,14.601204000000003,225.97,1252.88,762.94,9.680000000000007,2.991203999999998,0.025588726126460237,171.035986,308.08000000000004,1226.9525,0.104,0.13939902807973414,0.03539902807973415,43.43292600000001,2.476434692287717,Creator
FP_202304_BU03_EU,2023-04-30,BU03,Europe,USD,109.03,53.54,29.37,6.79,8.95,0.2558,0,BS_202304_BU03_EU,66.53,223.47,95.34,98.25,1029.07,834.42,0,2023,26.12,0.23956709162615794,19.330000000000002,14.385386,220.56,1249.6299999999999,767.89,-5.409999999999997,17.635385999999997,0.03937082936129643,171.37011600000002,309.05,1229.6691666666666,0.104,0.1393627819948862,0.0353627819948862,43.484522666666706,2.484678854554279,Creator
FP_202305_BU03_EU,2023-05-31,BU03,Europe,USD,110.07,53.93,29.72,6.85,9.18,0.2601,0,BS_202305_BU03_EU,64.95,219.07,92.22,90.13,1031.4,838.47,0,2023,26.419999999999995,0.2400290724084673,19.569999999999993,14.479842999999995,221.15999999999997,1252.56,773.52,0.5999999999999659,11.549843000000031,0.06234919409323414,172.15076,310.76000000000005,1232.6916666666668,0.104,0.139654355306477,0.035654355306476995,43.95082666666664,2.4891234393100783,Creator
FP_202306_BU03_EU,2023-06-30,BU03,Europe,USD,114.2,55.89,29.83,6.9,9.41,0.261,0,BS_202306_BU03_EU,63.37,233.05,95.91,106.48,1033.91,845.08,0,2023,28.480000000000004,0.2493870402802102,21.580000000000005,15.947620000000004,222.48000000000002,1256.39,781.71,1.32000000000005,12.117619999999956,0.07563341810304225,173.405449,313.21999999999997,1236.2841666666666,0.104,0.14026342298595051,0.03626342298595052,44.831895666666696,2.4957218568418367,Creator
FP_202307_BU03_EU,2023-07-31,BU03,Europe,USD,111.11,54.43,30.1,6.95,8.83,0.2532,0,BS_202307_BU03_EU,62.23,221.11,91.35,88.91,1035.79,849.37,0,2023,26.58,0.23922239222392222,19.63,14.659684,223.55000000000004,1259.34,787.14,1.0700000000000216,11.70968399999998,0.07259387971811937,174.42710900000003,315.07000000000005,1239.6375,0.104,0.14070815782839743,0.03670815782839744,45.50480900000002,2.4983019646427773,Creator
FP_202308_BU03_EU,2023-08-31,BU03,Europe,USD,113.25,55.57,30.32,7.01,8.89,0.2565,0,BS_202308_BU03_EU,62.03,223.77,91.98,97.84,1037.67,857.2,0,2023,27.36,0.24158940397350992,20.35,15.130225000000003,217.91,1255.5800000000002,795.1700000000001,-5.640000000000043,18.890225000000044,0.08456234437847154,176.021994,317.83,1242.9283333333333,0.104,0.14161877984383653,0.03761877984383653,46.757447333333346,2.501872069974515,Creator
FP_202309_BU03_EU,2023-09-30,BU03,Europe,USD,116.92,57.2,31.32,7.06,8.97,0.2558,0,BS_202309_BU03_EU,62.96,235.24,95.25,107.46,1039.58,863.38,0,2023,28.4,0.24290112897707833,21.34,15.881228,223.03000000000003,1262.61,800.42,5.120000000000033,8.851227999999965,0.09722222222222232,177.763492,320.69,1246.4,0.104,0.14262154364569962,0.03862154364569963,48.13789200000002,2.4959306495369358,Creator
FP_202310_BU03_EU,2023-10-31,BU03,Europe,USD,117.36,57.34,31.45,7.11,8.66,0.2572,0,BS_202310_BU03_EU,64.83,227.36,94.12,97.48,1041.13,868.07,0,2023,28.569999999999997,0.2434389911383776,21.459999999999997,15.940487999999998,224.0,1265.13,803.24,0.9699999999999704,13.420488000000027,0.09222894369474166,179.877044,324.09000000000003,1249.5741666666665,0.104,0.14395067439641107,0.039950674396411076,49.921330666666705,2.4784473448733375,Creator
FP_202311_BU03_EU,2023-11-30,BU03,Europe,USD,116.99,57.27,31.08,7.17,8.79,0.2608,0,BS_202311_BU03_EU,67.2,232.66,97.21,106.28,1042.75,870.74,0,2023,28.639999999999993,0.24480724848277627,21.46999999999999,15.870623999999996,223.59,1266.34,803.54,-0.4099999999999966,14.660623999999991,0.07251558489182242,181.240427,326.62,1252.6458333333333,0.104,0.14468608937748434,0.040686089377484344,50.96526033333336,2.4601677790704795,Creator
FP_202312_BU03_EU,2023-12-31,BU03,Europe,USD,119.84,58.6,32.0,7.22,8.85,0.2571,0,BS_202312_BU03_EU,69.75,234.45,97.4,102.04,1044.38,874.51,0,2023,29.240000000000002,0.24399198931909213,22.020000000000003,16.358658000000002,229.81,1274.19,804.76,6.219999999999999,8.508658000000002,0.0885639022617859,182.506035,328.97,1255.9041666666667,0.104,0.14531844056572787,0.04131844056572788,51.89200166666666,2.4463020944159037,Creator
FP_202401_BU03_EU,2024-01-31,BU03,Europe,USD,118.29,57.73,31.28,7.27,8.9,0.2621,0,BS_202401_BU03_EU,71.76,230.16,97.68,100.24,1046.01,883.12,0,2024,29.28000000000001,0.24752726350494553,22.01000000000001,16.241179000000006,227.60000000000002,1273.6100000000001,811.36,-2.2099999999999795,16.821178999999987,0.07781321184510248,183.718347,331.38,1259.1274999999998,0.101,0.14590924826913876,0.04490924826913875,56.5464695,2.4484277868308286,Creator
FP_202402_BU03_EU,2024-02-29,BU03,Europe,USD,117.02,57.69,31.28,7.33,9.54,0.2594,0,BS_202402_BU03_EU,72.85,243.85,103.23,115.34,1048.22,890.88,0,2024,28.049999999999997,0.2397026149376175,20.72,15.345231999999998,231.73999999999998,1279.96,818.03,4.139999999999958,8.99523200000004,0.07852534562211977,184.841371,333.5,1262.3516666666667,0.101,0.14642621060428224,0.04542621060428223,57.34385266666666,2.452863568215892,Creator
FP_202403_BU03_EU,2024-03-31,BU03,Europe,USD,121.04,59.2,31.8,7.38,9.76,0.2555,0,BS_202403_BU03_EU,72.95,238.37,101.53,100.79,1050.6,898.29,0,2024,30.040000000000003,0.24818241903502974,22.660000000000004,16.87037,239.10999999999996,1289.7099999999998,825.3399999999999,7.369999999999976,7.120370000000024,0.09419634785753028,187.11053700000002,337.18,1265.4208333333333,0.101,0.14786427729905402,0.046864277299054014,59.30303283333335,2.4477727030072955,Creator
FP_202404_BU03_EU,2024-04-30,BU03,Europe,USD,119.88,58.45,31.52,7.44,10.14,0.2588,0,BS_202404_BU03_EU,72.06,243.14,103.55,108.04,1053.3,903.35,0,2024,29.909999999999993,0.24949949949949946,22.46999999999999,16.654763999999997,238.64999999999998,1291.9499999999998,831.29,-0.45999999999997954,14.414763999999977,0.09951389525818577,189.379915,340.96999999999997,1268.9475,0.101,0.14924172591852697,0.04824172591852696,61.2162175,2.438015074639998,Creator
FP_202405_BU03_EU,2024-05-31,BU03,Europe,USD,118.74,57.88,31.97,7.5,10.04,0.256,0,BS_202405_BU03_EU,70.43,404.18,99.75,96.34,1055.84,905.72,1,2024,28.889999999999993,0.24330469934310253,21.389999999999993,15.914159999999995,407.59000000000003,1463.4299999999998,835.29,168.94000000000005,-155.56584000000007,0.07876805669119658,190.814232,343.43999999999994,1286.52,0.101,0.14831812330939279,0.04731812330939278,60.87571199999999,2.432127882599581,Creator
FP_202406_BU03_EU,2024-06-30,BU03,Europe,USD,120.15,58.38,31.85,7.56,10.08,0.2567,0,BS_202406_BU03_EU,68.59,245.84,101.71,108.44,1058.36,905.32,0,2024,29.92,0.2490220557636288,22.360000000000003,16.620188000000002,239.11,1297.4699999999998,836.73,-168.48000000000002,182.58018800000002,0.05210157618213662,191.48680000000002,344.88,1289.9433333333334,0.101,0.14844590072432123,0.04744590072432123,61.202523333333346,2.4261482254697286,Creator
FP_202407_BU03_EU,2024-07-31,BU03,Europe,USD,119.28,58.05,32.04,7.62,9.83,0.2528,0,BS_202407_BU03_EU,67.36,237.7,97.83,96.31,1060.57,909.46,0,2024,29.190000000000005,0.24471830985915496,21.570000000000004,16.117104,239.21999999999997,1299.79,842.1,0.1099999999999568,13.797104000000045,0.0735307353073531,192.94421999999997,347.48999999999995,1293.3141666666666,0.101,0.14918588613104447,0.048185886131044464,62.31948916666664,2.4233790900457572,Creator
FP_202408_BU03_EU,2024-08-31,BU03,Europe,USD,121.38,59.25,32.28,7.68,9.64,0.2616,0,BS_202408_BU03_EU,67.07,244.56,98.29,105.22,1062.53,916.5,0,2024,29.849999999999994,0.24592189817103308,22.169999999999995,16.370327999999994,237.63000000000002,1300.16,849.4300000000001,-1.5899999999999466,16.00032799999994,0.0717880794701986,194.18432299999998,349.98,1297.0291666666665,0.101,0.14971469261485382,0.04871469261485381,63.18437716666665,2.427081547517001,Creator
FP_202409_BU03_EU,2024-09-30,BU03,Europe,USD,122.5,60.03,32.53,7.74,9.48,0.2593,0,BS_202409_BU03_EU,67.8,251.27,100.63,112.25,1064.27,920.18,0,2024,29.939999999999998,0.2444081632653061,22.199999999999996,16.44354,239.64999999999998,1303.92,852.38,2.0199999999999534,12.683540000000047,0.0477249401300035,194.746635,351.52,1300.4716666666666,0.101,0.14975077119455377,0.04875077119455376,63.398996666666676,2.4248406918525265,Creator
FP_202410_BU03_EU,2024-10-31,BU03,Europe,USD,125.56,61.16,33.16,7.79,9.63,0.2546,0,BS_202410_BU03_EU,69.7,250.1,100.11,106.64,1066.11,924.33,0,2024,31.24000000000001,0.2488053520229373,23.45000000000001,17.479630000000007,243.57,1309.6799999999998,854.63,3.920000000000016,11.71962999999999,0.06987048398091344,196.285777,354.19,1304.1841666666667,0.101,0.15050464651912018,0.04950464651912018,64.56317616666666,2.4129139727265025,Creator
FP_202411_BU03_EU,2024-11-30,BU03,Europe,USD,124.17,60.43,32.88,7.85,9.03,0.2576,0,BS_202411_BU03_EU,72.19,253.4,102.29,112.27,1067.29,928.13,0,2024,30.86,0.2485302407989047,23.009999999999998,17.082623999999996,243.42000000000002,1310.71,855.94,-0.14999999999997726,16.052623999999973,0.061372766903154075,197.49777699999999,356.40999999999997,1307.8816666666667,0.101,0.15100584558490893,0.05000584558490892,65.40172866666666,2.4015600011223035,Strong Creator
FP_202412_BU03_EU,2024-12-31,BU03,Europe,USD,121.84,59.36,32.77,7.9,9.11,0.2556,0,BS_202412_BU03_EU,74.49,243.03,99.35,99.86,1068.5,930.13,0,2024,29.71,0.24384438608010506,21.810000000000002,16.235364,242.51999999999998,1311.02,855.64,-0.9000000000000341,15.925364000000037,0.016688918558077415,197.374483,356.88,1310.9508333333333,0.101,0.15055826502519482,0.04955826502519481,64.96844883333333,2.397556601658821,Creator
FP_202501_BU03_EU,2025-01-31,BU03,Europe,USD,122.39,59.66,33.35,7.96,9.56,0.2532,0,BS_202501_BU03_EU,76.37,243.31,100.34,105.79,1070.1,917.57,0,2025,29.380000000000003,0.24005229185390967,21.42,15.996456000000002,237.85999999999996,1307.9599999999998,841.2,-4.660000000000025,19.056456000000026,0.034660579930678725,197.12976,356.98,1313.8133333333333,0.099,0.15004396362750672,0.05104396362750671,67.06224,2.356434534147571,Strong Creator
FP_202502_BU03_EU,2025-02-28,BU03,Europe,USD,119.9,58.54,33.13,8.02,9.6,0.2578,0,BS_202502_BU03_EU,77.21,263.38,107.19,124.61,1071.68,913.15,0,2025,28.230000000000004,0.23544620517097584,20.210000000000004,14.999862000000002,245.95999999999998,1317.64,835.9399999999999,8.100000000000023,5.319861999999981,0.02461117757648279,196.78439,357.16,1316.9533333333331,0.099,0.14942396592134374,0.05042396592134374,66.40601000000001,2.340519655056557,Strong Creator
FP_202503_BU03_EU,2025-03-31,BU03,Europe,USD,123.03,60.15,33.27,8.07,10.25,0.2597,0,BS_202503_BU03_EU,76.83,251.48,103.54,101.67,1073.86,908.37,0,2025,29.61,0.24067300658376006,21.54,15.946061999999998,253.34999999999997,1327.2099999999998,831.54,7.389999999999986,6.376062000000012,0.016440846001321896,195.86008199999998,356.73,1320.0783333333334,0.099,0.1483700452119634,0.04937004521196339,65.17232699999997,2.331006643680094,Creator
FP_202504_BU03_EU,2025-04-30,BU03,Europe,USD,122.5,59.68,33.01,8.13,9.92,0.2533,0,BS_202504_BU03_EU,75.44,250.49,106.05,111.35,1075.65,934.99,0,2025,29.810000000000002,0.24334693877551022,21.68,16.188456,245.19000000000003,1320.8400000000001,859.55,-8.15999999999994,22.558455999999936,0.021855188521855196,195.39377399999998,356.63,1322.4858333333334,0.099,0.14774734751411953,0.04874734751411952,64.46767649999995,2.4102010487059418,Creator
FP_202505_BU03_EU,2025-05-31,BU03,Europe,USD,124.26,60.36,32.97,8.2,10.58,0.2578,0,BS_202505_BU03_EU,73.56,246.97,103.63,102.35,1078.03,980.0,0,2025,30.930000000000007,0.24891356832448097,22.730000000000008,16.870206000000007,248.25000000000003,1326.28,906.44,3.0600000000000023,11.430206000000004,0.04648812531581625,196.34982000000002,358.6700000000001,1311.0566666666666,0.099,0.14976455632479657,0.05076455632479657,66.55521000000002,2.5272255834053583,Strong Creator
FP_202506_BU03_EU,2025-06-30,BU03,Europe,USD,126.65,61.67,33.58,8.26,10.64,0.2574,0,BS_202506_BU03_EU,71.65,251.8,107.31,115.1,1080.41,1031.05,0,2025,31.400000000000006,0.24792735886300832,23.140000000000008,17.183764000000004,244.01000000000002,1324.42,959.4,-4.240000000000009,19.04376400000001,0.054099042863087865,196.913396,360.15000000000003,1313.3025,0.099,0.1499375779761327,0.050937577976132686,66.89644849999999,2.663890045814244,Strong Creator
FP_202507_BU03_EU,2025-07-31,BU03,Europe,USD,123.1,59.98,33.33,8.32,10.32,0.259,0,BS_202507_BU03_EU,70.13,234.12,102.14,95.27,1082.41,1084.28,0,2025,29.79,0.2419983753046304,21.47,15.90927,240.99,1323.4,1014.15,-3.0200000000000102,16.92927000000001,0.03202548625083823,196.70556200000001,360.75000000000006,1315.2700000000002,0.099,0.14955527154120446,0.050555271541204455,66.493832,2.8112266112266107,Strong Creator
FP_202508_BU03_EU,2025-08-31,BU03,Europe,USD,127.77,62.26,34.24,8.38,10.22,0.2591,0,BS_202508_BU03_EU,69.74,244.27,103.74,108.94,1084.25,1138.91,0,2025,31.26999999999999,0.2447366361430695,22.889999999999986,16.95920099999999,239.07,1323.32,1069.17,-1.920000000000016,17.039201000000006,0.05264458724666343,197.29443500000002,362.17,1317.2,0.099,0.14978320300637718,0.050783203006377176,66.89163500000001,2.952121931689538,Strong Creator
FP_202509_BU03_EU,2025-09-30,BU03,Europe,USD,131.01,63.7,34.98,8.44,9.95,0.259,0,BS_202509_BU03_EU,70.63,258.58,106.73,117.47,1085.76,1202.58,0,2025,32.32999999999999,0.24677505533928704,23.889999999999993,17.702489999999994,247.84,1333.6,1131.9499999999998,8.77000000000001,7.422489999999986,0.06946938775510203,198.553385,364.56,1319.6733333333332,0.099,0.15045646523634637,0.051456465236346366,67.90572499999999,3.1049758613122664,Strong Creator
FP_202510_BU03_EU,2025-10-31,BU03,Europe,USD,128.49,62.78,34.23,8.5,9.79,0.2588,0,BS_202510_BU03_EU,72.33,249.09,103.68,104.08,1087.05,1242.1,0,2025,31.48000000000001,0.2449996108646588,22.98000000000001,17.03277600000001,248.69,1335.74,1169.77,0.8499999999999943,14.892776000000016,0.023335457151959282,198.10653100000002,364.8,1321.845,0.099,0.14987122620276963,0.050871226202769626,67.243876,3.2066063596491228,Strong Creator
FP_202511_BU03_EU,2025-11-30,BU03,Europe,USD,126.06,61.41,34.24,8.56,9.42,0.2567,0,BS_202511_BU03_EU,74.64,249.0,104.5,109.85,1087.91,1257.97,0,2025,30.410000000000004,0.24123433285736953,21.85,16.241105,243.65,1331.5600000000002,1183.33,-5.039999999999992,20.42110499999999,0.015221067890794915,197.265012,364.35,1323.5825,0.099,0.14903869762557304,0.05003869762557303,66.2303445,3.2477837244407843,Strong Creator
FP_202512_BU03_EU,2025-12-31,BU03,Europe,USD,129.1,63.26,34.32,8.61,9.43,0.2591,0,BS_202512_BU03_EU,77.28,253.3,104.2,109.56,1088.73,1254.94,0,2025,31.520000000000003,0.2441518202943455,22.910000000000004,16.974019000000002,247.94,1336.67,1177.66,4.289999999999992,11.86401900000001,0.059586342744583076,198.003667,366.16,1325.72,0.099,0.14935557055788554,0.05035557055788553,66.757387,3.216244264802272,Strong Creator
FP_202101_BU03_LATAM,2021-01-31,BU03,Latin America,USD,31.34,15.43,8.27,1.75,2.45,0.2721,0,BS_202101_BU03_LATAM,18.42,66.29,25.98,27.49,310.67,225.16,0,2021,7.640000000000001,0.24377791959157627,5.890000000000001,4.287331,64.78000000000002,375.45000000000005,206.74,0.0,3.587331,,,,,0.091,,,,,Not Available
FP_202102_BU03_LATAM,2021-02-28,BU03,Latin America,USD,31.94,15.73,8.62,1.76,2.52,0.2735,0,BS_202102_BU03_LATAM,17.99,73.51,28.07,34.26,311.43,228.58,0,2021,7.590000000000002,0.2376330619912336,5.830000000000002,4.235495000000001,67.32000000000002,378.75,210.59,2.5400000000000063,0.9354949999999946,,,,,0.091,,,,,Not Available
FP_202103_BU03_LATAM,2021-03-31,BU03,Latin America,USD,32.35,15.9,8.6,1.78,2.64,0.2701,0,BS_202103_BU03_LATAM,17.59,68.33,26.46,26.0,312.29,229.65,0,2021,7.850000000000003,0.24265842349304492,6.070000000000003,4.430493000000002,68.78999999999999,381.08000000000004,212.06,1.4699999999999704,2.1004930000000317,,,,,0.091,,,,,Not Available
FP_202104_BU03_LATAM,2021-04-30,BU03,Latin America,USD,32.15,15.91,8.68,1.79,2.65,0.2726,0,BS_202104_BU03_LATAM,17.47,70.77,27.08,30.32,313.15,231.12,0,2021,7.559999999999999,0.23514774494556762,5.769999999999999,4.1970979999999996,67.53,380.67999999999995,213.65,-1.259999999999991,4.59709799999999,,,,,0.091,,,,,Not Available
FP_202105_BU03_LATAM,2021-05-31,BU03,Latin America,USD,32.04,15.93,8.65,1.81,2.72,0.2753,0,BS_202105_BU03_LATAM,17.63,67.76,26.26,27.19,314.06,232.75,0,2021,7.459999999999999,0.23283395755305866,5.649999999999999,4.094554999999999,66.83000000000001,380.89,215.12,-0.6999999999999886,3.884554999999987,,,,,0.091,,,,,Not Available
FP_202106_BU03_LATAM,2021-06-30,BU03,Latin America,USD,31.98,15.87,8.73,1.83,2.63,0.2668,0,BS_202106_BU03_LATAM,18.08,69.15,26.99,30.15,314.86,234.17,0,2021,7.379999999999999,0.23076923076923073,5.549999999999999,4.06926,65.99000000000001,380.85,216.08999999999997,-0.8400000000000034,4.1092600000000035,,,,,0.091,,,,,Not Available
FP_202107_BU03_LATAM,2021-07-31,BU03,Latin America,USD,32.74,16.05,8.72,1.84,2.6,0.2701,0,BS_202107_BU03_LATAM,18.77,67.2,26.81,27.9,315.62,236.63,0,2021,7.970000000000001,0.2434331093463653,6.130000000000001,4.474287,66.11000000000001,381.73,217.85999999999999,0.12000000000000455,3.5942869999999956,,,,,0.091,,,,,Not Available
FP_202108_BU03_LATAM,2021-08-31,BU03,Latin America,USD,32.65,16.09,8.63,1.86,2.53,0.27,0,BS_202108_BU03_LATAM,19.48,67.77,27.18,28.89,316.29,239.01,0,2021,7.929999999999998,0.24287901990811633,6.069999999999998,4.431099999999998,66.05999999999999,382.35,219.53,-0.05000000000002558,3.811100000000024,,,,,0.091,,,,,Not Available
FP_202109_BU03_LATAM,2021-09-30,BU03,Latin America,USD,33.26,16.42,8.77,1.87,2.61,0.2668,0,BS_202109_BU03_LATAM,20.06,70.9,28.47,31.78,317.03,240.73,0,2021,8.069999999999997,0.24263379434756455,6.199999999999997,4.545839999999998,67.59,384.62,220.67,1.5300000000000153,2.275839999999983,,,,,0.091,,,,,Not Available
FP_202110_BU03_LATAM,2021-10-31,BU03,Latin America,USD,32.28,15.88,8.7,1.89,2.47,0.2733,0,BS_202110_BU03_LATAM,20.38,67.59,27.48,26.7,317.61,241.43,0,2021,7.699999999999999,0.23853779429987607,5.81,4.2221269999999995,68.37,385.98,221.05,0.7800000000000011,2.862126999999998,,,,,0.091,,,,,Not Available
FP_202111_BU03_LATAM,2021-11-30,BU03,Latin America,USD,33.3,16.45,8.73,1.9,2.48,0.2746,0,BS_202111_BU03_LATAM,20.44,70.28,28.87,31.76,318.19,241.93,0,2021,8.119999999999997,0.24384384384384378,6.219999999999997,4.511987999999998,67.39,385.58,221.49,-0.980000000000004,4.911988000000001,,,,,0.091,,,,,Not Available
FP_202112_BU03_LATAM,2021-12-31,BU03,Latin America,USD,33.47,16.47,8.98,1.92,2.44,0.2693,0,BS_202112_BU03_LATAM,20.2,69.12,28.1,27.89,318.71,243.19,0,2021,8.02,0.23961756797131759,6.1,4.457269999999999,69.33,388.03999999999996,222.99,1.9399999999999977,1.9972700000000017,,51.956844,93.28999999999999,382.1666666666667,0.091,0.13595336415176623,0.044953364151766234,17.17967733333333,2.3902883481616466,Creator
FP_202201_BU03_LATAM,2022-01-31,BU03,Latin America,USD,33.82,16.71,8.95,1.93,2.6,0.2726,0,BS_202201_BU03_LATAM,19.76,70.19,28.29,29.73,319.38,246.11,0,2022,8.16,0.24127735068007097,6.23,4.531702000000001,68.74999999999999,388.13,226.35000000000002,-0.5800000000000125,4.441702000000014,0.07913209955328648,52.20121499999999,93.80999999999999,383.22333333333336,0.098,0.13621617072725214,0.03821617072725214,14.645328333333318,2.4128557723057247,Creator
FP_202202_BU03_LATAM,2022-02-28,BU03,Latin America,USD,33.91,16.69,9.03,1.95,2.65,0.2679,0,BS_202202_BU03_LATAM,19.26,76.94,30.1,35.38,320.08,249.36,0,2022,8.189999999999996,0.24152167502211727,6.239999999999996,4.568303999999997,71.66,391.74,230.10000000000002,2.910000000000011,0.9583039999999863,0.0616781465247338,52.53402399999999,94.40999999999998,384.30583333333334,0.098,0.13669848189484501,0.03869848189484501,14.872052333333322,2.437241817604068,Creator
FP_202203_BU03_LATAM,2022-03-31,BU03,Latin America,USD,34.6,17.11,9.18,1.96,2.85,0.2723,0,BS_202203_BU03_LATAM,18.87,72.34,28.57,28.09,320.97,250.96,0,2022,8.310000000000002,0.24017341040462434,6.350000000000002,4.620895000000002,72.82,393.79,232.09,1.1599999999999966,2.570895000000005,0.06955177743431218,52.724425999999994,94.86999999999998,385.365,0.098,0.13681685155631673,0.03881685155631673,14.95865599999999,2.4464003373036793,Creator
FP_202204_BU03_LATAM,2022-04-30,BU03,Latin America,USD,33.83,16.77,9.05,1.98,2.8,0.2712,0,BS_202204_BU03_LATAM,18.71,73.22,28.71,30.87,321.79,252.28,0,2022,8.009999999999998,0.2367720957729825,6.029999999999998,4.394663999999998,71.06,392.85,233.57,-1.759999999999991,5.3346639999999885,0.05225505443234835,52.92199199999999,95.32,386.37916666666666,0.098,0.1369690619102565,0.03896906191025651,15.056833666666655,2.4503776751993285,Creator
FP_202205_BU03_LATAM,2022-05-31,BU03,Latin America,USD,32.47,15.91,8.89,2.0,2.78,0.2691,0,BS_202205_BU03_LATAM,18.81,68.03,26.67,25.25,322.57,252.95,0,2022,7.669999999999998,0.2362180474283954,5.669999999999998,4.144202999999998,69.45,392.02,234.14,-1.6099999999999994,4.9742029999999975,0.013420724094881376,52.97163999999999,95.52999999999997,387.3066666666666,0.098,0.1367692440099146,0.038769244009914605,15.015586666666657,2.4509578142991737,Creator
FP_202206_BU03_LATAM,2022-06-30,BU03,Latin America,USD,33.63,16.51,9.01,2.01,2.8,0.2711,0,BS_202206_BU03_LATAM,19.26,72.09,27.87,31.89,323.36,254.31,0,2022,8.110000000000001,0.24115373178709487,6.100000000000001,4.446290000000001,68.07000000000001,391.43,235.05,-1.3799999999999955,5.036289999999997,0.05159474671669795,53.348669999999984,96.25999999999999,388.18833333333333,0.098,0.13742986436995785,0.03942986436995785,15.306213333333318,2.441824226054436,Creator
FP_202207_BU03_LATAM,2022-07-31,BU03,Latin America,USD,33.17,16.28,9.16,2.03,2.61,0.2716,0,BS_202207_BU03_LATAM,19.85,69.9,27.08,27.82,323.94,254.73,0,2022,7.73,0.23304190533614713,5.700000000000001,4.15188,69.16,393.1,234.88,1.0899999999999892,2.4818800000000105,0.013133781307269388,53.02626299999999,96.01999999999998,389.1358333333333,0.098,0.13626671834813464,0.03826671834813464,14.890951333333327,2.4461570506144557,Creator
FP_202208_BU03_LATAM,2022-08-31,BU03,Latin America,USD,34.65,16.98,9.32,2.04,2.68,0.2722,0,BS_202208_BU03_LATAM,20.57,73.22,28.3,32.05,324.58,256.84,0,2022,8.349999999999998,0.24098124098124094,6.309999999999998,4.592417999999999,69.47,394.04999999999995,236.26999999999998,0.3100000000000023,3.642417999999996,0.061255742725880635,53.18758099999999,96.44,390.11083333333335,0.098,0.13633966671864617,0.038339666718646165,14.956719333333318,2.449917046868519,Creator
FP_202209_BU03_LATAM,2022-09-30,BU03,Latin America,USD,35.65,17.53,9.39,2.06,2.68,0.2716,0,BS_202209_BU03_LATAM,21.19,77.29,30.0,34.81,325.2,259.18,0,2022,8.729999999999997,0.24488078541374467,6.669999999999996,4.858427999999997,72.48,397.68,237.99,3.010000000000005,1.228427999999992,0.07185808779314495,53.500168999999985,97.09999999999998,391.1991666666666,0.098,0.1367594145352218,0.0387594145352218,15.162650666666657,2.450978372811535,Creator
FP_202210_BU03_LATAM,2022-10-31,BU03,Latin America,USD,35.61,17.49,9.52,2.08,2.75,0.2714,0,BS_202210_BU03_LATAM,21.62,76.39,29.88,31.27,325.87,261.24,0,2022,8.600000000000001,0.24150519516989613,6.520000000000001,4.750472000000001,75.0,400.87,239.62,2.519999999999996,1.5604720000000052,0.10315985130111516,54.02851399999999,98.0,392.44,0.098,0.1376733105697686,0.03967331056976858,15.569393999999988,2.4451020408163266,Creator
FP_202211_BU03_LATAM,2022-11-30,BU03,Latin America,USD,35.49,17.42,9.51,2.09,2.63,0.2757,0,BS_202211_BU03_LATAM,21.66,79.15,30.76,33.83,326.41,263.02,0,2022,8.56,0.24119470273316426,6.470000000000001,4.686221,76.08000000000001,402.49,241.35999999999999,1.0800000000000125,3.066220999999987,0.06576576576576598,54.202746999999995,98.44,393.8491666666667,0.098,0.13762310952373896,0.03962310952373896,15.605528666666658,2.451848841934173,Creator
FP_202212_BU03_LATAM,2022-12-31,BU03,Latin America,USD,35.72,17.54,9.54,2.11,2.56,0.2771,0,BS_202212_BU03_LATAM,21.39,75.88,30.12,30.42,326.86,264.34,0,2022,8.64,0.24188129899216126,6.530000000000001,4.720537000000001,75.58,402.44,242.95,-0.5000000000000142,4.770537000000015,0.0672243800418284,54.466013999999994,99.06,395.0491666666667,0.098,0.13787148181977346,0.03987148181977346,15.75119566666666,2.4525540076721177,Creator
FP_202301_BU03_LATAM,2023-01-31,BU03,Latin America,USD,35.71,17.58,9.51,2.12,2.74,0.2677,0,BS_202301_BU03_LATAM,20.9,75.81,30.0,31.22,327.48,266.96,0,2023,8.620000000000003,0.24138896667600118,6.500000000000003,4.759950000000002,74.59,402.07000000000005,246.05999999999997,-0.9899999999999949,5.1299499999999965,0.055884092253104756,54.694261999999995,99.52,396.2108333333333,0.104,0.13804332794198373,0.03404332794198374,13.488335333333332,2.472467845659164,Creator
FP_202302_BU03_LATAM,2023-02-28,BU03,Latin America,USD,35.59,17.58,9.54,2.14,2.78,0.2714,0,BS_202302_BU03_LATAM,20.34,83.46,31.94,38.02,328.12,269.1,0,2023,8.470000000000006,0.23798819893228448,6.330000000000005,4.6120380000000045,77.38,405.5,248.76000000000002,2.789999999999992,1.1820380000000124,0.04954290769684477,54.73799600000001,99.80000000000001,397.3575,0.104,0.1377550341946484,0.03375503419464841,13.412816000000007,2.492585170340681,Creator
FP_202303_BU03_LATAM,2023-03-31,BU03,Latin America,USD,37.37,18.44,10.03,2.16,3.06,0.2708,0,BS_202303_BU03_LATAM,19.96,81.06,30.77,31.68,329.02,270.84,0,2023,8.899999999999997,0.2381589510302381,6.739999999999997,4.914807999999998,80.15,409.16999999999996,250.87999999999997,2.7700000000000102,1.2448079999999884,0.08005780346820801,55.031909,100.39,398.63916666666665,0.104,0.13804942815871496,0.034049428158714964,13.573435666666668,2.4990536906066336,Creator
FP_202304_BU03_LATAM,2023-04-30,BU03,Latin America,USD,36.64,18.15,9.73,2.18,3.09,0.2749,0,BS_202304_BU03_LATAM,19.83,80.79,31.05,34.0,329.93,272.83,0,2023,8.760000000000002,0.23908296943231444,6.580000000000002,4.771158000000002,77.84,407.77,253.0,-2.3100000000000023,6.171158000000004,0.08306237067691402,55.408403,101.14,399.8825,0.104,0.13856171000231318,0.03456171000231319,13.820623000000005,2.501483092742733,Creator
FP_202305_BU03_LATAM,2023-05-31,BU03,Latin America,USD,36.49,18.06,9.69,2.19,3.02,0.2745,0,BS_202305_BU03_LATAM,20.1,77.15,29.89,30.49,330.76,274.81,0,2023,8.740000000000004,0.23951767607563726,6.550000000000004,4.752025000000003,76.55000000000001,407.31,254.71,-1.289999999999992,5.212024999999995,0.12380659069910704,56.016225000000006,102.21000000000001,401.1566666666667,0.104,0.13963677947933892,0.03563677947933892,14.295931666666668,2.492026220526367,Creator
FP_202306_BU03_LATAM,2023-06-30,BU03,Latin America,USD,36.79,18.23,9.94,2.21,3.0,0.2723,0,BS_202306_BU03_LATAM,20.65,79.82,30.73,34.73,331.55,276.17,0,2023,8.62,0.2343027996738244,6.409999999999999,4.664556999999999,75.82,407.37,255.52,-0.7300000000000182,4.6045570000000176,0.09396372286648824,56.234492,102.72,402.48499999999996,0.104,0.13971823049306187,0.03571823049306187,14.376052000000008,2.487538940809969,Creator
FP_202307_BU03_LATAM,2023-07-31,BU03,Latin America,USD,36.33,18.0,9.68,2.23,2.95,0.272,0,BS_202307_BU03_LATAM,21.42,76.96,29.89,30.89,332.27,278.14,0,2023,8.649999999999999,0.23809523809523805,6.419999999999998,4.673759999999999,75.96,408.22999999999996,256.71999999999997,0.14000000000000057,3.8137599999999976,0.09526680735604454,56.756372000000006,103.64000000000001,403.74583333333334,0.104,0.14057450830245927,0.03657450830245927,14.766805333333338,2.4770358934774213,Creator
FP_202308_BU03_LATAM,2023-08-31,BU03,Latin America,USD,37.56,18.47,9.97,2.25,2.94,0.2711,0,BS_202308_BU03_LATAM,22.23,79.09,30.73,34.08,332.96,280.81,0,2023,9.120000000000003,0.24281150159744413,6.870000000000003,5.007543000000002,75.74000000000001,408.7,258.58,-0.21999999999998465,4.537542999999987,0.08398268398268405,57.17149700000001,104.41000000000001,404.9666666666667,0.104,0.1411758095316487,0.037175809531648715,15.054963666666673,2.4765827028062444,Creator
FP_202309_BU03_LATAM,2023-09-30,BU03,Latin America,USD,37.11,18.38,9.87,2.26,2.9,0.2697,0,BS_202309_BU03_LATAM,22.85,79.43,31.62,35.19,333.6,281.3,0,2023,8.860000000000001,0.2387496631635678,6.600000000000001,4.819980000000001,75.86000000000001,409.46000000000004,258.45,0.12000000000000455,4.059979999999996,0.040953716690042,57.133049000000014,104.54000000000002,405.9483333333333,0.104,0.140739705791788,0.036739705791787994,14.914422333333349,2.4722594222307244,Creator
FP_202310_BU03_LATAM,2023-10-31,BU03,Latin America,USD,37.27,18.4,9.96,2.28,2.74,0.2704,0,BS_202310_BU03_LATAM,23.2,79.77,31.43,32.74,334.06,281.51,0,2023,8.910000000000004,0.2390662731419373,6.630000000000004,4.837248000000003,78.45999999999998,412.52,258.31,2.599999999999966,1.7772480000000375,0.04661611906767771,57.219825000000014,104.85000000000001,406.91916666666674,0.104,0.14061717826841122,0.036617178268411224,14.900231666666677,2.4636146876490224,Creator
FP_202311_BU03_LATAM,2023-11-30,BU03,Latin America,USD,38.21,18.75,10.09,2.3,2.87,0.2729,0,BS_202311_BU03_LATAM,23.27,82.33,32.84,36.43,334.63,282.46,0,2023,9.370000000000001,0.2452237634127192,7.070000000000001,5.140597000000001,78.74000000000001,413.37,259.19,0.28000000000002956,4.290596999999972,0.0766413074105381,57.67420100000001,105.66000000000003,407.8258333333334,0.104,0.14141870447147578,0.037418704471475786,15.26031433333334,2.453056975203482,Creator
FP_202312_BU03_LATAM,2023-12-31,BU03,Latin America,USD,38.14,18.79,10.21,2.32,2.82,0.2706,0,BS_202312_BU03_LATAM,22.98,81.12,32.25,32.76,335.13,283.16,0,2023,9.14,0.23964341898269534,6.82,4.974508,80.61000000000001,415.74,260.18,1.8700000000000045,2.6045079999999956,0.06774916013437848,57.92817200000002,106.16000000000001,408.93416666666667,0.104,0.1416564736377698,0.03765647363776979,15.399018666666684,2.450828937452901,Creator
FP_202401_BU03_LATAM,2024-01-31,BU03,Latin America,USD,38.19,18.91,10.32,2.33,2.86,0.2734,0,BS_202401_BU03_LATAM,22.47,82.38,32.38,34.26,335.66,285.28,0,2024,8.959999999999997,0.23461639172558255,6.629999999999997,4.817357999999998,80.5,416.16,262.80999999999995,-0.11000000000001364,4.397358000000011,0.069448333800056,57.985580000000006,106.50000000000001,410.10833333333335,0.101,0.1413908845223823,0.04039088452238229,16.564638333333335,2.467699530516431,Creator
FP_202402_BU03_LATAM,2024-02-29,BU03,Latin America,USD,38.44,18.97,10.3,2.35,3.06,0.2705,0,BS_202402_BU03_LATAM,21.93,86.33,33.72,38.22,336.37,287.83,0,2024,9.169999999999998,0.2385535900104058,6.8199999999999985,4.97519,81.83,418.2,265.9,1.3299999999999983,2.9351900000000004,0.08007867378477074,58.348732000000005,107.2,411.1666666666667,0.101,0.14191017105796513,0.04091017105796513,16.820898666666665,2.480410447761194,Creator
FP_202403_BU03_LATAM,2024-03-31,BU03,Latin America,USD,39.51,19.46,10.37,2.37,3.21,0.2717,0,BS_202403_BU03_LATAM,21.47,84.21,32.7,33.4,337.21,289.34,0,2024,9.679999999999998,0.24500126550240442,7.309999999999998,5.323872999999998,83.50999999999999,420.71999999999997,267.87,1.6799999999999926,2.8038730000000056,0.0572651859780573,58.75779700000001,107.98,412.12916666666666,0.101,0.14257131441396814,0.041571314413968136,17.132751166666672,2.4807371735506574,Creator
FP_202404_BU03_LATAM,2024-04-30,BU03,Latin America,USD,39.61,19.41,10.56,2.39,3.3,0.2735,0,BS_202404_BU03_LATAM,21.34,86.54,33.2,36.54,338.12,290.33,0,2024,9.639999999999999,0.24337288563494064,7.249999999999998,5.267124999999998,83.20000000000002,421.32000000000005,268.99,-0.30999999999997385,4.667124999999973,0.08105895196506552,59.253764000000004,108.86,413.25833333333327,0.101,0.14338189752172775,0.042381897521727746,17.514672333333344,2.470971890501562,Creator
FP_202405_BU03_LATAM,2024-05-31,BU03,Latin America,USD,39.29,19.36,10.51,2.41,3.32,0.2735,0,BS_202405_BU03_LATAM,21.55,82.85,32.05,32.78,339.03,290.5,0,2024,9.42,0.23975566301857978,7.01,5.092764999999999,82.11999999999999,421.15,268.95,-1.0800000000000267,5.262765000000027,0.07673335160317896,59.594504,109.53999999999999,414.4116666666667,0.101,0.1438050827076136,0.0428050827076136,17.73892566666666,2.4552674821982836,Creator
FP_202406_BU03_LATAM,2024-06-30,BU03,Latin America,USD,39.63,19.47,10.55,2.43,3.27,0.2684,0,BS_202406_BU03_LATAM,22.11,85.02,32.83,36.67,339.87,291.28,0,2024,9.610000000000003,0.24249306081251584,7.180000000000003,5.252888000000002,81.17999999999999,421.05,269.16999999999996,-0.9399999999999977,5.352888,0.07719488991573797,60.182835000000004,110.53,415.55166666666673,0.101,0.14482635933758736,0.043826359337587356,18.21211666666666,2.435266443499502,Creator
FP_202407_BU03_LATAM,2024-07-31,BU03,Latin America,USD,40.11,19.73,10.62,2.45,3.27,0.2748,0,BS_202407_BU03_LATAM,22.96,83.68,32.44,34.35,340.69,293.25,0,2024,9.76,0.24333084018947893,7.31,5.3012120000000005,81.77000000000001,422.46000000000004,270.29,0.5900000000000176,3.8912119999999835,0.10404624277456653,60.810287,111.64,416.7375,0.101,0.1459198824199886,0.044919882419988594,18.7197995,2.4210856323898247,Creator
FP_202408_BU03_LATAM,2024-08-31,BU03,Latin America,USD,40.18,19.8,10.65,2.47,3.2,0.2725,0,BS_202408_BU03_LATAM,23.81,86.99,32.84,36.36,341.42,295.71,0,2024,9.729999999999999,0.24216027874564458,7.259999999999998,5.281649999999999,83.47,424.89,271.9,1.6999999999999886,2.851650000000011,0.06975505857294984,61.084394,112.25,418.08666666666664,0.101,0.14610462105145666,0.045104621051456656,18.85764066666667,2.422271714922049,Creator
FP_202409_BU03_LATAM,2024-09-30,BU03,Latin America,USD,41.14,20.29,10.81,2.48,3.15,0.2686,0,BS_202409_BU03_LATAM,24.59,89.8,34.53,39.98,342.09,298.21,0,2024,10.040000000000001,0.2440447253281478,7.5600000000000005,5.529384,84.35,426.43999999999994,273.62,0.8799999999999955,3.979384000000005,0.10859606575047165,61.793798,113.42999999999999,419.5016666666667,0.101,0.14730286649635876,0.04630286649635876,19.42412966666666,2.4122366217050164,Creator
FP_202410_BU03_LATAM,2024-10-31,BU03,Latin America,USD,41.11,20.31,10.8,2.5,3.15,0.2739,0,BS_202410_BU03_LATAM,25.08,87.48,34.37,36.11,342.74,299.99,0,2024,10.0,0.24324981756263683,7.5,5.445749999999999,85.74,428.48,274.91,1.3900000000000006,3.4057499999999994,0.1030319291655486,62.4023,114.52,420.83166666666665,0.101,0.14828328032982308,0.04728328032982307,19.89830166666666,2.400541390150192,Creator
FP_202411_BU03_LATAM,2024-11-30,BU03,Latin America,USD,40.51,20.06,10.76,2.52,3.06,0.2737,0,BS_202411_BU03_LATAM,25.12,88.39,35.31,38.31,343.28,300.49,0,2024,9.69,0.2392001974821032,7.17,5.207571,85.39,428.66999999999996,275.37,-0.3499999999999943,5.017570999999993,0.06019366657942937,62.469274,114.83999999999999,422.1066666666666,0.101,0.14799404731821342,0.04699404731821341,19.836500666666666,2.3978578892372,Creator
FP_202412_BU03_LATAM,2024-12-31,BU03,Latin America,USD,39.83,19.7,10.76,2.54,2.9,0.2687,0,BS_202412_BU03_LATAM,24.76,84.57,34.13,33.45,343.64,301.31,0,2024,9.37,0.2352498116997238,6.829999999999999,4.994778999999999,85.24999999999999,428.89,276.55,-0.14000000000001478,4.774779000000015,0.04431043523859457,62.489545,115.07,423.20250000000004,0.101,0.14765873311239888,0.046658733112398876,19.746092499999996,2.403319718432259,Creator
FP_202501_BU03_LATAM,2025-01-31,BU03,Latin America,USD,40.96,20.22,10.89,2.56,3.18,0.2703,0,BS_202501_BU03_LATAM,24.22,86.38,34.63,36.72,344.26,298.9,0,2025,9.850000000000001,0.24047851562500003,7.290000000000001,5.319513000000001,84.28999999999999,428.54999999999995,274.67999999999995,-0.9599999999999937,5.659512999999995,0.0725320764598063,62.9917,115.96000000000001,424.23499999999996,0.099,0.14848303416738368,0.04948303416738367,20.992435,2.3687478440841665,Creator
FP_202502_BU03_LATAM,2025-02-28,BU03,Latin America,USD,40.8,20.15,11.01,2.58,3.21,0.2722,0,BS_202502_BU03_LATAM,23.59,93.47,36.93,43.14,344.89,298.27,0,2025,9.639999999999999,0.23627450980392156,7.059999999999999,5.138267999999999,87.26,432.15,274.68,2.970000000000013,1.5382679999999862,0.06139438085327775,63.15477799999999,116.42999999999999,425.39750000000004,0.099,0.14846062329938467,0.049460623299384665,21.04042549999999,2.3591857768616338,Creator
FP_202503_BU03_LATAM,2025-03-31,BU03,Latin America,USD,41.93,20.61,10.94,2.6,3.4,0.2721,0,BS_202503_BU03_LATAM,23.11,88.25,35.07,33.96,345.69,298.09,0,2025,10.38,0.24755544955878847,7.780000000000001,5.663062000000001,89.35999999999999,435.04999999999995,274.97999999999996,2.09999999999998,2.763062000000021,0.06125031637560108,63.493967000000005,117.13000000000001,426.59166666666664,0.099,0.14884014846359714,0.049840148463597134,21.261392000000008,2.34764791257577,Creator
FP_202504_BU03_LATAM,2025-04-30,BU03,Latin America,USD,41.91,20.66,11.15,2.62,3.45,0.2691,0,BS_202504_BU03_LATAM,22.92,91.76,35.68,39.0,346.52,308.16,0,2025,10.099999999999996,0.24099260319732754,7.479999999999996,5.467131999999997,88.44,434.96,285.24,-0.9199999999999875,5.557131999999984,0.05806614491290074,63.693974,117.59,427.7283333333333,0.099,0.148912216087314,0.049912216087314,21.348869,2.425716472489157,Creator
FP_202505_BU03_LATAM,2025-05-31,BU03,Latin America,USD,41.39,20.5,10.96,2.64,3.48,0.2733,0,BS_202505_BU03_LATAM,23.11,88.22,34.1,34.39,347.36,322.34,0,2025,9.93,0.23991302246919544,7.289999999999999,5.297643,87.92999999999999,435.29,299.22999999999996,-0.5100000000000051,4.967643000000004,0.053448714685670584,63.898852,118.1,428.9066666666666,0.099,0.1489807852524248,0.0499807852524248,21.437092000000007,2.533700254022015,Creator
FP_202506_BU03_LATAM,2025-06-30,BU03,Latin America,USD,42.49,20.94,11.26,2.66,3.53,0.2672,0,BS_202506_BU03_LATAM,23.71,91.89,35.23,40.09,348.23,339.65,0,2025,10.290000000000001,0.24217462932454697,7.630000000000001,5.591264000000001,87.03,435.26,315.94,-0.8999999999999915,5.621263999999993,0.07216754983598284,64.23722799999999,118.78,430.09083333333336,0.099,0.14935735203222572,0.050357352032225716,21.658235499999982,2.659875399898973,Strong Creator
FP_202507_BU03_LATAM,2025-07-31,BU03,Latin America,USD,41.75,20.58,11.15,2.68,3.35,0.2759,0,BS_202507_BU03_LATAM,24.49,87.57,33.98,34.71,348.9,357.53,0,2025,10.020000000000001,0.24000000000000002,7.340000000000002,5.314894000000001,86.83999999999997,435.73999999999995,333.03999999999996,-0.19000000000002615,4.834894000000027,0.04088755921216647,64.25090999999999,119.03999999999999,431.19749999999993,0.099,0.1490057572226184,0.05000575722261841,21.562357499999997,2.7977150537634405,Strong Creator
FP_202508_BU03_LATAM,2025-08-31,BU03,Latin America,USD,42.69,21.22,11.36,2.7,3.4,0.2761,0,BS_202508_BU03_LATAM,25.38,90.97,34.92,39.33,349.6,375.49,0,2025,10.11,0.23682361208713984,7.409999999999999,5.3640989999999995,86.56,436.16,350.11,-0.2799999999999727,4.944098999999971,0.062468889995022314,64.333359,119.41999999999999,432.1366666666666,0.099,0.14887271542181874,0.04987271542181873,21.551829000000005,2.9317534751297942,Creator
FP_202509_BU03_LATAM,2025-09-30,BU03,Latin America,USD,43.49,21.56,11.5,2.72,3.21,0.2732,0,BS_202509_BU03_LATAM,26.12,94.25,36.43,41.9,350.09,395.4,0,2025,10.430000000000003,0.2398252471832606,7.710000000000003,5.603628000000002,88.78,438.87,369.28,2.219999999999999,2.893628000000004,0.05712202236266406,64.407603,119.81,433.17249999999996,0.099,0.14868811616619246,0.04968811616619245,21.523525499999998,3.0822135047157997,Creator
FP_202510_BU03_LATAM,2025-10-31,BU03,Latin America,USD,43.0,21.37,11.52,2.74,3.18,0.2696,0,BS_202510_BU03_LATAM,26.52,92.27,36.08,37.89,350.53,408.9,0,2025,10.11,0.23511627906976743,7.369999999999999,5.383047999999999,90.46,440.98999999999995,382.38,1.6799999999999926,3.2630480000000066,0.045974215519338335,64.344901,119.92,434.215,0.099,0.14818673007611435,0.04918673007611435,21.357615999999993,3.1886257505003335,Creator
FP_202511_BU03_LATAM,2025-11-30,BU03,Latin America,USD,43.52,21.68,11.63,2.76,3.27,0.2751,0,BS_202511_BU03_LATAM,26.59,94.72,37.77,42.39,351.04,416.15,0,2025,10.210000000000003,0.23460477941176475,7.450000000000003,5.400505000000002,90.10000000000001,441.14000000000004,389.56,-0.3599999999999852,5.250504999999986,0.07430264132313025,64.537835,120.44000000000001,435.2541666666666,0.099,0.148276202601928,0.049276202601928,21.447672500000003,3.23447359681169,Creator
FP_202512_BU03_LATAM,2025-12-31,BU03,Latin America,USD,42.75,21.0,11.48,2.78,3.07,0.274,0,BS_202512_BU03_LATAM,26.27,90.38,36.31,35.33,351.33,415.79,0,2025,10.27,0.24023391812865497,7.49,5.43774,91.36,442.69,389.52000000000004,1.259999999999991,3.887740000000008,0.07331157419030876,64.980796,121.34,436.4041666666667,0.099,0.14890049399925526,0.04990049399925525,21.776783499999993,3.210153288280864,Creator
FP_202101_BU03_NA,2021-01-31,BU03,North America,USD,183.04,88.61,49.38,10.29,14.12,0.247,0,BS_202101_BU03_NA,107.77,332.84,149.49,149.89,1828.64,1347.3,0,2021,45.04999999999999,0.24612106643356638,34.75999999999999,26.174279999999992,332.44,2161.08,1239.53,0.0,22.34427999999999,,,,,0.091,,,,,Not Available
FP_202102_BU03_NA,2021-02-28,BU03,North America,USD,182.38,88.44,48.48,10.37,14.23,0.2483,0,BS_202102_BU03_NA,111.38,355.73,161.98,181.16,1832.5,1362.3,0,2021,45.46,0.24925978725737472,35.09,26.377153000000003,336.55000000000007,2169.05,1250.92,4.1100000000000705,18.407152999999933,,,,,0.091,,,,,Not Available
FP_202103_BU03_NA,2021-03-31,BU03,North America,USD,194.61,94.46,51.42,10.46,16.28,0.2438,0,BS_202103_BU03_NA,114.53,347.86,160.84,156.1,1838.32,1374.13,0,2021,48.73000000000002,0.2503982323621603,38.27000000000002,28.939774000000014,352.6,2190.92,1259.6000000000001,16.049999999999955,7.069774000000059,,,,,0.091,,,,,Not Available
FP_202104_BU03_NA,2021-04-30,BU03,North America,USD,187.89,91.26,50.04,10.56,15.45,0.2488,0,BS_202104_BU03_NA,116.02,357.16,162.52,161.92,1843.21,1388.29,0,2021,46.58999999999998,0.2479642343924636,36.02999999999998,27.065735999999983,357.7600000000001,2200.9700000000003,1272.27,5.160000000000082,17.0157359999999,,,,,0.091,,,,,Not Available
FP_202105_BU03_NA,2021-05-31,BU03,North America,USD,184.8,90.15,49.13,10.65,15.4,0.2479,0,BS_202105_BU03_NA,115.6,340.93,156.17,143.96,1847.96,1397.32,0,2021,45.52,0.24632034632034633,34.870000000000005,26.225727000000003,353.14,2201.1,1281.72,-4.620000000000118,26.095727000000124,,,,,0.091,,,,,Not Available
FP_202106_BU03_NA,2021-06-30,BU03,North America,USD,189.97,92.31,51.01,10.74,16.15,0.247,0,BS_202106_BU03_NA,113.69,356.48,160.68,167.03,1853.37,1405.8,0,2021,46.65,0.2455650892246144,35.91,27.040229999999998,350.1300000000001,2203.5,1292.11,-3.009999999999877,24.640229999999875,,,,,0.091,,,,,Not Available
FP_202107_BU03_NA,2021-07-31,BU03,North America,USD,188.71,91.41,50.81,10.84,15.6,0.2466,0,BS_202107_BU03_NA,111.18,349.92,154.42,146.98,1858.13,1417.13,0,2021,46.49000000000001,0.24635684383445502,35.650000000000006,26.858710000000002,357.36,2215.4900000000002,1305.95,7.2299999999999045,14.8687100000001,,,,,0.091,,,,,Not Available
FP_202108_BU03_NA,2021-08-31,BU03,North America,USD,193.35,94.0,50.88,10.93,15.29,0.2436,0,BS_202108_BU03_NA,108.53,361.62,156.19,163.12,1862.49,1430.43,0,2021,48.46999999999999,0.2506852857512283,37.53999999999999,28.395255999999993,354.68999999999994,2217.18,1321.9,-2.6700000000000728,26.70525600000007,,,,,0.091,,,,,Not Available
FP_202109_BU03_NA,2021-09-30,BU03,North America,USD,191.49,92.55,51.17,11.02,14.5,0.2452,0,BS_202109_BU03_NA,106.55,359.83,156.46,161.67,1865.97,1438.71,0,2021,47.77000000000001,0.24946472400647557,36.750000000000014,27.73890000000001,354.62,2220.59,1332.16,-0.06999999999993634,24.328899999999948,,,,,0.091,,,,,Not Available
FP_202110_BU03_NA,2021-10-31,BU03,North America,USD,192.17,92.56,51.49,11.1,14.18,0.2464,0,BS_202110_BU03_NA,106.09,353.2,152.91,151.84,1869.05,1444.28,0,2021,48.11999999999998,0.2504032887547483,37.01999999999998,27.898271999999988,354.27,2223.3199999999997,1338.19,-0.35000000000002274,25.16827200000001,,,,,0.091,,,,,Not Available
FP_202111_BU03_NA,2021-11-30,BU03,North America,USD,196.4,95.24,52.51,11.19,14.55,0.2441,0,BS_202111_BU03_NA,107.62,367.0,159.71,174.91,1872.41,1446.77,0,2021,48.65000000000001,0.2477087576374746,37.460000000000015,28.316014000000013,351.80000000000007,2224.21,1339.15,-2.4699999999999136,27.426013999999928,,,,,0.091,,,,,Not Available
FP_202112_BU03_NA,2021-12-31,BU03,North America,USD,197.95,96.44,52.71,11.28,14.71,0.2487,0,BS_202112_BU03_NA,110.71,356.44,158.84,160.27,1875.84,1452.48,0,2021,48.79999999999999,0.2465269007325082,37.51999999999999,28.18877599999999,355.01,2230.85,1341.77,3.2099999999999227,21.548776000000068,,329.218828,566.3,2204.855,0.091,0.149315409856884,0.05831540985688399,128.57702299999997,2.369362528695038,Strong Creator
FP_202201_BU03_NA,2022-01-31,BU03,North America,USD,196.35,95.37,52.13,11.37,15.19,0.252,0,BS_202201_BU03_NA,114.8,359.79,159.91,162.5,1879.66,1471.93,0,2022,48.84999999999999,0.24879042526101344,37.47999999999999,28.03503999999999,357.20000000000005,2236.86,1357.13,2.1900000000000546,22.02503999999994,0.07271634615384626,331.07958799999994,570.1,2211.1699999999996,0.098,0.14973049923796,0.05173049923796,114.38492799999997,2.380512190843712,Strong Creator
FP_202202_BU03_NA,2022-02-28,BU03,North America,USD,200.28,97.71,53.17,11.46,15.93,0.2453,0,BS_202202_BU03_NA,119.17,397.49,176.8,206.93,1884.13,1490.44,0,2022,49.400000000000006,0.24665468344317956,37.940000000000005,28.633318000000006,367.35999999999996,2251.4900000000002,1371.27,10.159999999999911,14.0033180000001,0.09814672661476043,333.335753,574.04,2218.04,0.098,0.15028392319345008,0.05228392319345007,115.96783300000001,2.38880565814229,Strong Creator
FP_202203_BU03_NA,2022-03-31,BU03,North America,USD,208.57,101.5,54.92,11.56,17.31,0.2491,0,BS_202203_BU03_NA,122.44,388.02,172.84,167.58,1889.88,1505.08,0,2022,52.14999999999999,0.2500359591504051,40.58999999999999,30.479030999999992,393.28,2283.16,1382.6399999999999,25.920000000000016,-1.1909690000000204,0.07173321000976296,334.87501,577.4599999999999,2225.726666666667,0.098,0.15045648462374833,0.05245648462374833,116.7537966666666,2.3943476604440135,Strong Creator
FP_202204_BU03_NA,2022-04-30,BU03,North America,USD,209.36,101.24,55.21,11.66,17.55,0.2489,0,BS_202204_BU03_NA,124.52,405.3,179.21,188.12,1895.77,1522.48,0,2022,52.91000000000002,0.2527225831104319,41.250000000000014,30.98287500000001,396.39,2292.16,1397.96,3.1100000000000136,21.982874999999996,0.11426898717334621,338.792149,583.78,2233.3258333333333,0.098,0.1516984865993953,0.0536984865993953,119.92621733333331,2.394669224707938,Strong Creator
FP_202205_BU03_NA,2022-05-31,BU03,North America,USD,201.45,97.74,54.54,11.76,16.46,0.2465,0,BS_202205_BU03_NA,124.45,374.9,169.95,153.62,1900.47,1531.78,0,2022,49.169999999999995,0.24408041697691735,37.41,28.188435,391.2299999999999,2291.7,1407.33,-5.160000000000082,28.648435000000077,0.0900974025974024,340.754857,587.43,2240.8758333333335,0.098,0.15206324774055976,0.05406324774055976,121.14902533333333,2.3957407691129156,Strong Creator
FP_202206_BU03_NA,2022-06-30,BU03,North America,USD,205.3,99.46,54.15,11.86,17.46,0.2455,0,BS_202206_BU03_NA,122.64,386.41,174.7,179.92,1906.07,1540.87,0,2022,51.69000000000002,0.2517778860204579,39.83000000000002,30.05173500000001,381.19000000000005,2287.26,1418.2299999999998,-10.03999999999985,34.491734999999856,0.08069695215033956,343.766362,592.47,2247.8558333333335,0.098,0.15293078715383215,0.05493078715383215,123.47649033333332,2.393758333755295,Strong Creator
FP_202207_BU03_NA,2022-07-31,BU03,North America,USD,196.73,95.35,53.45,11.96,16.42,0.2498,0,BS_202207_BU03_NA,119.47,359.27,163.61,145.61,1910.53,1546.79,0,2022,47.92999999999999,0.24363340619122653,35.96999999999999,26.984693999999994,377.27,2287.8,1427.32,-3.9200000000000728,26.44469400000007,0.04249907265115782,343.89234600000003,593.91,2253.8816666666667,0.098,0.15257781767602413,0.054577817676024126,123.0119426666667,2.4032597531612536,Strong Creator
FP_202208_BU03_NA,2022-08-31,BU03,North America,USD,207.44,100.27,55.23,12.06,16.63,0.2487,0,BS_202208_BU03_NA,116.57,373.67,167.38,173.13,1915.1,1558.97,0,2022,51.940000000000005,0.2503856536829927,39.88,29.961844,367.91999999999996,2283.02,1442.4,-9.350000000000023,34.74184400000003,0.07287302818722519,345.458934,597.38,2259.3683333333333,0.098,0.1529006709102323,0.05490067091023229,124.04083733333331,2.4145435066456864,Strong Creator
FP_202209_BU03_NA,2022-09-30,BU03,North America,USD,208.77,101.18,55.05,12.16,16.06,0.2481,0,BS_202209_BU03_NA,114.75,384.24,170.3,178.61,1919.0,1572.46,0,2022,52.540000000000006,0.2516645111845572,40.38000000000001,30.361722000000007,375.92999999999995,2294.93,1457.71,8.009999999999991,18.45172200000002,0.09023969920100261,348.081756,602.15,2265.563333333333,0.098,0.15364026724773383,0.05564026724773383,126.05654933333335,2.4208419828946277,Strong Creator
FP_202210_BU03_NA,2022-10-31,BU03,North America,USD,208.09,100.86,55.23,12.25,15.8,0.2437,0,BS_202210_BU03_NA,114.52,372.21,166.59,163.2,1922.55,1578.94,0,2022,52.00000000000001,0.24989187370849156,39.75000000000001,30.062925000000003,375.59999999999997,2298.15,1464.42,-0.3299999999999841,26.84292499999999,0.08284331581412308,350.246409,606.03,2271.7991666666667,0.098,0.1541713784118975,0.05617137841189748,127.61009066666668,2.4164150289589625,Strong Creator
FP_202211_BU03_NA,2022-11-30,BU03,North America,USD,211.83,102.74,56.23,12.35,15.62,0.2452,0,BS_202211_BU03_NA,116.24,391.35,172.65,185.74,1925.82,1591.94,0,2022,52.86000000000002,0.2495397252513809,40.51000000000002,30.576948000000016,378.26,2304.08,1475.7,2.660000000000025,24.646947999999995,0.07856415478615064,352.507343,610.24,2278.455,0.098,0.15471332240487523,0.05671332240487523,129.218753,2.418228893550079,Strong Creator
FP_202212_BU03_NA,2022-12-31,BU03,North America,USD,210.26,102.23,55.78,12.44,15.85,0.2442,0,BS_202212_BU03_NA,119.52,374.38,168.74,164.81,1929.23,1600.16,0,2022,52.249999999999986,0.24850185484638063,39.80999999999999,30.08839799999999,378.31,2307.54,1480.64,0.05000000000001137,26.628397999999976,0.062187421065925674,354.406965,613.69,2284.8458333333333,0.098,0.15511198166178244,0.05711198166178244,130.49207333333334,2.4126839283677426,Strong Creator
FP_202301_BU03_NA,2023-01-31,BU03,North America,USD,206.44,100.14,55.26,12.54,15.87,0.2506,0,BS_202301_BU03_NA,123.73,377.13,167.79,167.42,1932.56,1615.51,0,2023,51.04,0.24723890718852937,38.5,28.851900000000004,377.5,2310.06,1491.78,-0.8100000000000023,26.33190000000001,0.05138782785841611,355.22382500000003,615.88,2290.9458333333337,0.104,0.15505553201279673,0.05105553201279674,116.96545833333334,2.4221926349288823,Strong Creator
FP_202302_BU03_NA,2023-02-28,BU03,North America,USD,204.73,99.32,55.54,12.63,15.34,0.2501,0,BS_202302_BU03_NA,127.67,408.71,180.26,203.66,1935.27,1623.79,0,2023,49.87,0.24358911737410247,37.239999999999995,27.926275999999998,385.31000000000006,2320.58,1496.12,7.810000000000059,17.406275999999938,0.022218893549031282,354.51678300000003,616.35,2296.7033333333334,0.104,0.15435897960990463,0.05035897960990464,115.65963633333337,2.427387036586355,Strong Creator
FP_202303_BU03_NA,2023-03-31,BU03,North America,USD,213.25,103.87,56.4,12.73,17.42,0.2482,0,BS_202303_BU03_NA,130.64,392.06,176.38,170.48,1939.96,1628.39,0,2023,52.98,0.2484407971864009,40.25,30.25995,397.96000000000004,2337.92,1497.75,12.649999999999977,12.919950000000021,0.022438509852807265,354.297702,617.1800000000001,2301.266666666667,0.104,0.15395769083693037,0.04995769083693037,114.96596866666667,2.4267636670015227,Creator
FP_202304_BU03_NA,2023-04-30,BU03,North America,USD,211.74,102.96,55.54,12.83,17.43,0.2468,0,BS_202304_BU03_NA,131.76,404.79,181.86,188.43,1944.56,1635.25,0,2023,53.240000000000016,0.2514404458297913,40.41000000000002,30.436812000000014,398.2200000000001,2342.78,1503.49,0.26000000000004775,25.57681199999997,0.011367978601452,353.75163900000007,617.51,2305.485,0.104,0.15343914143878623,0.049439141438786235,113.98119900000006,2.4347621900859906,Creator
FP_202305_BU03_NA,2023-05-31,BU03,North America,USD,211.51,102.37,56.27,12.93,17.65,0.2476,0,BS_202305_BU03_NA,131.29,389.64,176.72,166.46,1949.28,1643.98,0,2023,52.86999999999998,0.24996454068365556,39.93999999999998,30.050855999999985,399.9,2349.18,1512.69,1.6799999999998931,23.650856000000097,0.04993794986348976,355.61406,621.21,2310.275,0.104,0.15392715585806885,0.04992715585806885,115.34546,2.4350702660935917,Creator
FP_202306_BU03_NA,2023-06-30,BU03,North America,USD,215.92,104.99,58.01,13.04,17.88,0.2452,0,BS_202306_BU03_NA,129.1,409.99,183.85,193.98,1954.12,1649.67,0,2023,52.919999999999995,0.2450907743608744,39.879999999999995,30.101423999999998,399.86,2353.98,1520.5700000000002,-0.03999999999996362,25.301423999999965,0.05172917681441791,355.663749,622.4399999999999,2315.835,0.104,0.15357905420722978,0.049579054207229786,114.81690900000001,2.4429181929181936,Creator
FP_202307_BU03_NA,2023-07-31,BU03,North America,USD,213.83,103.32,56.95,13.15,17.58,0.2496,0,BS_202307_BU03_NA,126.19,392.04,176.75,165.02,1958.55,1662.38,0,2023,53.56000000000002,0.250479352756863,40.41000000000002,30.32366400000001,403.77,2362.3199999999997,1536.19,3.909999999999968,21.983664000000047,0.08692116098205682,359.002719,628.07,2322.045,0.104,0.15460627119629464,0.05060627119629464,117.510039,2.44588978935469,Strong Creator
FP_202308_BU03_NA,2023-08-31,BU03,North America,USD,215.22,104.24,57.2,13.25,16.94,0.2453,0,BS_202308_BU03_NA,122.78,395.06,176.4,175.78,1962.24,1671.45,0,2023,53.78,0.24988383979184092,40.53,30.587991000000002,395.68000000000006,2357.92,1548.67,-8.089999999999918,34.98799099999992,0.03750482067103733,359.628866,629.91,2328.286666666667,0.104,0.15446073335757624,0.05046073335757624,117.48705266666667,2.458557571716595,Strong Creator
FP_202309_BU03_NA,2023-09-30,BU03,North America,USD,219.5,106.27,57.94,13.35,16.98,0.2463,0,BS_202309_BU03_NA,120.51,402.1,180.35,188.26,1965.87,1675.78,0,2023,55.290000000000006,0.2518906605922552,41.940000000000005,31.610178000000005,394.19000000000005,2360.06,1555.27,-1.490000000000009,29.470178000000015,0.05139627341093056,360.87732200000005,632.6600000000001,2333.7141666666666,0.104,0.15463647054748567,0.05063647054748567,118.17104866666674,2.45830303796668,Strong Creator
FP_202310_BU03_NA,2023-10-31,BU03,North America,USD,218.07,106.39,56.96,13.45,16.27,0.2496,0,BS_202310_BU03_NA,119.96,396.63,175.95,173.01,1968.69,1678.43,0,2023,54.71999999999999,0.2509286009079653,41.269999999999996,30.969007999999995,399.56999999999994,2368.26,1558.47,5.379999999999882,22.76900800000011,0.0479600173002066,361.783405,635.38,2339.556666666667,0.104,0.15463759017021744,0.05063759017021745,118.46951166666668,2.4528156378859896,Strong Creator
FP_202311_BU03_NA,2023-11-30,BU03,North America,USD,222.31,108.72,58.49,13.55,16.14,0.2486,0,BS_202311_BU03_NA,121.48,410.99,182.6,196.89,1971.28,1678.08,0,2023,55.1,0.24785209842112366,41.55,31.220670000000002,396.70000000000005,2367.98,1556.6,-2.869999999999891,31.500669999999893,0.0494736345182456,362.42712700000004,637.62,2344.8816666666667,0.104,0.15456094529290393,0.05056094529290393,118.5594336666667,2.4412659577804963,Strong Creator
FP_202312_BU03_NA,2023-12-31,BU03,North America,USD,221.64,108.29,59.45,13.64,16.35,0.2509,0,BS_202312_BU03_NA,124.85,403.71,178.22,176.47,1973.99,1679.21,0,2023,53.89999999999998,0.24318715033387467,40.25999999999998,30.158765999999982,405.4599999999999,2379.45,1554.3600000000001,8.759999999999877,18.688766000000108,0.054123466184723634,362.497495,639.27,2350.874166666667,0.104,0.15419689413406146,0.05019689413406146,118.00658166666668,2.4314608850720356,Strong Creator
FP_202401_BU03_NA,2024-01-31,BU03,North America,USD,221.12,107.74,59.35,13.74,17.12,0.25,0,BS_202401_BU03_NA,129.44,402.95,178.87,182.31,1977.37,1692.09,0,2024,54.03000000000001,0.24434696092619396,40.290000000000006,30.217500000000005,399.50999999999993,2376.8799999999997,1562.6499999999999,-5.949999999999989,32.787499999999994,0.0711102499515599,363.863095,642.26,2356.4424999999997,0.101,0.15441204060782304,0.053412040607823036,125.8624025,2.4330489209977264,Strong Creator
FP_202402_BU03_NA,2024-02-29,BU03,North America,USD,223.75,108.79,59.32,13.85,17.73,0.2462,0,BS_202402_BU03_NA,134.3,427.1,189.93,210.47,1981.25,1709.64,0,2024,55.63999999999999,0.24867039106145247,41.78999999999999,31.501301999999995,406.55999999999995,2387.81,1575.3400000000001,7.050000000000011,20.571301999999985,0.09290284765300649,367.43812099999997,648.03,2362.045,0.101,0.1555593229595541,0.054559322959554096,128.87157599999995,2.430967702112557,Strong Creator
FP_202403_BU03_NA,2024-03-31,BU03,North America,USD,226.5,109.32,59.88,13.95,18.16,0.2494,0,BS_202403_BU03_NA,137.87,411.45,185.19,177.5,1985.46,1718.34,0,2024,57.300000000000004,0.25298013245033113,43.35000000000001,32.53851,419.14,2404.6,1580.4699999999998,12.580000000000041,15.748509999999964,0.062133645955451344,369.716681,652.35,2367.6016666666665,0.101,0.15615662305244196,0.055156623052441955,130.58891266666666,2.422733195370583,Strong Creator
FP_202404_BU03_NA,2024-04-30,BU03,North America,USD,226.77,109.15,59.45,14.06,19.29,0.2514,0,BS_202404_BU03_NA,139.72,424.44,191.72,198.66,1990.69,1723.48,0,2024,58.17,0.2565154120915465,44.11,33.020745999999995,417.5,2408.19,1583.76,-1.6399999999999864,29.430745999999985,0.07098328138282795,372.30061499999994,657.28,2373.0525000000002,0.101,0.15688680086091644,0.055886800860916436,132.6223124999999,2.409566699123661,Strong Creator
FP_202405_BU03_NA,2024-05-31,BU03,North America,USD,223.13,107.98,59.99,14.18,18.78,0.2498,0,BS_202405_BU03_NA,139.27,403.68,186.17,173.53,1995.29,1722.19,0,2024,55.15999999999999,0.24721014655133774,40.97999999999999,30.74319599999999,416.32000000000005,2411.61,1582.92,-1.17999999999995,27.32319599999994,0.054938300789560746,372.992955,659.5699999999999,2378.2549999999997,0.101,0.15683471915332883,0.05583471915332883,132.78920000000002,2.399927225313462,Strong Creator
FP_202406_BU03_NA,2024-06-30,BU03,North America,USD,220.53,106.32,58.87,14.29,18.16,0.2436,0,BS_202406_BU03_NA,136.6,406.16,188.57,186.24,1999.16,1719.72,0,2024,55.34000000000001,0.25094091506824473,41.05000000000001,31.050220000000007,408.49,2407.65,1583.1200000000001,-7.830000000000041,35.01022000000005,0.021350500185253862,373.941751,661.99,2382.7275,0.101,0.15693852989903379,0.05593852989903378,133.2862735,2.3914560642910017,Strong Creator
FP_202407_BU03_NA,2024-07-31,BU03,North America,USD,225.33,108.35,60.82,14.4,18.23,0.2524,0,BS_202407_BU03_NA,133.19,402.24,185.35,176.34,2002.99,1723.65,0,2024,56.16000000000002,0.24923445613100792,41.76000000000002,31.219776000000017,411.25,2414.24,1590.46,2.759999999999991,24.629776000000025,0.053781041013889475,374.837863,664.59,2387.054166666667,0.101,0.15702947517250168,0.056029475172501675,133.74539216666668,2.3931446455709535,Strong Creator
FP_202408_BU03_NA,2024-08-31,BU03,North America,USD,227.1,110.22,60.65,14.5,17.92,0.2488,0,BS_202408_BU03_NA,129.77,403.54,186.3,184.46,2006.41,1732.02,0,2024,56.23,0.24760017613386173,41.73,31.347575999999997,405.38,2411.79,1602.25,-5.8700000000000045,33.797576,0.05519933091720097,375.597448,667.0400000000001,2391.543333333333,0.101,0.15705232799461435,0.05605232799461435,134.05157133333333,2.4020298632765646,Strong Creator
FP_202409_BU03_NA,2024-09-30,BU03,North America,USD,233.74,112.97,62.26,14.61,17.77,0.2445,0,BS_202409_BU03_NA,127.51,426.48,192.44,202.47,2009.57,1741.02,0,2024,58.51000000000001,0.250320869342004,43.90000000000001,33.16645000000001,416.45000000000005,2426.02,1613.51,11.07000000000005,18.93644999999996,0.06487471526195909,377.15372,670.26,2397.04,0.101,0.15734143777325368,0.05634143777325368,135.05268,2.4072897084713394,Strong Creator
FP_202410_BU03_NA,2024-10-31,BU03,North America,USD,233.66,113.19,63.16,14.72,17.96,0.2451,0,BS_202410_BU03_NA,127.16,409.87,187.96,180.96,2012.81,1742.82,0,2024,57.31,0.24527090644526237,42.59,32.151191000000004,416.87,2429.68,1615.6599999999999,0.4199999999999591,28.491191000000043,0.07149080570459021,378.33590300000003,672.85,2402.1583333333333,0.101,0.15749832046874512,0.05649832046874512,135.71791133333335,2.4012186965891353,Strong Creator
FP_202411_BU03_NA,2024-11-30,BU03,North America,USD,231.41,111.92,62.18,14.82,17.92,0.2499,0,BS_202411_BU03_NA,128.68,418.6,190.08,193.71,2015.91,1746.26,0,2024,57.309999999999995,0.24765567607277125,42.489999999999995,31.871748999999994,414.97,2430.88,1617.58,-1.8999999999999773,30.67174899999997,0.040933831136700904,378.986982,675.0600000000001,2407.4,0.101,0.15742584614106506,0.05642584614106505,135.83958199999998,2.3962018190975614,Strong Creator
FP_202412_BU03_NA,2024-12-31,BU03,North America,USD,236.65,114.62,63.53,14.93,17.72,0.2492,0,BS_202412_BU03_NA,132.39,421.42,187.96,187.97,2018.7,1758.53,0,2024,58.5,0.24720050707796323,43.57,32.712356,421.40999999999997,2440.11,1626.1399999999999,6.439999999999941,23.48235600000006,0.06772243277386769,381.54057200000005,679.6600000000001,2412.455,0.101,0.1581544824670305,0.057154482467030504,137.88261700000004,2.392578642262307,Strong Creator
FP_202501_BU03_NA,2025-01-31,BU03,North America,USD,238.93,116.27,63.41,15.03,17.97,0.247,0,BS_202501_BU03_NA,137.38,423.78,190.65,196.69,2021.64,1744.44,0,2025,59.250000000000014,0.24798058008621776,44.22000000000001,33.29766000000001,417.73999999999995,2439.38,1607.06,-3.670000000000016,34.027660000000026,0.08054450072358899,384.62073200000003,684.8800000000001,2417.6633333333334,0.099,0.1590877963433012,0.06008779634330119,145.272062,2.346484055600981,Strong Creator
FP_202502_BU03_NA,2025-02-28,BU03,North America,USD,235.37,113.66,63.46,15.14,18.91,0.242,0,BS_202502_BU03_NA,142.09,447.79,203.75,225.54,2025.41,1738.33,0,2025,58.25000000000001,0.24748268683349622,43.11000000000001,32.67738000000001,426.0,2451.41,1596.24,8.260000000000048,20.64737999999996,0.051932960893854796,385.79681000000005,687.49,2422.963333333333,0.099,0.15922519531868004,0.060225195318680036,145.92344000000006,2.3218374085441242,Strong Creator
FP_202503_BU03_NA,2025-03-31,BU03,North America,USD,246.22,118.88,64.75,15.26,20.1,0.2515,0,BS_202503_BU03_NA,146.16,423.06,199.8,188.93,2030.25,1738.33,0,2025,62.59,0.2542035577938429,47.330000000000005,35.426505,433.93,2464.18,1592.1699999999998,7.930000000000007,22.65650499999999,0.08706401766004412,388.68480500000004,692.7800000000001,2427.9283333333333,0.099,0.16008907662705588,0.06108907662705587,148.31990000000005,2.298233205346574,Strong Creator
FP_202504_BU03_NA,2025-04-30,BU03,North America,USD,240.54,116.48,64.6,15.38,19.71,0.2492,0,BS_202504_BU03_NA,148.01,442.87,204.39,206.51,2034.58,1797.24,0,2025,59.459999999999994,0.24719381391868295,44.07999999999999,33.09526399999999,440.75,2475.33,1649.23,6.819999999999993,21.945264,0.06072231776690029,388.75932300000005,694.07,2433.523333333333,0.099,0.15975163158493108,0.060751631584931076,147.84051300000007,2.3761724321754287,Strong Creator
FP_202505_BU03_NA,2025-05-31,BU03,North America,USD,243.56,118.11,65.4,15.5,20.33,0.248,0,BS_202505_BU03_NA,147.96,436.0,202.13,193.97,2039.41,1884.94,0,2025,60.05,0.24655115782558712,44.55,33.501599999999996,444.15999999999997,2483.57,1736.98,3.409999999999968,25.26160000000003,0.09156097342356473,391.51772700000004,698.9600000000002,2439.52,0.099,0.16048965657178463,0.06148965657178462,150.00524700000003,2.485092136889092,Strong Creator
FP_202506_BU03_NA,2025-06-30,BU03,North America,USD,247.05,119.85,65.16,15.62,19.86,0.2485,0,BS_202506_BU03_NA,146.24,446.66,210.11,215.47,2043.65,1991.71,0,2025,62.04000000000002,0.251123254401943,46.42000000000002,34.88463000000002,441.29999999999995,2484.95,1845.47,-2.8600000000000136,33.504630000000034,0.12025574751734469,395.352137,705.6600000000001,2445.9616666666666,0.099,0.1616346414532253,0.06263464145322528,153.20193200000003,2.6152396338179855,Strong Creator
FP_202507_BU03_NA,2025-07-31,BU03,North America,USD,236.66,114.91,63.45,15.73,19.43,0.2492,0,BS_202507_BU03_NA,142.54,430.01,199.58,178.76,2047.35,2100.59,0,2025,58.3,0.24634496746387222,42.56999999999999,31.961555999999995,450.83000000000004,2498.18,1958.0500000000002,9.530000000000086,18.731555999999905,0.05028180890249856,396.09391700000003,707.8,2452.9566666666665,0.099,0.16147611671357154,0.06247611671357153,153.25120700000005,2.766388810398418,Strong Creator
FP_202508_BU03_NA,2025-08-31,BU03,North America,USD,236.78,114.87,63.24,15.85,18.66,0.2459,0,BS_202508_BU03_NA,138.74,430.41,197.7,190.47,2050.16,2202.68,0,2025,58.669999999999995,0.24778275192161497,42.81999999999999,32.290561999999994,437.64,2487.7999999999997,2063.9399999999996,-13.190000000000055,42.67056200000005,0.04262439453985034,397.03690300000005,710.24,2459.2908333333335,0.099,0.16144365587776152,0.06244365587776152,153.56711050000004,2.9059754449200264,Strong Creator
FP_202509_BU03_NA,2025-09-30,BU03,North America,USD,242.87,118.08,65.51,15.96,18.79,0.2474,0,BS_202509_BU03_NA,136.03,443.52,202.69,209.68,2052.99,2311.95,0,2025,59.28,0.24408119570140405,43.32,32.602632,436.53000000000003,2489.52,2175.9199999999996,-1.1099999999999568,30.88263199999996,0.039060494566612425,396.47308499999997,711.01,2464.5825,0.099,0.1608682545623853,0.06186825456238529,152.47941749999995,3.0603226396253214,Strong Creator
FP_202510_BU03_NA,2025-10-31,BU03,North America,USD,254.32,123.43,67.83,16.07,18.89,0.2464,0,BS_202510_BU03_NA,135.85,448.08,203.8,206.17,2055.81,2402.45,0,2025,63.05999999999999,0.24795533186536642,46.98999999999999,35.411663999999995,445.71000000000004,2501.52,2266.6,9.180000000000007,23.411663999999988,0.08841907044423514,399.733558,716.76,2470.5691666666667,0.099,0.16179816513266343,0.06279816513266342,155.1472105,3.1622858418438526,Strong Creator
FP_202511_BU03_NA,2025-11-30,BU03,North America,USD,250.62,121.69,65.82,16.18,19.11,0.2472,0,BS_202511_BU03_NA,137.92,454.33,206.52,211.61,2058.74,2453.0,0,2025,63.110000000000014,0.2518154975660363,46.930000000000014,35.32890400000001,449.24,2507.9799999999996,2315.08,3.5299999999999727,28.868904000000036,0.08301283436325146,403.190713,722.56,2476.994166666667,0.099,0.16277418753172948,0.06377418753172948,157.9682905,3.2039968999114263,Strong Creator
FP_202512_BU03_NA,2025-12-31,BU03,North America,USD,246.25,119.24,65.8,16.3,18.28,0.2496,0,BS_202512_BU03_NA,141.58,443.0,198.22,188.14,2060.72,2443.86,0,2025,61.21000000000001,0.24856852791878176,44.91000000000001,33.700464000000004,453.08000000000004,2513.7999999999997,2302.28,3.840000000000032,27.880463999999975,0.040566237058947685,404.17882099999997,725.27,2483.1349999999998,0.099,0.162769571932255,0.06376957193225499,158.34845599999997,3.174376439119225,Strong Creator
FP_202101_BU04_APAC,2021-01-31,BU04,Asia Pacific,USD,109.65,67.33,20.34,7.24,10.03,0.225,0,BS_202101_BU04_APAC,52.34,225.02,204.95,111.64,1985.79,981.9,0,2021,21.980000000000008,0.20045599635202924,14.740000000000007,11.423500000000006,318.33000000000004,2304.12,929.56,0.0,8.633500000000007,,,,,0.091,,,,,Not Available
FP_202102_BU04_APAC,2021-02-28,BU04,Asia Pacific,USD,110.92,68.4,20.6,7.28,10.37,0.2225,0,BS_202102_BU04_APAC,51.43,242.38,218.86,154.6,1988.88,989.88,0,2021,21.919999999999995,0.19761990623873057,14.639999999999993,11.382599999999995,306.64,2295.52,938.45,-11.690000000000055,19.982600000000048,,,,,0.091,,,,,Not Available
FP_202103_BU04_APAC,2021-03-31,BU04,Asia Pacific,USD,121.11,74.14,21.1,7.32,11.77,0.2264,0,BS_202103_BU04_APAC,50.14,242.66,216.26,127.12,1993.33,1000.5,0,2021,25.869999999999997,0.21360746428866317,18.549999999999997,14.35028,331.79999999999995,2325.13,950.36,25.159999999999968,-15.25971999999997,,,,,0.091,,,,,Not Available
FP_202104_BU04_APAC,2021-04-30,BU04,Asia Pacific,USD,123.75,75.89,21.57,7.37,12.35,0.225,0,BS_202104_BU04_APAC,48.65,260.87,225.72,153.78,1998.31,1006.94,0,2021,26.29,0.21244444444444444,18.919999999999998,14.662999999999998,332.81000000000006,2331.12,958.2900000000001,1.0100000000001046,8.672999999999893,,,,,0.091,,,,,Not Available
FP_202105_BU04_APAC,2021-05-31,BU04,Asia Pacific,USD,129.18,79.6,22.03,7.41,12.67,0.2208,0,BS_202105_BU04_APAC,47.57,267.69,227.22,145.22,2003.57,1017.09,0,2021,27.55000000000001,0.2132683077875833,20.14000000000001,15.693088000000008,349.68999999999994,2353.2599999999998,969.52,16.87999999999988,-6.446911999999875,,,,,0.091,,,,,Not Available
FP_202106_BU04_APAC,2021-06-30,BU04,Asia Pacific,USD,120.67,74.34,21.38,7.46,12.24,0.2215,0,BS_202106_BU04_APAC,46.82,262.01,222.33,131.4,2008.35,1018.62,0,2021,24.95,0.20676224413690228,17.49,13.615964999999997,352.94000000000005,2361.29,971.8,3.2500000000001137,5.585964999999883,,,,,0.091,,,,,Not Available
FP_202107_BU04_APAC,2021-07-31,BU04,Asia Pacific,USD,116.2,71.66,21.18,7.51,11.22,0.2243,0,BS_202107_BU04_APAC,47.16,244.42,210.94,112.71,2012.06,1020.88,0,2021,23.360000000000007,0.20103270223752157,15.850000000000007,12.294845000000006,342.65000000000003,2354.71,973.72,-10.29000000000002,18.87484500000003,,,,,0.091,,,,,Not Available
FP_202108_BU04_APAC,2021-08-31,BU04,Asia Pacific,USD,119.74,73.89,21.39,7.55,11.63,0.2222,0,BS_202108_BU04_APAC,48.33,247.7,213.82,136.51,2016.14,1025.2,0,2021,24.459999999999994,0.20427593118423246,16.909999999999993,13.152597999999996,325.01,2341.15,976.87,-17.640000000000043,26.712598000000035,,,,,0.091,,,,,Not Available
FP_202109_BU04_APAC,2021-09-30,BU04,Asia Pacific,USD,129.11,79.64,21.99,7.59,11.5,0.2297,0,BS_202109_BU04_APAC,49.9,266.41,232.71,173.23,2020.05,1029.5,0,2021,27.480000000000015,0.21284176283789027,19.890000000000015,15.321267000000011,325.89,2345.94,979.6,0.8799999999999955,10.531267000000014,,,,,0.091,,,,,Not Available
FP_202110_BU04_APAC,2021-10-31,BU04,Asia Pacific,USD,127.35,78.68,22.06,7.64,11.6,0.224,0,BS_202110_BU04_APAC,51.51,261.04,231.63,138.77,2024.01,1034.68,0,2021,26.60999999999999,0.20895170789163714,18.969999999999988,14.720719999999991,353.9,2377.91,983.1700000000001,28.00999999999999,-17.24928,,,,,0.091,,,,,Not Available
FP_202111_BU04_APAC,2021-11-30,BU04,Asia Pacific,USD,125.53,77.51,22.32,7.68,11.38,0.2228,0,BS_202111_BU04_APAC,53.0,265.37,238.89,153.27,2027.71,1036.38,0,2021,25.699999999999996,0.20473193658886318,18.019999999999996,14.005143999999998,350.99,2378.7,983.3800000000001,-2.909999999999968,13.215143999999965,,,,,0.091,,,,,Not Available
FP_202112_BU04_APAC,2021-12-31,BU04,Asia Pacific,USD,117.44,72.54,21.48,7.72,10.8,0.2223,0,BS_202112_BU04_APAC,53.81,241.68,222.91,106.34,2030.79,1041.85,0,2021,23.41999999999999,0.19942098092643046,15.699999999999992,12.209889999999994,358.25,2389.04,988.04,7.259999999999991,1.8698900000000016,,162.832897,299.59,2346.4908333333333,0.091,0.06939421824575634,-0.021605781754243658,-50.69776883333333,3.297973897660136,Value Destroyer
FP_202201_BU04_APAC,2022-01-31,BU04,Asia Pacific,USD,109.23,67.27,20.8,7.76,10.16,0.2224,0,BS_202201_BU04_APAC,53.53,226.29,209.17,100.38,2033.19,1048.16,0,2022,21.160000000000007,0.1937196740822119,13.400000000000007,10.419840000000006,335.08,2368.27,994.6300000000001,-23.170000000000016,31.18984000000002,-0.0038303693570451713,161.82923699999998,298.77,2351.8366666666666,0.098,0.06880972615728699,-0.029190273842713013,-68.65075633333336,3.329082571878034,Value Destroyer
FP_202202_BU04_APAC,2022-02-28,BU04,Asia Pacific,USD,113.86,70.16,21.43,7.8,10.66,0.2244,0,BS_202202_BU04_APAC,52.63,251.02,226.11,163.49,2036.05,1052.99,0,2022,22.270000000000003,0.1955910767609345,14.470000000000002,11.222932000000004,313.64,2349.69,1000.36,-21.439999999999998,29.802932000000002,0.026505589614136404,161.66956900000002,299.12,2356.3508333333334,0.098,0.06861014358006254,-0.029389856419937466,-69.25281266666667,3.3443434073281626,Value Destroyer
FP_202203_BU04_APAC,2022-03-31,BU04,Asia Pacific,USD,125.78,77.68,22.33,7.84,12.08,0.2224,0,BS_202203_BU04_APAC,51.31,248.85,226.42,136.51,2040.29,1060.45,0,2022,25.769999999999996,0.20488153919542054,17.929999999999996,13.942367999999998,338.76,2379.05,1009.1400000000001,25.120000000000005,-15.417632000000006,0.03855998678886974,161.26165699999999,299.02000000000004,2360.8441666666663,0.098,0.06830677741330521,-0.029693222586694795,-70.10107133333332,3.3748244264597687,Value Destroyer
FP_202204_BU04_APAC,2022-04-30,BU04,Asia Pacific,USD,128.15,79.46,22.04,7.89,12.67,0.2266,0,BS_202204_BU04_APAC,49.9,268.91,237.85,162.61,2045.07,1067.17,0,2022,26.650000000000013,0.20795942255169733,18.760000000000012,14.508984000000009,344.15,2389.22,1017.2700000000001,5.389999999999986,4.338984000000023,0.03555555555555556,161.10764100000003,299.38,2365.6858333333334,0.098,0.06810187503764766,-0.02989812496235235,-70.72957066666666,3.397922372904002,Value Destroyer
FP_202205_BU04_APAC,2022-05-31,BU04,Asia Pacific,USD,130.4,81.09,22.48,7.94,13.0,0.2242,0,BS_202205_BU04_APAC,48.72,270.7,235.26,141.71,2050.13,1073.12,0,2022,26.830000000000002,0.2057515337423313,18.89,14.654862000000001,364.25,2414.38,1024.3999999999999,20.100000000000023,-10.50513800000002,0.009444186406564414,160.069415,298.66,2370.7791666666667,0.098,0.06751764029758149,-0.030482359702418513,-72.26694333333336,3.429987276501707,Value Destroyer
FP_202206_BU04_APAC,2022-06-30,BU04,Asia Pacific,USD,130.55,81.44,22.93,7.99,12.57,0.2211,0,BS_202206_BU04_APAC,48.49,279.51,241.75,160.42,2054.71,1077.37,0,2022,26.180000000000014,0.20053619302949072,18.190000000000012,14.168191000000009,360.84000000000003,2415.55,1028.8799999999999,-3.409999999999968,12.998190999999977,0.08187619126543466,160.62164100000004,299.89000000000004,2375.3008333333332,0.098,0.06762159922900995,-0.03037840077099005,-72.15784066666663,3.4308579812597944,Value Destroyer
FP_202207_BU04_APAC,2022-07-31,BU04,Asia Pacific,USD,124.11,76.94,22.14,8.04,12.02,0.2257,0,BS_202207_BU04_APAC,49.02,261.03,227.12,117.34,2058.69,1085.75,0,2022,25.03,0.20167593264039965,16.990000000000002,13.155357000000002,370.80999999999995,2429.5,1036.73,9.969999999999914,-0.7946429999999118,0.06807228915662655,161.482153,301.56,2381.5333333333333,0.098,0.06780595960585617,-0.030194040394143834,-71.90811366666665,3.43788964053588,Value Destroyer
FP_202208_BU04_APAC,2022-08-31,BU04,Asia Pacific,USD,120.31,74.75,21.91,8.08,10.87,0.2264,0,BS_202208_BU04_APAC,50.06,252.78,222.11,126.88,2061.48,1086.93,0,2022,23.650000000000002,0.19657551325741834,15.570000000000002,12.044952000000002,348.01,2409.49,1036.8700000000001,-22.799999999999955,32.05495199999996,0.004760314013696476,160.37450700000005,300.75000000000006,2387.2283333333335,0.098,0.0671802126175614,-0.03081978738243861,-73.57386966666664,3.4476142975893596,Value Destroyer
FP_202209_BU04_APAC,2022-09-30,BU04,Asia Pacific,USD,135.59,84.32,23.93,8.12,12.17,0.2209,0,BS_202209_BU04_APAC,51.8,284.72,247.55,192.37,2065.53,1087.63,0,2022,27.34000000000001,0.2016372888856111,19.220000000000013,14.97430200000001,339.9,2405.4300000000003,1035.8300000000002,-8.110000000000014,19.034302000000025,0.05018976066919678,160.027542,300.61,2392.1858333333334,0.098,0.06689594920684465,-0.031104050793155355,-74.40666966666669,3.4457602874155886,Value Destroyer
FP_202210_BU04_APAC,2022-10-31,BU04,Asia Pacific,USD,134.99,84.45,23.25,8.17,12.1,0.2244,0,BS_202210_BU04_APAC,53.67,278.61,249.23,152.69,2069.46,1095.18,0,2022,27.290000000000006,0.20216312319431073,19.120000000000005,14.829472000000004,375.15000000000003,2444.61,1041.51,35.25000000000006,-24.350528000000054,0.059992147624656544,160.13629400000005,301.29,2397.744166666667,0.098,0.06678623025183741,-0.03121376974816259,-74.84263433333331,3.456835606890371,Value Destroyer
FP_202211_BU04_APAC,2022-11-30,BU04,Asia Pacific,USD,125.65,78.72,22.88,8.21,10.56,0.2299,0,BS_202211_BU04_APAC,54.92,268.83,249.9,145.02,2071.81,1093.88,0,2022,24.050000000000008,0.1914046955829686,15.840000000000007,12.198384000000006,373.71000000000004,2445.52,1038.96,-1.4399999999999977,11.288384000000002,0.0009559467856290471,158.32953400000005,299.64000000000004,2403.3125,0.098,0.06587971143993969,-0.032120288560060314,-77.19509099999996,3.4673608329995993,Value Destroyer
FP_202212_BU04_APAC,2022-12-31,BU04,Asia Pacific,USD,118.87,74.71,21.73,8.25,10.75,0.224,0,BS_202212_BU04_APAC,55.54,254.06,235.73,113.9,2074.31,1093.44,0,2022,22.43000000000001,0.1886935307478759,14.18000000000001,11.003680000000008,375.89,2450.2,1037.9,2.17999999999995,6.32368000000006,0.012176430517711223,157.12332400000005,298.6500000000001,2408.409166666667,0.098,0.06523946436288686,-0.03276053563711315,-78.90077433333332,3.4753055416038836,Value Destroyer
FP_202301_BU04_APAC,2023-01-31,BU04,Asia Pacific,USD,117.25,73.84,22.17,8.29,10.75,0.2256,0,BS_202301_BU04_APAC,55.57,247.02,231.66,125.81,2076.77,1099.89,0,2023,21.239999999999995,0.1811513859275053,12.949999999999996,10.028479999999997,352.87,2429.64,1044.3200000000002,-23.019999999999982,30.588479999999976,0.07342305227501589,156.73196400000006,298.7300000000001,2413.523333333333,0.104,0.06493907137145283,-0.03906092862854717,-94.27446266666658,3.495865832022227,Value Destroyer
FP_202302_BU04_APAC,2023-02-28,BU04,Asia Pacific,USD,121.67,77.06,22.56,8.34,11.83,0.2236,0,BS_202302_BU04_APAC,54.81,274.25,255.29,187.46,2080.26,1103.72,1,2023,22.05,0.18122791156406673,13.71,10.644444,342.0799999999999,2422.34,1048.91,-10.790000000000077,17.944444000000075,0.06859300895836995,156.15347600000004,298.51000000000005,2419.5775,0.104,0.06453749714567938,-0.03946250285432061,-95.48258399999995,3.513818632541623,Value Destroyer
FP_202303_BU04_APAC,2023-03-31,BU04,Asia Pacific,USD,125.98,80.0,23.12,8.38,12.3,0.2229,0,BS_202303_BU04_APAC,53.27,260.19,246.96,129.2,2084.18,1105.9,0,2023,22.860000000000003,0.1814573741863788,14.480000000000002,11.252408000000003,377.95,2462.1299999999997,1052.63,35.87000000000006,-28.537592000000057,0.0015900779138178223,153.46351600000006,295.6,2426.500833333333,0.104,0.06324478190645587,-0.04075521809354413,-98.89257066666656,3.5609945872801085,Value Destroyer
FP_202304_BU04_APAC,2023-04-30,BU04,Asia Pacific,USD,125.1,79.56,23.31,8.43,12.48,0.2277,0,BS_202304_BU04_APAC,51.55,268.15,252.83,153.55,2088.23,1100.09,0,2023,22.229999999999993,0.17769784172661865,13.799999999999994,10.657739999999995,367.43,2455.66,1048.54,-10.519999999999982,17.127739999999978,-0.023800234100663342,149.61227200000002,291.18000000000006,2432.0375,0.104,0.06151725538771504,-0.042482744612284955,-103.31962799999997,3.6010028161274805,Value Destroyer
FP_202305_BU04_APAC,2023-05-31,BU04,Asia Pacific,USD,129.75,82.61,23.695,8.48,13.06,0.2259,0,BS_202305_BU04_APAC,50.26,268.88,250.26,142.08,2092.81,1097.37,0,2023,23.445,0.1806936416184971,14.965,11.5844065,377.05999999999995,2469.87,1047.11,9.629999999999939,-2.6255934999999386,-0.004984662576687171,146.54181650000004,287.795,2436.6616666666664,0.104,0.06014040377647836,-0.04385959622352163,-106.87099683333327,3.638388436213276,Value Destroyer
FP_202306_BU04_APAC,2023-06-30,BU04,Asia Pacific,USD,133.29,85.27,24.08,8.53,12.87,0.228,0,BS_202306_BU04_APAC,49.78,283.57,261.38,171.38,2097.15,1094.98,0,2023,23.939999999999998,0.17960837272113436,15.409999999999998,11.896519999999999,373.57000000000005,2470.7200000000003,1045.2,-3.4899999999998954,11.046519999999893,0.020988127154346836,144.2701455,285.555,2441.2591666666667,0.104,0.059096611891882304,-0.04490338810811769,-109.62080783333332,3.66024058412565,Value Destroyer
FP_202307_BU04_APAC,2023-07-31,BU04,Asia Pacific,USD,120.89,77.3,22.98,8.57,12.04,0.2233,0,BS_202307_BU04_APAC,49.94,259.25,238.4,105.5,2100.62,1091.83,0,2023,20.610000000000003,0.17048556539002402,12.040000000000003,9.351468000000002,392.15,2492.77,1041.8899999999999,18.579999999999927,-12.698531999999922,-0.025944726452340694,140.46625650000004,281.13500000000005,2446.5316666666668,0.104,0.057414444461853835,-0.04658555553814616,-113.97303683333328,3.7060131253668156,Value Destroyer
FP_202308_BU04_APAC,2023-08-31,BU04,Asia Pacific,USD,124.41,79.35,23.18,8.62,11.48,0.2268,0,BS_202308_BU04_APAC,51.13,263.89,240.3,144.3,2103.48,1088.62,0,2023,21.880000000000003,0.17587010690458968,13.260000000000003,10.252632000000002,359.89,2463.37,1037.4899999999998,-32.25999999999999,39.652632,0.034078630205302884,138.67393650000002,279.365,2451.0216666666665,0.104,0.05657801331825573,-0.047421986681744265,-116.23231683333327,3.7137436686771776,Value Destroyer
FP_202309_BU04_APAC,2023-09-30,BU04,Asia Pacific,USD,131.28,83.65,23.73,8.66,11.98,0.2283,0,BS_202309_BU04_APAC,52.52,277.07,252.9,170.61,2106.8,1082.41,0,2023,23.899999999999995,0.1820536258379037,15.239999999999995,11.760707999999997,359.36,2466.1600000000003,1029.89,-0.5299999999999727,8.97070799999997,-0.031787004941367325,135.46034250000002,275.925,2456.0825,0.104,0.055153009925358785,-0.04884699007464121,-119.97223749999995,3.732499773489173,Value Destroyer
FP_202310_BU04_APAC,2023-10-31,BU04,Asia Pacific,USD,137.33,87.28,23.98,8.71,12.18,0.2274,0,BS_202310_BU04_APAC,54.22,282.83,259.77,164.01,2110.27,1081.64,0,2023,26.07000000000001,0.18983470472584293,17.36000000000001,13.412336000000007,378.5899999999999,2488.8599999999997,1027.42,19.229999999999905,-9.287663999999896,0.017334617379065165,134.04320650000003,274.70500000000004,2459.77,0.104,0.0544942033198226,-0.0495057966801774,-121.77287349999997,3.740084818259587,Value Destroyer
FP_202311_BU04_APAC,2023-11-30,BU04,Asia Pacific,USD,129.23,81.88,23.84,8.75,11.13,0.2244,0,BS_202311_BU04_APAC,55.62,278.85,258.72,148.86,2112.65,1081.38,0,2023,23.509999999999994,0.18192370192679716,14.759999999999994,11.447855999999996,388.71000000000004,2501.36,1025.7600000000002,10.120000000000118,-1.0521440000001245,0.028491842419418933,133.2926785,274.165,2464.4233333333336,0.104,0.05408676208227211,-0.049913237917727886,-123.00734816666667,3.741396604234677,Value Destroyer
FP_202312_BU04_APAC,2023-12-31,BU04,Asia Pacific,USD,125.3,79.12,23.38,8.79,11.59,0.2293,0,BS_202312_BU04_APAC,56.43,264.73,247.1,124.88,2115.45,1080.19,0,2023,22.799999999999994,0.18196328810853946,14.009999999999994,10.797506999999994,386.95000000000005,2502.3999999999996,1023.7600000000001,-1.759999999999991,9.757506999999986,0.054092706317826034,133.0865055,274.53499999999997,2468.773333333333,0.104,0.05390794841432722,-0.05009205158567277,-123.66592116666664,3.7290691532955735,Value Destroyer
FP_202401_BU04_APAC,2024-01-31,BU04,Asia Pacific,USD,118.91,74.36,22.48,8.84,11.24,0.2248,0,BS_202401_BU04_APAC,56.22,248.69,233.65,113.31,2117.85,1089.04,0,2024,22.069999999999997,0.185602556555378,13.229999999999997,10.255895999999998,369.03000000000003,2486.88,1032.82,-17.920000000000016,25.77589600000001,0.014157782515991535,133.3139215,275.365,2473.5433333333335,0.101,0.05389593127537688,-0.047104068724623124,-116.5139551666667,3.7507308481470045,Value Destroyer
FP_202402_BU04_APAC,2024-02-29,BU04,Asia Pacific,USD,123.97,77.23,22.97,8.88,11.34,0.224,0,BS_202402_BU04_APAC,55.25,270.58,247.3,167.26,2120.31,1094.91,0,2024,23.769999999999996,0.19173993708155196,14.889999999999995,11.554639999999997,350.62,2470.93,1039.66,-18.410000000000025,27.504640000000023,0.018903591682419618,134.2241175,277.085,2477.5925,0.101,0.05417521949230957,-0.046824780507690435,-116.01272500000002,3.752133821751449,Value Destroyer
FP_202403_BU04_APAC,2024-03-31,BU04,Asia Pacific,USD,135.89,84.13,23.8,8.93,12.99,0.228,0,BS_202403_BU04_APAC,54.04,277.02,250.45,153.81,2124.37,1110.14,0,2024,27.95999999999999,0.20575465449996316,19.02999999999999,14.691159999999993,373.66,2498.0299999999997,1056.1000000000001,23.04000000000002,-12.408840000000028,0.0786632798856961,137.6628695,282.18499999999995,2480.5841666666665,0.101,0.0554961493949174,-0.04550385060508261,-112.87613133333335,3.7425802221946607,Value Destroyer
FP_202404_BU04_APAC,2024-04-30,BU04,Asia Pacific,USD,137.98,85.21,23.9,8.98,13.35,0.2252,0,BS_202404_BU04_APAC,52.84,287.74,260.22,169.72,2128.74,1124.16,0,2024,28.869999999999997,0.20923322220611681,19.889999999999997,15.410771999999996,378.24,2506.9799999999996,1071.3200000000002,4.579999999999984,6.460772000000015,0.1029576338928857,142.4159015,288.82499999999993,2484.860833333333,0.101,0.057313431637519605,-0.0436865683624804,-108.55504266666668,3.7092356963559263,Value Destroyer
FP_202405_BU04_APAC,2024-05-31,BU04,Asia Pacific,USD,137.39,84.61,24.03,9.03,13.96,0.2259,0,BS_202405_BU04_APAC,51.79,278.7,251.52,137.1,2133.67,1135.75,0,2024,28.749999999999986,0.20925831574350381,19.719999999999985,15.265251999999988,393.12,2526.79,1083.96,14.879999999999995,-4.544748000000009,0.05888246628131011,146.09674699999997,294.12999999999994,2489.6041666666665,0.101,0.05868272111530446,-0.042317278884695546,-105.35327383333336,3.6853092170128865,Value Destroyer
FP_202406_BU04_APAC,2024-06-30,BU04,Asia Pacific,USD,138.72,85.47,24.46,9.08,13.43,0.2237,0,BS_202406_BU04_APAC,51.38,291.04,256.47,163.69,2138.02,1141.16,0,2024,28.79,0.207540369088812,19.71,15.300873000000001,383.82,2521.84,1089.78,-9.300000000000011,20.250873000000013,0.04073823992797654,149.50109999999995,298.97999999999996,2493.8641666666667,0.101,0.05994757132254929,-0.041052428677450715,-102.37918083333341,3.6449929761188042,Value Destroyer
FP_202407_BU04_APAC,2024-07-31,BU04,Asia Pacific,USD,133.23,82.19,23.81,9.13,12.8,0.2287,0,BS_202407_BU04_APAC,52.07,271.96,241.09,123.79,2141.69,1157.28,0,2024,27.229999999999993,0.20438339713277787,18.099999999999994,13.960529999999995,389.25999999999993,2530.95,1105.21,5.439999999999941,4.850530000000052,0.10207626768136313,154.11016199999997,305.59999999999997,2497.045833333333,0.101,0.061716993714238985,-0.03928300628576102,-98.09146716666669,3.616524869109948,Value Destroyer
FP_202408_BU04_APAC,2024-08-31,BU04,Asia Pacific,USD,128.73,79.37,23.24,9.18,11.89,0.2223,0,BS_202408_BU04_APAC,53.31,266.4,233.07,130.16,2144.4,1168.9,0,2024,26.119999999999987,0.20290530567855192,16.939999999999987,13.17423799999999,369.30999999999995,2513.71,1115.5900000000001,-19.94999999999999,30.414237999999976,0.03472389679286225,157.03176799999994,309.8399999999999,2501.2408333333333,0.101,0.06278154662569142,-0.038218453374308584,-95.59355616666673,3.600535760392462,Value Destroyer
FP_202409_BU04_APAC,2024-09-30,BU04,Asia Pacific,USD,141.63,86.77,24.57,9.22,12.69,0.2249,0,BS_202409_BU04_APAC,55.28,296.12,251.64,186.97,2147.87,1181.87,0,2024,30.29,0.21386711854833015,21.07,16.331357,360.78999999999996,2508.66,1126.59,-8.519999999999982,21.381356999999987,0.07883912248628877,161.60241699999997,316.22999999999996,2504.7825,0.101,0.06451754473691827,-0.036482455263081734,-91.38061550000003,3.5625652215159853,Value Destroyer
FP_202410_BU04_APAC,2024-10-31,BU04,Asia Pacific,USD,152.42,93.64,25.22,9.27,13.48,0.2235,0,BS_202410_BU04_APAC,57.52,302.98,264.59,183.17,2152.08,1200.37,0,2024,33.55999999999999,0.22018107859860905,24.28999999999999,18.861184999999992,384.4,2536.48,1142.85,23.610000000000014,-8.958815000000023,0.10988130779873284,167.05126599999994,323.7199999999999,2508.750833333333,0.101,0.06658742820547144,-0.03441257179452857,-86.3325681666667,3.530365748177438,Value Destroyer
FP_202411_BU04_APAC,2024-11-30,BU04,Asia Pacific,USD,140.43,86.43,24.08,9.32,12.69,0.2285,0,BS_202411_BU04_APAC,59.27,293.81,263.44,156.11,2155.45,1217.52,0,2024,29.92,0.2130598874884284,20.6,15.892900000000001,401.14,2556.5899999999997,1158.25,16.74000000000001,-4.217100000000007,0.08666718254275341,171.49630999999994,330.12999999999994,2513.353333333333,0.101,0.0682340631241661,-0.0327659368758339,-82.35237666666671,3.5084663617362866,Value Destroyer
FP_202412_BU04_APAC,2024-12-31,BU04,Asia Pacific,USD,127.21,78.49,23.31,9.37,11.69,0.229,0,BS_202412_BU04_APAC,59.96,264.24,242.59,110.28,2157.77,1224.77,0,2024,25.41,0.19974844744909992,16.04,12.36684,396.55000000000007,2554.32,1164.81,-4.589999999999918,14.63683999999992,0.015243415802074889,173.06564299999994,332.73999999999995,2517.68,0.101,0.0687401270217025,-0.03225987297829751,-81.22003700000008,3.500661176894873,Value Destroyer
FP_202501_BU04_APAC,2025-01-31,BU04,Asia Pacific,USD,123.48,76.29,23.17,9.41,10.79,0.2226,0,BS_202501_BU04_APAC,59.83,251.69,233.83,122.5,2159.15,1210.44,0,2025,24.019999999999996,0.19452542921930674,14.609999999999996,11.357813999999996,363.02,2522.17,1150.6100000000001,-33.530000000000086,43.50781400000008,0.03843242788663703,174.16756099999995,334.68999999999994,2520.620833333333,0.099,0.06909708858102087,-0.029902911418979133,-75.37390150000002,3.437837999342676,Value Destroyer
FP_202502_BU04_APAC,2025-02-28,BU04,Asia Pacific,USD,124.96,77.35,23.61,9.45,11.78,0.2254,0,BS_202502_BU04_APAC,58.75,279.16,250.25,178.02,2161.48,1202.58,0,2025,24.0,0.19206145966709348,14.55,11.27043,351.3900000000001,2512.87,1143.83,-11.629999999999882,20.57042999999988,0.007985803016858917,173.88335099999995,334.91999999999996,2524.1158333333333,0.099,0.06888881591870948,-0.03011118408129053,-76.00411650000007,3.4152334885942914,Value Destroyer
FP_202503_BU04_APAC,2025-03-31,BU04,Asia Pacific,USD,138.1,85.49,24.17,9.5,13.24,0.2243,0,BS_202503_BU04_APAC,57.17,278.88,252.64,154.94,2165.22,1203.15,0,2025,28.439999999999998,0.2059377262853005,18.939999999999998,14.691758,376.58,2541.7999999999997,1145.98,25.189999999999884,-14.238241999999884,0.01626315402163514,173.88394899999997,335.3999999999999,2527.7633333333333,0.099,0.0687896476331513,-0.0302103523668487,-76.36462100000003,3.41675611210495,Value Destroyer
FP_202504_BU04_APAC,2025-04-30,BU04,Asia Pacific,USD,138.22,85.58,24.49,9.55,13.6,0.2235,0,BS_202504_BU04_APAC,55.44,287.17,261.32,168.9,2169.27,1242.89,0,2025,28.150000000000002,0.20366083055997686,18.6,14.4429,379.59000000000003,2548.86,1187.45,3.0100000000000477,7.382899999999951,0.001739382519205801,172.91607699999994,334.67999999999995,2531.2533333333336,0.099,0.06831243428815235,-0.03068756571184765,-77.6780030000001,3.548016015298196,Value Destroyer
FP_202505_BU04_APAC,2025-05-31,BU04,Asia Pacific,USD,139.28,85.79,24.5,9.6,14.3,0.2277,0,BS_202505_BU04_APAC,54.14,283.32,254.27,142.26,2173.97,1302.64,0,2025,28.989999999999995,0.20814187248707636,19.389999999999993,14.974896999999995,395.33000000000004,2569.2999999999997,1248.5,15.740000000000009,-5.465103000000017,0.013756459713225144,172.62572199999997,334.91999999999996,2534.795833333333,0.099,0.068102416664064,-0.030897583335936007,-78.31906550000002,3.7277558820016723,Value Destroyer
FP_202506_BU04_APAC,2025-06-30,BU04,Asia Pacific,USD,139.13,85.7,24.58,9.66,13.85,0.2246,0,BS_202506_BU04_APAC,53.54,292.51,257.55,162.22,2178.16,1367.49,0,2025,28.849999999999994,0.20736002300007184,19.189999999999994,14.879925999999996,387.8399999999999,2566.0,1313.95,-7.490000000000123,18.179926000000115,0.002955594002306716,172.20477499999998,334.97999999999996,2538.4758333333334,0.099,0.06783786268072277,-0.031162137319277236,-79.10433250000003,3.9224729834616996,Value Destroyer
FP_202507_BU04_APAC,2025-07-31,BU04,Asia Pacific,USD,129.05,79.71,23.6,9.71,12.34,0.2301,0,BS_202507_BU04_APAC,53.69,266.85,236.33,111.97,2180.79,1436.44,0,2025,25.740000000000016,0.1994575745834949,16.030000000000015,12.341497000000013,391.21000000000004,2572.0,1382.75,3.3700000000001182,6.341496999999894,-0.03137431509419786,170.58574199999998,333.49,2541.8966666666665,0.099,0.06710962889915535,-0.03189037110084465,-81.06202800000003,4.146301238417943,Value Destroyer
FP_202508_BU04_APAC,2025-08-31,BU04,Asia Pacific,USD,129.64,80.03,23.88,9.75,11.79,0.2287,0,BS_202508_BU04_APAC,54.85,262.67,233.21,136.95,2182.83,1497.16,0,2025,25.729999999999986,0.19847269361308228,15.979999999999986,12.32537399999999,358.93,2541.7599999999998,1442.3100000000002,-32.28000000000003,42.56537400000002,0.007069059271343159,169.73687799999996,333.09999999999997,2544.2341666666666,0.099,0.06671433008164537,-0.03228566991835463,-82.14230450000005,4.329960972680878,Value Destroyer
FP_202509_BU04_APAC,2025-09-30,BU04,Asia Pacific,USD,147.3,90.9,24.94,9.8,13.33,0.2293,0,BS_202509_BU04_APAC,56.7,297.81,258.97,202.0,2186.36,1571.39,0,2025,31.460000000000004,0.2135777325186694,21.660000000000004,16.693362,354.78,2541.1400000000003,1514.69,-4.150000000000034,17.313362000000033,0.040033891124761745,170.09888299999997,334.27,2546.9408333333336,0.099,0.06678556516657727,-0.032214434833422734,-82.04825950000006,4.531336943189637,Value Destroyer
FP_202510_BU04_APAC,2025-10-31,BU04,Asia Pacific,USD,143.54,88.53,25.14,9.85,12.92,0.2262,0,BS_202510_BU04_APAC,58.13,287.91,254.15,149.25,2189.43,1626.14,0,2025,29.86999999999999,0.20809530444475402,20.01999999999999,15.491475999999992,392.81000000000006,2582.24,1568.01,38.030000000000086,-25.608524000000095,-0.05826007085684293,166.729174,330.58,2550.7541666666666,0.099,0.06536465809948365,-0.033635341900516355,-85.7954885,4.743208905559925,Value Destroyer
FP_202511_BU04_APAC,2025-11-30,BU04,Asia Pacific,USD,139.51,86.4,24.83,9.9,12.61,0.2262,0,BS_202511_BU04_APAC,59.45,290.4,261.26,167.7,2192.14,1645.16,0,2025,28.279999999999987,0.20270948319116902,18.37999999999999,14.222443999999992,383.96,2576.1,1585.71,-8.85000000000008,20.362444000000075,-0.00655130670084747,165.05871799999997,328.94,2552.3799999999997,0.099,0.06466855170468347,-0.034331448295316536,-87.626902,4.820666382926977,Value Destroyer
FP_202512_BU04_APAC,2025-12-31,BU04,Asia Pacific,USD,126.27,78.07,23.69,9.94,11.42,0.2243,0,BS_202512_BU04_APAC,60.03,256.42,238.09,105.06,2193.62,1634.73,0,2025,24.51,0.19410786410073655,14.570000000000002,11.301949000000002,389.45,2583.0699999999997,1574.7,5.490000000000009,4.331948999999993,-0.007389356182689988,163.99382699999998,328.03999999999996,2554.775833333333,0.099,0.06419108277927842,-0.03480891722072159,-88.92898050000002,4.80032922814291,Value Destroyer
FP_202101_BU04_EU,2021-01-31,BU04,Europe,USD,132.31,83.31,24.4,9.72,13.19,0.253,0,BS_202101_BU04_EU,62.61,281.75,252.78,150.16,2665.82,1192.85,0,2021,24.6,0.18592698964552945,14.88,11.11536,384.37,3050.19,1130.24,0.0,7.645360000000002,,,,,0.091,,,,,Not Available
FP_202102_BU04_EU,2021-02-28,BU04,Europe,USD,134.76,84.69,24.51,9.77,13.47,0.2583,0,BS_202102_BU04_EU,63.24,306.28,273.88,211.0,2669.52,1203.73,0,2021,25.55999999999999,0.18967052537845053,15.789999999999992,11.711442999999994,369.15999999999997,3038.68,1140.49,-15.210000000000036,23.22144300000003,,,,,0.091,,,,,Not Available
FP_202103_BU04_EU,2021-03-31,BU04,Europe,USD,148.33,93.67,25.25,9.82,13.72,0.2546,0,BS_202103_BU04_EU,62.92,308.14,276.37,180.04,2673.42,1213.83,0,2021,29.41000000000001,0.19827411851951735,19.59000000000001,14.60238600000001,404.47,3077.8900000000003,1150.9099999999999,35.31000000000006,-24.607614000000048,,,,,0.091,,,,,Not Available
FP_202104_BU04_EU,2021-04-30,BU04,Europe,USD,146.0,91.59,25.4,9.87,13.98,0.2541,0,BS_202104_BU04_EU,61.79,313.99,280.75,184.84,2677.53,1224.0,0,2021,29.009999999999998,0.1986986301369863,19.14,14.276526,409.9,3087.4300000000003,1162.21,5.42999999999995,4.736526000000051,,,,,0.091,,,,,Not Available
FP_202105_BU04_EU,2021-05-31,BU04,Europe,USD,148.3,93.05,25.78,9.92,13.83,0.2528,0,BS_202105_BU04_EU,59.88,307.43,274.87,165.63,2681.44,1230.89,0,2021,29.470000000000013,0.1987188132164532,19.55000000000001,14.607760000000008,416.66999999999996,3098.11,1171.01,6.769999999999982,3.927760000000026,,,,,0.091,,,,,Not Available
FP_202106_BU04_EU,2021-06-30,BU04,Europe,USD,154.53,96.99,26.23,9.98,14.07,0.2577,0,BS_202106_BU04_EU,58.27,325.3,286.98,205.44,2685.53,1238.06,0,2021,31.310000000000006,0.20261437908496735,21.330000000000005,15.833259000000004,406.84,3092.3700000000003,1179.79,-9.829999999999984,21.573258999999986,,,,,0.091,,,,,Not Available
FP_202107_BU04_EU,2021-07-31,BU04,Europe,USD,148.07,93.29,25.73,10.03,13.87,0.2564,0,BS_202107_BU04_EU,57.25,310.48,271.88,152.96,2689.37,1253.28,0,2021,29.049999999999986,0.19619099074761928,19.01999999999999,14.143271999999993,429.4,3118.77,1196.03,22.560000000000002,-12.256728000000011,,,,,0.091,,,,,Not Available
FP_202108_BU04_EU,2021-08-31,BU04,Europe,USD,141.11,88.83,25.4,10.08,13.25,0.2595,0,BS_202108_BU04_EU,56.78,300.99,261.24,152.4,2692.54,1257.56,0,2021,26.880000000000017,0.19048968889518825,16.80000000000002,12.440400000000013,409.83000000000004,3102.37,1200.78,-19.569999999999936,28.84039999999995,,,,,0.091,,,,,Not Available
FP_202109_BU04_EU,2021-09-30,BU04,Europe,USD,152.5,95.99,26.04,10.13,12.9,0.2617,0,BS_202109_BU04_EU,57.16,321.89,278.82,212.52,2695.31,1256.18,0,2021,30.470000000000006,0.19980327868852463,20.340000000000003,15.017022,388.19000000000005,3083.5,1199.02,-21.639999999999986,33.88702199999999,,,,,0.091,,,,,Not Available
FP_202110_BU04_EU,2021-10-31,BU04,Europe,USD,156.37,98.35,26.42,10.18,13.27,0.2551,0,BS_202110_BU04_EU,58.83,320.3,280.93,186.78,2698.4,1266.31,0,2021,31.60000000000001,0.20208479887446446,21.42000000000001,15.955758000000007,414.45000000000005,3112.8500000000004,1207.48,26.25999999999999,-13.394241999999984,,,,,0.091,,,,,Not Available
FP_202111_BU04_EU,2021-11-30,BU04,Europe,USD,151.11,94.87,26.02,10.23,13.3,0.2548,0,BS_202111_BU04_EU,61.07,321.34,286.66,191.89,2701.47,1273.52,0,2021,30.22000000000001,0.19998676460856335,19.99000000000001,14.896548000000006,416.11,3117.58,1212.45,1.6599999999999682,10.166548000000038,,,,,0.091,,,,,Not Available
FP_202112_BU04_EU,2021-12-31,BU04,Europe,USD,130.87,82.16,24.73,10.28,12.95,0.2556,0,BS_202112_BU04_EU,62.73,281.69,255.05,108.35,2704.14,1273.04,0,2021,23.980000000000008,0.18323527164361586,13.700000000000008,10.198280000000006,428.39,3132.5299999999997,1210.31,12.279999999999973,-4.751719999999967,,164.79801400000005,341.56000000000006,3092.689166666667,0.091,0.0532863165740064,-0.0377136834259936,-116.63670016666666,3.543476987937697,Value Destroyer
FP_202201_BU04_EU,2022-01-31,BU04,Europe,USD,130.87,82.24,24.71,10.33,13.34,0.2526,0,BS_202201_BU04_EU,64.08,276.26,251.34,149.41,2707.15,1277.63,0,2022,23.92000000000001,0.18277680140597546,13.590000000000009,10.157166000000007,378.19000000000005,3085.34,1213.5500000000002,-50.19999999999993,57.347165999999945,-0.01088353110120166,163.83982000000003,340.88000000000005,3095.6183333333333,0.098,0.05292636312293022,-0.045073636877069785,-139.53077666666667,3.560050457639052,Value Destroyer
FP_202202_BU04_EU,2022-02-28,BU04,Europe,USD,136.79,85.92,25.16,10.38,13.66,0.2576,0,BS_202202_BU04_EU,64.73,306.01,275.01,216.31,2710.43,1286.18,0,2022,25.70999999999999,0.18795233569705383,15.32999999999999,11.380991999999992,364.71,3075.14,1221.45,-13.480000000000075,21.58099200000007,0.015063817156426351,163.50936900000005,341.0300000000001,3098.6566666666663,0.098,0.05276782379891504,-0.04523217620108497,-140.15898433333325,3.581649708236811,Value Destroyer
FP_202203_BU04_EU,2022-03-31,BU04,Europe,USD,147.52,93.09,26.22,10.43,14.19,0.2555,0,BS_202203_BU04_EU,64.3,302.86,276.21,175.63,2714.19,1294.7,0,2022,28.210000000000008,0.1912283080260304,17.78000000000001,13.237210000000005,403.43999999999994,3117.63,1230.4,38.72999999999996,-29.252789999999955,-0.005460796871839868,162.14419300000003,339.83000000000004,3101.968333333333,0.098,0.05227138886545695,-0.04572861113454305,-141.8487036666666,3.620633846334932,Value Destroyer
FP_202204_BU04_EU,2022-04-30,BU04,Europe,USD,149.26,94.36,26.14,10.49,15.0,0.2561,0,BS_202204_BU04_EU,63.14,318.66,289.37,202.94,2718.7,1300.52,0,2022,28.75999999999999,0.19268390727589435,18.26999999999999,13.591052999999992,405.09,3123.79,1237.3799999999999,1.650000000000034,7.431052999999956,0.022328767123287685,161.45872000000003,339.58000000000004,3104.998333333333,0.098,0.05199961567343838,-0.04600038432656162,-142.83111666666662,3.6438541728016953,Value Destroyer
FP_202205_BU04_EU,2022-05-31,BU04,Europe,USD,150.59,95.22,26.49,10.54,14.42,0.2592,0,BS_202205_BU04_EU,61.41,313.34,283.29,169.48,2722.58,1307.24,0,2022,28.880000000000006,0.19177900258981342,18.340000000000007,13.586272000000005,427.15,3149.73,1245.83,22.060000000000002,-12.353727999999998,0.015441672285906982,160.43723200000002,338.99000000000007,3109.2999999999997,0.098,0.051599148361367524,-0.04640085163863248,-144.27416799999995,3.6751231599752194,Value Destroyer
FP_202206_BU04_EU,2022-06-30,BU04,Europe,USD,156.73,99.36,27.05,10.6,14.58,0.258,0,BS_202206_BU04_EU,59.63,330.27,297.73,213.16,2726.56,1305.99,0,2022,30.31999999999999,0.1934537102022586,19.71999999999999,14.632239999999994,414.84000000000003,3141.4,1246.36,-12.309999999999945,22.962239999999937,0.014236717789426034,159.23621300000002,338.00000000000006,3113.3858333333337,0.098,0.0511456727576596,-0.046854327242340406,-145.8755986666667,3.6874556213017744,Value Destroyer
FP_202207_BU04_EU,2022-07-31,BU04,Europe,USD,141.18,89.99,25.97,10.65,14.44,0.2578,0,BS_202207_BU04_EU,57.99,299.25,270.15,128.04,2730.35,1308.37,0,2022,25.220000000000013,0.17863720073664832,14.570000000000013,10.81385400000001,441.36,3171.71,1250.3799999999999,26.519999999999982,-19.496145999999968,-0.04653204565408242,155.90679500000005,334.17,3117.7975,0.098,0.050005426907937425,-0.04799457309206258,-149.63736,3.7417482119879097,Value Destroyer
FP_202208_BU04_EU,2022-08-31,BU04,Europe,USD,137.84,87.76,25.32,10.71,13.78,0.2582,0,BS_202208_BU04_EU,57.3,292.77,262.11,153.21,2733.42,1305.51,0,2022,24.759999999999998,0.17962855484619847,14.049999999999997,10.422289999999998,401.66999999999996,3135.09,1248.21,-39.690000000000055,47.04229000000005,-0.0231734108142585,153.88868500000004,332.05000000000007,3120.5241666666666,0.098,0.04931501144706193,-0.048684988552938076,-151.9226833333333,3.7591025447974697,Value Destroyer
FP_202209_BU04_EU,2022-09-30,BU04,Europe,USD,148.96,95.06,26.57,10.76,13.8,0.2577,0,BS_202209_BU04_EU,57.59,314.46,278.85,208.39,2736.46,1298.99,0,2022,27.330000000000005,0.18347207303974225,16.570000000000007,12.299911000000005,384.91999999999996,3121.38,1241.4,-16.75,26.009911000000006,-0.023213114754098263,151.17157400000002,328.91,3123.680833333334,0.098,0.04839533296322154,-0.04960466703677846,-154.9491476666667,3.774284758748594,Value Destroyer
FP_202210_BU04_EU,2022-10-31,BU04,Europe,USD,154.28,98.03,27.0,10.81,13.31,0.256,0,BS_202210_BU04_EU,58.79,322.44,283.49,190.89,2738.96,1298.67,0,2022,29.25,0.18959035519834067,18.439999999999998,13.719359999999998,415.0400000000001,3154.0,1239.88,30.12000000000012,-18.900640000000124,-0.013365735115431376,148.93517600000004,326.56000000000006,3127.11,0.098,0.04762709850309072,-0.05037290149690928,-157.521604,3.796790788829005,Value Destroyer
FP_202211_BU04_EU,2022-11-30,BU04,Europe,USD,144.72,92.35,26.36,10.86,13.25,0.2569,0,BS_202211_BU04_EU,60.36,313.89,285.19,180.95,2741.35,1293.62,0,2022,26.010000000000005,0.179726368159204,15.150000000000006,11.257965000000004,418.12999999999994,3159.48,1233.26,3.0899999999998613,5.777965000000144,-0.04228707564026213,145.296593,322.35,3130.601666666667,0.098,0.046411715213422765,-0.05158828478657724,-161.50237033333335,3.8258414766558086,Value Destroyer
FP_202212_BU04_EU,2022-12-31,BU04,Europe,USD,139.65,89.45,26.26,10.91,13.51,0.2567,0,BS_202212_BU04_EU,62.52,297.26,275.04,152.51,2743.95,1294.8,0,2022,23.94,0.17142857142857143,13.030000000000001,9.685199000000003,419.78999999999996,3163.74,1232.28,1.660000000000025,5.425198999999976,0.06708947810804622,144.783512,322.31,3133.2025,0.098,0.046209433319423183,-0.05179056668057682,-162.27033300000002,3.823275728336074,Value Destroyer
FP_202301_BU04_EU,2023-01-31,BU04,Europe,USD,134.84,86.57,26.05,10.96,13.38,0.2566,0,BS_202301_BU04_EU,64.06,286.81,269.15,153.27,2746.37,1302.21,0,2023,22.22000000000001,0.16478789676653818,11.260000000000009,8.370684000000008,402.69000000000005,3149.06,1238.15,-17.09999999999991,23.05068399999992,0.03033544739054017,142.99703000000002,320.61,3138.5125000000003,0.104,0.04556203934188569,-0.0584379606581143,-183.40827,3.8618570849318488,Value Destroyer
FP_202302_BU04_EU,2023-02-28,BU04,Europe,USD,138.45,89.27,26.26,11.02,14.35,0.2607,0,BS_202302_BU04_EU,64.7,318.11,296.55,229.27,2749.7,1301.48,0,2023,22.91999999999999,0.16554712892741055,11.899999999999991,8.797669999999995,385.3900000000001,3135.09,1236.78,-17.299999999999955,22.767669999999946,0.012135390013889857,140.413708,317.82,3143.508333333333,0.104,0.04466783386927028,-0.05933216613072972,-186.5111586666666,3.891447989427978,Value Destroyer
FP_202303_BU04_EU,2023-03-31,BU04,Europe,USD,153.68,99.38,27.57,11.07,14.88,0.2565,0,BS_202303_BU04_EU,64.52,324.77,303.86,197.09,2753.51,1308.06,0,2023,26.73000000000001,0.17393284747527335,15.66000000000001,11.643210000000009,431.53999999999996,3185.05,1243.54,46.149999999999864,-38.316789999999855,0.041757049891540055,138.81970800000002,316.34000000000003,3149.126666666667,0.104,0.044081970239367954,-0.05991802976063204,-188.68946533333335,3.93102358222166,Value Destroyer
FP_202304_BU04_EU,2023-04-30,BU04,Europe,USD,152.78,98.99,27.9,11.13,14.3,0.2586,0,BS_202304_BU04_EU,63.37,333.83,316.28,210.27,2756.68,1310.01,0,2023,25.890000000000008,0.16945935331849724,14.760000000000007,10.943064000000007,439.8399999999999,3196.5199999999995,1246.64,8.299999999999955,-0.5269359999999459,0.023583009513600484,136.17171900000002,313.4700000000001,3155.1875,0.104,0.04315804338094013,-0.06084195661905987,-191.96778099999997,3.976903690943311,Value Destroyer
FP_202305_BU04_EU,2023-05-31,BU04,Europe,USD,152.0,99.19,27.8,11.18,15.16,0.2559,0,BS_202305_BU04_EU,61.6,320.57,309.32,173.98,2760.66,1307.76,0,2023,25.01,0.16453947368421054,13.830000000000002,10.290903000000002,455.90999999999997,3216.5699999999997,1246.16,16.07000000000005,-9.75909700000005,0.009363171525333724,132.87635000000003,309.6,3160.7574999999997,0.104,0.042039400365260556,-0.06196059963473944,-195.84242999999995,4.025064599483204,Value Destroyer
FP_202306_BU04_EU,2023-06-30,BU04,Europe,USD,154.12,100.62,27.69,11.24,14.99,0.2569,0,BS_202306_BU04_EU,59.65,334.24,317.36,205.56,2764.41,1299.86,0,2023,25.81,0.16746690890215415,14.569999999999999,10.826966999999998,446.04,3210.45,1240.2099999999998,-9.869999999999948,16.946966999999944,-0.01665284246793841,129.07107700000003,305.09000000000003,3166.5116666666668,0.104,0.04076128263120248,-0.06323871736879752,-200.24613633333328,4.065062768363433,Value Destroyer
FP_202307_BU04_EU,2023-07-31,BU04,Europe,USD,146.16,95.41,27.04,11.3,14.54,0.2623,0,BS_202307_BU04_EU,58.41,310.24,295.45,145.12,2767.65,1301.11,0,2023,23.71,0.16221948549534757,12.41,9.154857,460.57000000000005,3228.2200000000003,1242.6999999999998,14.53000000000003,-8.615143000000028,0.035274118147046174,127.41208000000002,303.58000000000004,3171.2208333333333,0.104,0.04017761193441538,-0.06382238806558461,-202.39488666666665,4.093484419263455,Value Destroyer
FP_202308_BU04_EU,2023-08-31,BU04,Europe,USD,141.42,92.12,26.44,11.35,14.28,0.2582,0,BS_202308_BU04_EU,57.94,303.95,283.51,154.91,2770.58,1300.58,0,2023,22.85999999999998,0.16164616037335586,11.509999999999982,8.538117999999987,432.55000000000007,3203.13,1242.6399999999999,-28.019999999999982,33.628117999999965,0.02597214161346484,125.52790800000002,301.68000000000006,3176.8908333333334,0.104,0.03951281758973463,-0.06448718241026537,-204.86873866666662,4.119066560594006,Value Destroyer
FP_202309_BU04_EU,2023-09-30,BU04,Europe,USD,155.82,101.11,27.38,11.4,13.59,0.2587,0,BS_202309_BU04_EU,58.58,334.03,303.57,225.16,2772.77,1296.02,0,2023,27.329999999999995,0.1753946861763573,15.929999999999994,11.808908999999996,412.43999999999994,3185.21,1237.44,-20.110000000000127,29.728909000000126,0.046052631578947345,125.036906,301.68,3182.2099999999996,0.104,0.039292474726683665,-0.06470752527331633,-205.91293399999995,4.101829753381066,Value Destroyer
FP_202310_BU04_EU,2023-10-31,BU04,Europe,USD,157.52,101.67,27.84,11.45,13.8,0.2584,0,BS_202310_BU04_EU,59.98,329.5,299.88,183.94,2775.12,1297.15,0,2023,28.01000000000001,0.17781868969019812,16.56000000000001,12.280896000000007,445.44,3220.56,1237.17,33.00000000000006,-23.06910400000005,0.02100077780658549,123.59844200000002,300.44,3187.756666666666,0.104,0.038772859701754744,-0.06522714029824525,-207.92825133333326,4.117860471308748,Value Destroyer
FP_202311_BU04_EU,2023-11-30,BU04,Europe,USD,149.47,96.18,26.71,11.51,14.17,0.255,0,BS_202311_BU04_EU,61.98,330.13,298.92,185.57,2777.78,1296.0,0,2023,26.57999999999999,0.1778283267545326,15.069999999999991,11.227149999999993,443.47999999999996,3221.26,1234.02,-1.9600000000000364,10.527150000000029,0.03282200110558309,123.567627,301.01,3192.905,0.104,0.038700690123884045,-0.06529930987611596,-208.49449299999998,4.099598019999336,Value Destroyer
FP_202312_BU04_EU,2023-12-31,BU04,Europe,USD,143.79,92.25,26.66,11.56,13.51,0.2523,0,BS_202312_BU04_EU,64.02,311.08,282.58,150.0,2779.73,1295.82,0,2023,24.879999999999992,0.1730301133597607,13.319999999999991,9.959363999999994,443.65999999999997,3223.39,1231.8,0.18000000000000682,7.829363999999989,0.029645542427497285,123.841792,301.95,3197.875833333333,0.104,0.03872626657643316,-0.06527373342356683,-208.73729466666663,4.079483358171883,Value Destroyer
FP_202401_BU04_EU,2024-01-31,BU04,Europe,USD,136.76,87.64,26.22,11.61,13.81,0.252,0,BS_202401_BU04_EU,65.52,296.21,270.41,147.86,2781.93,1306.07,0,2024,22.89999999999999,0.16744662181924536,11.289999999999992,8.444919999999994,418.76,3200.6899999999996,1240.55,-24.899999999999977,31.14491999999997,0.014239098190447885,123.91602799999998,302.62999999999994,3202.1783333333333,0.101,0.03869741629005671,-0.06230258370994329,-199.50398366666673,4.099230082939564,Value Destroyer
FP_202402_BU04_EU,2024-02-29,BU04,Europe,USD,143.39,91.02,26.45,11.66,14.11,0.2537,0,BS_202402_BU04_EU,66.29,319.12,288.64,211.85,2784.38,1315.25,0,2024,25.91999999999999,0.18076574377571653,14.259999999999991,10.642237999999992,395.90999999999997,3180.29,1248.96,-22.850000000000023,31.042238000000015,0.03568075117370895,125.76059599999998,305.63,3205.945,0.101,0.03922730926450702,-0.061772690735492984,-198.03984900000006,4.086509832149986,Value Destroyer
FP_202403_BU04_EU,2024-03-31,BU04,Europe,USD,150.87,95.91,27.21,11.72,14.86,0.259,0,BS_202403_BU04_EU,65.77,316.71,288.43,180.18,2787.52,1324.34,0,2024,27.750000000000007,0.18393318751242796,16.03000000000001,11.878230000000006,424.96,3212.48,1258.57,29.05000000000001,-20.311770000000003,-0.01828474752732956,125.99561599999998,306.65,3208.230833333333,0.101,0.03927261551472943,-0.06172738448527058,-198.0356981666667,4.104255666068808,Value Destroyer
FP_202404_BU04_EU,2024-04-30,BU04,Europe,USD,155.44,98.0,27.23,11.78,14.92,0.2584,0,BS_202404_BU04_EU,64.56,336.38,303.27,213.92,2790.66,1333.47,0,2024,30.209999999999997,0.19435151827071537,18.43,13.667688,425.73,3216.39,1268.91,0.7700000000000387,9.75768799999996,0.017410655845005785,128.72023999999996,310.9699999999999,3209.8866666666668,0.101,0.040101179065512166,-0.06089882093448784,-195.47831333333338,4.080490079428885,Value Destroyer
FP_202405_BU04_EU,2024-05-31,BU04,Europe,USD,161.66,101.83,28.48,11.83,15.56,0.2591,0,BS_202405_BU04_EU,63.05,333.46,304.26,191.7,2794.39,1347.73,0,2024,31.349999999999998,0.19392552270196708,19.519999999999996,14.462367999999998,446.02000000000004,3240.41,1284.68,20.29000000000002,-9.557632000000025,0.06355263157894742,132.89170499999994,317.30999999999995,3211.8733333333334,0.101,0.04137513880788157,-0.059624861192118433,-191.50750166666677,4.048659040055467,Value Destroyer
FP_202406_BU04_EU,2024-06-30,BU04,Europe,USD,159.82,100.51,27.84,11.89,14.9,0.2598,0,BS_202406_BU04_EU,61.34,340.96,308.02,199.94,2797.4,1357.21,0,2024,31.469999999999988,0.1969090226504817,19.579999999999988,14.49311599999999,449.04,3246.44,1295.8700000000001,3.019999999999982,8.463116000000008,0.03698416818063843,136.55785399999996,322.9699999999999,3214.8725,0.101,0.042476911292749546,-0.05852308870725046,-188.14426850000007,4.0123540886150435,Value Destroyer
FP_202407_BU04_EU,2024-07-31,BU04,Europe,USD,154.38,97.15,27.6,11.95,15.18,0.2571,0,BS_202407_BU04_EU,60.16,319.04,290.8,155.45,2800.63,1373.14,0,2024,29.62999999999999,0.19192900634797247,17.67999999999999,13.134471999999992,454.39000000000004,3255.02,1312.98,5.350000000000023,4.5544719999999685,0.05623973727422005,140.53746899999996,328.88999999999993,3217.105833333333,0.101,0.04368444069941745,-0.057315559300582554,-184.3902201666667,3.9921554319073254,Value Destroyer
FP_202408_BU04_EU,2024-08-31,BU04,Europe,USD,145.67,91.73,26.66,12.0,14.56,0.2565,0,BS_202408_BU04_EU,59.7,302.85,273.98,146.27,2803.19,1386.89,0,2024,27.279999999999983,0.18727260245760957,15.279999999999983,11.360679999999988,430.56000000000006,3233.75,1327.19,-23.829999999999984,32.63067999999997,0.030052326403620322,143.36003099999994,333.3099999999999,3219.6575,0.101,0.04452648488232054,-0.056473515117679465,-181.82537650000006,3.9818487294110603,Value Destroyer
FP_202409_BU04_EU,2024-09-30,BU04,Europe,USD,160.35,101.52,27.86,12.06,13.73,0.2579,0,BS_202409_BU04_EU,60.27,330.98,294.75,225.29,2804.86,1390.39,0,2024,30.97,0.19314000623635796,18.909999999999997,14.033110999999996,400.44000000000005,3205.3,1330.1200000000001,-30.120000000000005,42.483111,0.029072006160955066,145.58423299999993,336.94999999999993,3221.331666666667,0.101,0.04519380432212555,-0.055806195677874454,-179.77026533333344,3.9475293070188466,Value Destroyer
FP_202410_BU04_EU,2024-10-31,BU04,Europe,USD,169.13,106.41,28.26,12.11,13.73,0.2578,0,BS_202410_BU04_EU,61.91,342.71,300.77,206.5,2806.48,1409.5,0,2024,34.459999999999994,0.20374859575474483,22.349999999999994,16.588169999999995,436.98,3243.46,1347.59,36.539999999999964,-21.57182999999997,0.07370492635855763,149.89150699999993,343.3999999999999,3223.2400000000002,0.101,0.0465033652473908,-0.054496634752609206,-175.6557330000001,3.924257425742575,Value Destroyer
FP_202411_BU04_EU,2024-11-30,BU04,Europe,USD,159.05,100.56,28.36,12.16,13.8,0.2599,0,BS_202411_BU04_EU,63.9,339.38,304.61,199.12,2808.12,1419.45,0,2024,30.13000000000001,0.18943728387299597,17.97000000000001,13.299597000000007,444.87,3252.99,1355.55,7.889999999999986,3.7695970000000223,0.06409312905599784,151.96395399999997,346.94999999999993,3225.8841666666667,0.101,0.0471076908372149,-0.053892309162785104,-173.85034683333336,3.9070471249459584,Value Destroyer
FP_202412_BU04_EU,2024-12-31,BU04,Europe,USD,142.33,90.08,27.11,12.21,13.74,0.2577,0,BS_202412_BU04_EU,65.42,306.63,280.57,133.45,2809.65,1426.7,0,2024,25.140000000000015,0.1766317712358604,12.930000000000014,9.597939000000009,453.75000000000006,3263.4,1361.28,8.880000000000052,-0.8120610000000408,-0.010153696362751097,151.60252899999998,347.21,3229.2183333333337,0.101,0.04694712879432637,-0.05405287120567363,-174.54852266666674,3.9206244059790905,Value Destroyer
FP_202501_BU04_EU,2025-01-31,BU04,Europe,USD,137.11,86.94,26.84,12.27,14.05,0.2543,0,BS_202501_BU04_EU,66.4,292.92,274.79,153.34,2811.43,1408.58,0,2025,23.330000000000016,0.17015534971920365,11.060000000000016,8.247442000000012,414.37,3225.7999999999997,1342.1799999999998,-39.38000000000005,45.84744200000006,0.0025592278443991034,151.405051,347.64,3231.310833333333,0.099,0.04685561334370752,-0.05214438665629249,-168.4947215,3.860833045679438,Value Destroyer
FP_202502_BU04_EU,2025-02-28,BU04,Europe,USD,139.61,88.85,27.6,12.32,14.03,0.2621,0,BS_202502_BU04_EU,66.29,321.85,302.68,226.81,2813.14,1394.21,0,2025,23.160000000000018,0.1658906955089178,10.840000000000018,7.998836000000013,397.71999999999997,3210.8599999999997,1327.92,-16.650000000000034,22.938836000000045,-0.026361670967291806,148.761649,344.88,3233.858333333333,0.099,0.046001288141358496,-0.05299871185864151,-171.390326,3.850382741823243,Value Destroyer
FP_202503_BU04_EU,2025-03-31,BU04,Europe,USD,151.65,96.86,28.47,12.37,14.93,0.2578,0,BS_202503_BU04_EU,65.3,325.52,311.74,192.75,2815.7,1395.66,0,2025,26.320000000000007,0.17355753379492256,13.950000000000008,10.353690000000006,444.51,3260.21,1330.3600000000001,46.79000000000002,-38.996310000000015,0.0051700139192683014,147.237109,343.45000000000005,3237.835833333333,0.099,0.04547392659139863,-0.053526073408601375,-173.3086385,3.873518707235405,Value Destroyer
FP_202504_BU04_EU,2025-04-30,BU04,Europe,USD,146.32,93.8,28.23,12.43,14.06,0.2561,0,BS_202504_BU04_EU,63.08,334.7,324.41,200.04,2817.33,1435.5,0,2025,24.289999999999996,0.16600601421541825,11.859999999999996,8.822653999999996,459.07000000000005,3276.4,1372.42,14.56000000000006,-7.3673460000000635,-0.05867215645908397,142.39207499999998,337.53000000000003,3242.8366666666666,0.099,0.04390972769725271,-0.055090272302747295,-178.64875500000005,4.0660682013450655,Value Destroyer
FP_202505_BU04_EU,2025-05-31,BU04,Europe,USD,145.99,93.85,29.06,12.48,14.9,0.2602,0,BS_202505_BU04_EU,60.17,326.85,322.6,171.53,2819.75,1488.55,0,2025,23.080000000000016,0.1580930200698679,10.600000000000016,7.841880000000011,477.9200000000001,3297.67,1428.3799999999999,18.850000000000023,-13.428120000000012,-0.09693183224050472,135.771587,329.26000000000005,3247.608333333333,0.099,0.04180663832102086,-0.05719336167897914,-185.74163799999997,4.338152220129987,Value Destroyer
FP_202506_BU04_EU,2025-06-30,BU04,Europe,USD,140.78,90.78,28.93,12.54,14.14,0.2603,0,BS_202506_BU04_EU,57.23,331.18,325.58,179.22,2821.35,1544.4,0,2025,21.07,0.1496661457593408,8.530000000000001,6.309641000000001,477.53999999999996,3298.89,1487.17,-0.38000000000010914,5.089641000000107,-0.11913402577900134,127.58811200000002,318.86000000000007,3251.9791666666665,0.099,0.03923398812261764,-0.05976601187738236,-194.3578255,4.664021827761399,Value Destroyer
FP_202507_BU04_EU,2025-07-31,BU04,Europe,USD,121.95,78.96,27.04,12.59,13.28,0.2594,0,BS_202507_BU04_EU,54.44,289.12,288.83,101.18,2822.04,1596.49,0,2025,15.95000000000001,0.13079130791307922,3.36000000000001,2.488416000000007,476.77000000000004,3298.81,1542.05,-0.769999999999925,2.5684159999999334,-0.21006607073455108,116.94205600000005,305.18000000000006,3255.6283333333336,0.099,0.035919965065627384,-0.06308003493437261,-205.36514899999997,5.052919588439608,Value Destroyer
FP_202508_BU04_EU,2025-08-31,BU04,Europe,USD,118.1,76.7,27.33,12.64,13.03,0.2582,0,BS_202508_BU04_EU,52.73,281.1,277.08,126.42,2822.43,1634.9,0,2025,14.069999999999993,0.11913632514817946,1.4299999999999926,1.0607739999999946,431.76000000000005,3254.19,1582.17,-45.00999999999999,45.680773999999985,-0.18926340358344196,106.64215000000006,291.9700000000001,3257.3316666666665,0.099,0.03273911314936205,-0.06626088685063795,-215.83368499999995,5.418947152104667,Value Destroyer
FP_202509_BU04_EU,2025-09-30,BU04,Europe,USD,132.16,85.35,28.53,12.69,12.95,0.2588,0,BS_202509_BU04_EU,52.02,313.28,298.6,197.11,2822.69,1679.52,0,2025,18.28,0.13831719128329298,5.590000000000002,4.143308000000002,414.77,3237.46,1627.5,-16.990000000000066,20.87330800000007,-0.1758029310882444,96.75234700000004,279.2800000000001,3260.0116666666668,0.099,0.029678527837579325,-0.06932147216242068,-225.988808,5.82748496132913,Value Destroyer
FP_202510_BU04_EU,2025-10-31,BU04,Europe,USD,130.71,84.45,28.82,12.74,12.26,0.2589,0,BS_202510_BU04_EU,51.9,307.05,292.67,149.15,2822.21,1704.93,0,2025,17.440000000000005,0.13342513962206415,4.700000000000005,3.4831700000000034,450.57000000000005,3272.78,1653.03,35.80000000000007,-31.836830000000063,-0.22716253769289885,83.64734700000007,262.2600000000001,3262.455,0.099,0.02563938720993855,-0.07336061279006145,-239.33569799999992,6.303019903912146,Value Destroyer
FP_202511_BU04_EU,2025-11-30,BU04,Europe,USD,120.46,77.92,27.57,12.78,12.3,0.257,0,BS_202511_BU04_EU,52.25,295.47,285.96,140.35,2821.73,1693.32,0,2025,14.969999999999992,0.12427361779843925,2.1899999999999924,1.6271699999999942,441.08000000000004,3262.81,1641.07,-9.490000000000009,11.597170000000002,-0.24262810436969517,71.97492000000005,247.10000000000005,3263.273333333333,0.099,0.022056050060164558,-0.07694394993983544,-251.08913999999993,6.641319303925535,Value Destroyer
FP_202512_BU04_EU,2025-12-31,BU04,Europe,USD,113.11,73.23,26.63,12.83,12.37,0.2561,0,BS_202512_BU04_EU,52.87,274.72,264.73,106.65,2821.27,1652.51,0,2025,13.249999999999996,0.11714260454424893,0.4199999999999964,0.31243799999999733,432.80000000000007,3254.07,1599.64,-8.279999999999973,9.05243799999997,-0.20529754795194277,62.689419000000036,235.21000000000004,3262.495833333333,0.099,0.019215172126656625,-0.07978482787334337,-260.29766849999993,6.800901322222694,Value Destroyer
FP_202101_BU04_LATAM,2021-01-31,BU04,Latin America,USD,46.14,29.39,8.59,3.02,4.22,0.2702,0,BS_202101_BU04_LATAM,20.73,103.23,87.77,52.22,827.0,390.77,0,2021,8.16,0.17685305591677503,5.140000000000001,3.7511720000000004,138.78,965.78,370.03999999999996,0.0,2.551172,,,,,0.091,,,,,Not Available
FP_202102_BU04_LATAM,2021-02-28,BU04,Latin America,USD,47.29,29.94,8.67,3.03,4.31,0.2718,0,BS_202102_BU04_LATAM,20.17,113.58,93.84,73.36,828.28,394.59,0,2021,8.679999999999998,0.18354831888348483,5.649999999999999,4.114329999999999,134.06,962.3399999999999,374.41999999999996,-4.719999999999999,7.5543299999999975,,,,,0.091,,,,,Not Available
FP_202103_BU04_LATAM,2021-03-31,BU04,Latin America,USD,51.99,33.06,9.01,3.05,4.93,0.2739,0,BS_202103_BU04_LATAM,19.76,113.67,94.05,63.3,830.16,398.47,0,2021,9.92,0.1908059242161954,6.87,4.988307,144.42000000000002,974.5799999999999,378.71000000000004,10.360000000000014,-7.251693000000014,,,,,0.091,,,,,Not Available
FP_202104_BU04_LATAM,2021-04-30,BU04,Latin America,USD,53.14,33.55,9.02,3.07,5.33,0.2707,0,BS_202104_BU04_LATAM,19.62,119.87,98.38,72.82,832.42,402.56,0,2021,10.570000000000004,0.1989085434700791,7.5000000000000036,5.469750000000003,145.43,977.8499999999999,382.94,1.009999999999991,2.1997500000000123,,,,,0.091,,,,,Not Available
FP_202105_BU04_LATAM,2021-05-31,BU04,Latin America,USD,55.44,35.02,9.34,3.09,5.51,0.2694,0,BS_202105_BU04_LATAM,19.81,121.7,99.75,68.92,834.84,407.63,0,2021,11.079999999999995,0.19985569985569976,7.989999999999995,5.837493999999997,152.52999999999997,987.37,387.82,7.099999999999966,-3.68250599999997,,,,,0.091,,,,,Not Available
FP_202106_BU04_LATAM,2021-06-30,BU04,Latin America,USD,54.77,34.57,9.29,3.11,5.49,0.2658,0,BS_202106_BU04_LATAM,20.32,123.87,102.56,72.42,837.22,411.87,0,2021,10.910000000000004,0.1991966404966223,7.800000000000004,5.726760000000003,154.01,991.23,391.55,1.4800000000000182,1.866759999999985,,,,,0.091,,,,,Not Available
FP_202107_BU04_LATAM,2021-07-31,BU04,Latin America,USD,50.14,31.69,8.85,3.13,4.99,0.2719,0,BS_202107_BU04_LATAM,21.05,113.17,95.32,49.86,839.08,416.16,0,2021,9.6,0.19146390107698444,6.47,4.710807,158.63,997.71,395.11,4.6200000000000045,-1.769193000000005,,,,,0.091,,,,,Not Available
FP_202108_BU04_LATAM,2021-08-31,BU04,Latin America,USD,47.76,30.17,8.5,3.15,4.58,0.2702,0,BS_202108_BU04_LATAM,21.67,108.68,91.77,52.83,840.51,416.24,0,2021,9.089999999999996,0.19032663316582907,5.939999999999996,4.335011999999997,147.62,988.13,394.57,-11.009999999999991,13.915011999999988,,,,,0.091,,,,,Not Available
FP_202109_BU04_LATAM,2021-09-30,BU04,Latin America,USD,53.66,33.81,8.98,3.17,4.88,0.2695,0,BS_202109_BU04_LATAM,22.22,118.71,100.87,80.3,842.22,416.68,1,2021,10.869999999999994,0.20257174804323508,7.699999999999994,5.624849999999995,139.27999999999997,981.5,394.46000000000004,-8.340000000000032,12.254850000000026,,,,,0.091,,,,,Not Available
FP_202110_BU04_LATAM,2021-10-31,BU04,Latin America,USD,50.28,31.67,8.94,3.18,4.59,0.269,0,BS_202110_BU04_LATAM,22.49,109.49,95.61,51.99,843.63,419.54,0,2021,9.67,0.19232299124900556,6.49,4.74419,153.10999999999999,996.74,397.05,13.830000000000013,-10.495810000000013,,,,,0.091,,,,,Not Available
FP_202111_BU04_LATAM,2021-11-30,BU04,Latin America,USD,51.98,32.83,9.18,3.2,4.73,0.2681,0,BS_202111_BU04_LATAM,22.53,117.51,101.28,73.43,845.16,419.32,0,2021,9.969999999999999,0.1918045402077722,6.769999999999999,4.954962999999999,145.36,990.52,396.78999999999996,-7.749999999999972,11.17496299999997,,,,,0.091,,,,,Not Available
FP_202112_BU04_LATAM,2021-12-31,BU04,Latin America,USD,47.35,29.95,8.75,3.22,4.29,0.2735,0,BS_202112_BU04_LATAM,22.14,107.82,91.77,43.28,846.23,421.68,0,2021,8.650000000000002,0.18268215417106656,5.4300000000000015,3.9448950000000007,156.30999999999997,1002.54,399.54,10.94999999999996,-8.075104999999958,,58.202529999999996,117.16999999999999,984.6908333333332,0.091,0.05910741527162925,-0.03189258472837075,-31.40433583333332,3.409917214304003,Value Destroyer
FP_202201_BU04_LATAM,2022-01-31,BU04,Latin America,USD,46.42,29.35,8.67,3.23,4.1,0.2734,0,BS_202201_BU04_LATAM,21.54,106.25,89.05,52.76,847.1,424.48,0,2022,8.4,0.1809564842740198,5.17,3.756522,142.54000000000002,989.6400000000001,402.94,-13.769999999999953,16.656521999999953,0.006068487212830487,58.207879999999996,117.41,986.6791666666667,0.098,0.05899372558624679,-0.03900627441375321,-38.48667833333334,3.431905289157653,Value Destroyer
FP_202202_BU04_LATAM,2022-02-28,BU04,Latin America,USD,48.01,30.33,8.73,3.25,4.4,0.2716,0,BS_202202_BU04_LATAM,20.9,115.28,95.46,74.75,848.25,427.2,0,2022,8.95,0.18641949593834617,5.699999999999999,4.151879999999999,135.99,984.24,406.3,-6.550000000000011,9.551880000000011,0.015225206174666939,58.24542999999999,117.67999999999999,988.5041666666667,0.098,0.05892279664982021,-0.03907720335017979,-38.62797833333335,3.452583276682529,Value Destroyer
FP_202203_BU04_LATAM,2022-03-31,BU04,Latin America,USD,51.61,32.62,9.17,3.27,4.92,0.2664,0,BS_202203_BU04_LATAM,20.36,114.0,93.9,60.01,849.9,430.46,0,2022,9.820000000000002,0.19027320286766136,6.5500000000000025,4.805080000000002,147.89000000000001,997.79,410.09999999999997,11.900000000000006,-8.744920000000004,-0.007309097903443029,58.062203,117.57999999999998,990.4383333333334,0.098,0.058622734041998234,-0.03937726595800177,-39.00075366666668,3.4878380676985885,Value Destroyer
FP_202204_BU04_LATAM,2022-04-30,BU04,Latin America,USD,51.91,33.19,9.07,3.29,5.16,0.2708,0,BS_202204_BU04_LATAM,20.06,118.06,98.1,72.0,851.77,429.98,0,2022,9.649999999999999,0.18589867077634364,6.3599999999999985,4.637712,144.16,995.93,409.92,-3.730000000000018,6.497712000000018,-0.023146405720737784,57.23016499999999,116.66,991.945,0.098,0.057694897398545275,-0.04030510260145473,-39.98044500000001,3.513800788616493,Value Destroyer
FP_202205_BU04_LATAM,2022-05-31,BU04,Latin America,USD,52.67,33.64,9.15,3.31,5.11,0.2691,0,BS_202205_BU04_LATAM,20.05,116.14,96.85,62.19,853.57,430.33,0,2022,9.88,0.187583064363015,6.57,4.8020130000000005,150.8,1004.3700000000001,410.28,6.640000000000015,-3.637987000000014,-0.04996392496392488,56.194683999999995,115.46,993.3616666666667,0.098,0.05657021595021618,-0.04142978404978383,-41.154759333333345,3.5534384202321148,Value Destroyer
FP_202206_BU04_LATAM,2022-06-30,BU04,Latin America,USD,53.15,33.88,9.35,3.33,5.19,0.2745,0,BS_202206_BU04_LATAM,20.39,120.4,100.6,72.49,855.43,429.17,0,2022,9.919999999999996,0.18664158043273746,6.589999999999996,4.781044999999997,148.51,1003.9399999999999,408.78000000000003,-2.2900000000000205,5.211045000000017,-0.029578236260726753,55.24896899999999,114.46999999999998,994.4208333333332,0.098,0.055558941594981995,-0.04244105840501801,-42.20427266666667,3.571066655018783,Value Destroyer
FP_202207_BU04_LATAM,2022-07-31,BU04,Latin America,USD,48.64,31.09,8.98,3.34,4.66,0.2748,0,BS_202207_BU04_LATAM,20.94,110.13,93.46,48.82,856.75,429.85,0,2022,8.57,0.17619243421052633,5.23,3.7927960000000005,154.76999999999998,1011.52,408.91,6.259999999999991,-3.7872039999999902,-0.029916234543278852,54.33095799999999,113.43999999999998,995.5716666666666,0.098,0.05457262376892338,-0.04342737623107663,-43.235065333333345,3.6046368124118486,Value Destroyer
FP_202208_BU04_LATAM,2022-08-31,BU04,Latin America,USD,49.46,31.55,9.1,3.36,4.63,0.2697,0,BS_202208_BU04_LATAM,21.65,111.34,94.68,62.42,858.02,430.07,0,2022,8.81,0.17812373635260817,5.450000000000001,3.9801350000000006,143.60000000000002,1001.62,408.42,-11.169999999999959,13.88013499999996,0.03559463986599676,53.97608099999999,113.16,996.6958333333333,0.098,0.05415501820598895,-0.043844981794011056,-43.700110666666674,3.6092258748674446,Value Destroyer
FP_202209_BU04_LATAM,2022-09-30,BU04,Latin America,USD,55.38,35.57,9.61,3.38,5.07,0.2726,0,BS_202209_BU04_LATAM,22.24,123.79,106.08,87.52,859.71,429.69,0,2022,10.200000000000003,0.1841820151679307,6.820000000000003,4.960868000000002,142.35000000000002,1002.0600000000001,407.45,-1.25,4.520868000000002,0.03205367126351111,53.312098999999996,112.49,998.4091666666667,0.098,0.05339704479876737,-0.044602955201232634,-44.53199933333334,3.622099742199307,Value Destroyer
FP_202210_BU04_LATAM,2022-10-31,BU04,Latin America,USD,54.07,34.72,9.47,3.4,4.86,0.2733,0,BS_202210_BU04_LATAM,22.64,120.91,105.1,64.9,861.17,433.53,0,2022,9.88,0.18272609580173851,6.48,4.709016,161.10999999999999,1022.28,410.89,18.759999999999962,-15.510983999999961,0.07537788385043753,53.276925000000006,112.69999999999999,1000.5375,0.098,0.05324830403658034,-0.044751695963419665,-44.77575,3.645874001774623,Value Destroyer
FP_202211_BU04_LATAM,2022-11-30,BU04,Latin America,USD,51.09,32.68,9.22,3.42,4.73,0.2744,0,BS_202211_BU04_LATAM,22.53,119.8,105.1,64.81,862.48,432.7,0,2022,9.190000000000003,0.17987864552750055,5.770000000000003,4.186712000000003,160.08999999999997,1022.5699999999999,410.16999999999996,-1.0200000000000102,3.8967120000000124,-0.017121969988456942,52.508674000000006,111.92,1003.2083333333334,0.098,0.05234074743531171,-0.045659252564688294,-45.80574266666667,3.6648498927805573,Value Destroyer
FP_202212_BU04_LATAM,2022-12-31,BU04,Latin America,USD,49.23,31.79,9.18,3.43,4.34,0.271,0,BS_202212_BU04_LATAM,22.2,112.52,99.74,52.83,863.39,432.15,0,2022,8.259999999999998,0.16778387162299407,4.829999999999998,3.5210699999999986,159.43,1022.8199999999999,409.95,-0.6599999999999682,3.271069999999967,0.03970432946145719,52.084849,111.53,1004.8983333333334,0.098,0.051830963662990774,-0.04616903633700923,-46.39518766666668,3.6756926387519053,Value Destroyer
FP_202301_BU04_LATAM,2023-01-31,BU04,Latin America,USD,46.79,30.34,8.92,3.45,4.25,0.2737,0,BS_202301_BU04_LATAM,21.6,106.51,95.1,50.92,864.19,433.26,0,2023,7.529999999999999,0.1609318230391109,4.079999999999999,2.963303999999999,150.69,1014.8800000000001,411.65999999999997,-8.740000000000009,10.90330400000001,0.007970702283498499,51.291631,110.66,1007.0016666666667,0.104,0.05093500110062711,-0.053064998899372884,-53.43654233333333,3.7200433761069944,Value Destroyer
FP_202302_BU04_LATAM,2023-02-28,BU04,Latin America,USD,50.38,32.87,9.25,3.47,4.75,0.2761,0,BS_202302_BU04_LATAM,21.02,122.88,106.74,88.73,865.47,432.51,0,2023,8.260000000000005,0.16395394998015095,4.7900000000000045,3.4674810000000034,140.89,1006.36,411.49,-9.800000000000011,11.987481000000015,0.04936471568423251,50.60723200000001,109.97,1008.8449999999999,0.104,0.05016353552825262,-0.05383646447174738,-54.31264799999998,3.7418386832772574,Value Destroyer
FP_202303_BU04_LATAM,2023-03-31,BU04,Latin America,USD,54.1,35.47,9.73,3.49,5.16,0.2739,0,BS_202303_BU04_LATAM,20.57,120.35,105.8,65.79,867.14,434.97,0,2023,8.900000000000002,0.16451016635859522,5.410000000000002,3.9282010000000014,160.35999999999996,1027.5,414.40000000000003,19.46999999999997,-17.21179899999997,0.04824646386359244,49.73035300000001,109.05000000000001,1011.3208333333333,0.104,0.04917366612145009,-0.054826333878549904,-55.44701366666665,3.800091701054562,Value Destroyer
FP_202304_BU04_LATAM,2023-04-30,BU04,Latin America,USD,53.93,35.32,9.74,3.51,5.29,0.2733,0,BS_202304_BU04_LATAM,20.37,125.5,109.46,75.23,868.92,435.32,0,2023,8.87,0.1644724643055813,5.359999999999999,3.8951119999999997,159.72999999999996,1028.6499999999999,414.95,-0.6299999999999955,2.7451119999999944,0.03891350414178385,48.987753000000005,108.27000000000001,1014.0475,0.104,0.048309130489449466,-0.05569086951055053,-56.47318699999999,3.8325482589821736,Value Destroyer
FP_202305_BU04_LATAM,2023-05-31,BU04,Latin America,USD,53.89,35.38,9.76,3.53,5.48,0.2704,0,BS_202305_BU04_LATAM,20.5,121.37,106.65,62.9,870.87,435.02,0,2023,8.749999999999998,0.1623677862312117,5.219999999999999,3.8085119999999995,165.12,1035.99,414.52,5.390000000000043,-3.531488000000044,0.02316309094361113,47.994252,107.14000000000001,1016.6824999999999,0.104,0.047206725796893334,-0.05679327420310666,-57.740727999999976,3.8689565055068127,Value Destroyer
FP_202306_BU04_LATAM,2023-06-30,BU04,Latin America,USD,53.83,35.23,9.73,3.55,5.39,0.2749,0,BS_202306_BU04_LATAM,20.92,125.45,108.9,72.84,872.71,433.29,0,2023,8.870000000000001,0.16477800483002045,5.320000000000001,3.8575320000000013,161.51000000000002,1034.22,412.37,-3.609999999999985,5.627531999999987,0.01279397930385695,47.07073900000001,106.09,1019.2058333333334,0.104,0.04618374175317875,-0.057816258246821246,-58.92666766666667,3.886982750494863,Value Destroyer
FP_202307_BU04_LATAM,2023-07-31,BU04,Latin America,USD,52.52,34.33,9.64,3.57,5.06,0.2715,0,BS_202307_BU04_LATAM,21.68,118.68,104.73,58.91,874.2,434.29,0,2023,8.550000000000004,0.16279512566641285,4.980000000000004,3.6279300000000023,164.50000000000003,1038.7,412.61,2.990000000000009,-0.8520700000000065,0.07976973684210531,46.905873000000014,106.07000000000002,1021.4708333333334,0.104,0.04591993375565464,-0.058080066244345356,-59.327093666666656,3.889978316206278,Value Destroyer
FP_202308_BU04_LATAM,2023-08-31,BU04,Latin America,USD,51.56,33.66,9.55,3.59,4.87,0.268,0,BS_202308_BU04_LATAM,22.43,117.06,103.55,62.36,875.48,435.13,0,2023,8.350000000000005,0.16194724592707535,4.760000000000005,3.484320000000004,158.25,1033.73,412.7,-6.250000000000028,8.454320000000031,0.04245855236554785,46.410058000000014,105.61000000000001,1024.1466666666668,0.104,0.0453158317168114,-0.05868416828318859,-60.10119533333333,3.9077738850487638,Value Destroyer
FP_202309_BU04_LATAM,2023-09-30,BU04,Latin America,USD,55.64,36.44,9.75,3.6,5.0,0.2726,0,BS_202309_BU04_LATAM,22.98,126.53,196.35,84.68,876.88,432.93,1,2023,9.450000000000003,0.16984184040258812,5.850000000000003,4.255290000000002,238.2,1115.08,409.95,79.94999999999999,-77.09470999999999,0.0046948356807512415,45.70448000000002,104.86000000000001,1033.565,0.104,0.04422022804564785,-0.05977977195435215,-61.78627999999998,3.9094983787907682,Value Destroyer
FP_202310_BU04_LATAM,2023-10-31,BU04,Latin America,USD,54.22,35.2,9.73,3.62,4.89,0.2686,0,BS_202310_BU04_LATAM,23.26,121.41,108.72,61.61,878.15,433.91,0,2023,9.289999999999996,0.1713389893028402,5.6699999999999955,4.147037999999997,168.51999999999998,1046.67,410.65000000000003,-69.68,72.557038,0.002774181616423066,45.14250200000001,104.27000000000002,1035.5975,0.104,0.04359077923614146,-0.06040922076385854,-62.55963799999999,3.9383331734918956,Value Destroyer
FP_202311_BU04_LATAM,2023-11-30,BU04,Latin America,USD,53.52,34.07,9.57,3.64,4.6,0.2721,0,BS_202311_BU04_LATAM,23.26,123.26,110.81,71.08,879.11,432.4,0,2023,9.880000000000003,0.1846038863976084,6.240000000000002,4.542096000000002,162.99,1042.1,409.14,-5.529999999999973,9.112095999999974,0.04756312389900175,45.49788600000001,104.96000000000001,1037.2250000000001,0.104,0.04386501096676228,-0.06013498903323772,-62.373514,3.898056402439024,Value Destroyer
FP_202312_BU04_LATAM,2023-12-31,BU04,Latin America,USD,51.14,32.94,9.41,3.66,4.6,0.2683,0,BS_202312_BU04_LATAM,22.92,114.84,103.46,51.53,880.05,433.64,0,2023,8.790000000000003,0.17188111067657416,5.130000000000003,3.753621000000002,166.77,1046.82,410.71999999999997,3.780000000000001,-0.9663789999999981,0.03879748121064397,45.730437000000016,105.49000000000002,1039.2250000000001,0.104,0.04400436575332581,-0.05999563424667419,-62.34896299999999,3.893449616077352,Value Destroyer
FP_202401_BU04_LATAM,2024-01-31,BU04,Latin America,USD,49.23,31.5,9.36,3.68,4.4,0.2752,0,BS_202401_BU04_LATAM,22.38,110.76,98.53,52.59,880.77,437.62,0,2024,8.369999999999997,0.17001828153564896,4.689999999999998,3.3993119999999983,156.70000000000002,1037.47,415.24,-10.069999999999993,12.74931199999999,0.052147894849326804,46.16644500000002,106.33000000000001,1041.1074999999998,0.101,0.0443435908395627,-0.05665640916043731,-58.985412499999974,3.9052007899934162,Value Destroyer
FP_202402_BU04_LATAM,2024-02-29,BU04,Latin America,USD,51.26,32.79,9.42,3.69,4.92,0.2738,0,BS_202402_BU04_LATAM,21.72,118.69,103.54,74.19,882.0,440.05,0,2024,9.049999999999999,0.17655091689426453,5.359999999999999,3.8924319999999994,148.04000000000002,1030.04,418.33000000000004,-8.659999999999997,11.322431999999996,0.017467248908296762,46.59139600000001,107.12000000000002,1043.0808333333334,0.101,0.0446671001048976,-0.05633289989510241,-58.75976816666667,3.9052464525765496,Value Destroyer
FP_202403_BU04_LATAM,2024-03-31,BU04,Latin America,USD,55.15,35.27,9.65,3.71,5.38,0.2713,0,BS_202403_BU04_LATAM,21.21,121.62,103.41,66.98,883.67,445.08,0,2024,10.229999999999995,0.18549410698096094,6.519999999999995,4.751123999999996,158.05,1041.72,423.87,10.009999999999991,-6.9288759999999945,0.019408502772643166,47.414319000000006,108.45,1044.2658333333334,0.101,0.045404453048752756,-0.05559554695124725,-58.056530166666676,3.9084370677731672,Value Destroyer
FP_202404_BU04_LATAM,2024-04-30,BU04,Latin America,USD,56.58,35.88,9.82,3.73,5.74,0.2753,0,BS_202404_BU04_LATAM,21.02,129.49,107.36,77.19,885.68,449.62,0,2024,10.879999999999995,0.19229409685401194,7.149999999999995,5.181604999999997,159.66000000000003,1045.34,428.6,1.6100000000000136,1.5616049999999824,0.04913777118486928,48.700812,110.46,1045.6566666666668,0.101,0.04657438101097555,-0.054425618989024455,-56.910511333333346,3.8801376063733484,Value Destroyer
FP_202405_BU04_LATAM,2024-05-31,BU04,Latin America,USD,57.07,35.97,9.82,3.76,5.52,0.2718,0,BS_202405_BU04_LATAM,21.21,127.87,104.65,64.98,887.44,455.46,0,2024,11.280000000000001,0.19765200630804278,7.520000000000001,5.476064000000001,167.54000000000002,1054.98,434.25,7.8799999999999955,-4.163935999999994,0.059009092596028934,50.368364,112.99000000000001,1047.2391666666665,0.101,0.04809633329540292,-0.052903666704597084,-55.402791833333325,3.8432604655279223,Value Destroyer
FP_202406_BU04_LATAM,2024-06-30,BU04,Latin America,USD,56.48,35.67,9.79,3.78,5.49,0.2687,0,BS_202406_BU04_LATAM,21.72,130.18,106.21,73.19,889.15,457.91,0,2024,11.019999999999996,0.195113314447592,7.239999999999997,5.294611999999998,163.2,1052.35,436.19000000000005,-4.340000000000032,7.92461200000003,0.04922905443061487,51.805444,115.14,1048.75,0.101,0.049397324433849824,-0.05160267556615018,-54.11830600000001,3.7883446239360783,Value Destroyer
FP_202407_BU04_LATAM,2024-07-31,BU04,Latin America,USD,54.63,34.55,9.9,3.8,5.33,0.2706,0,BS_202407_BU04_LATAM,22.44,124.29,101.26,59.2,890.68,462.92,0,2024,10.180000000000005,0.18634449935932645,6.380000000000005,4.653572000000004,166.35000000000002,1057.03,440.48,3.150000000000034,-0.026428000000029428,0.040175171363290074,52.831086,116.77,1050.2775,0.101,0.05030202589315681,-0.050697974106843194,-53.246941500000005,3.7722017641517516,Value Destroyer
FP_202408_BU04_LATAM,2024-08-31,BU04,Latin America,USD,52.93,33.36,9.69,3.82,5.13,0.2675,0,BS_202408_BU04_LATAM,23.18,120.31,98.75,60.65,891.99,467.56,0,2024,9.88,0.18666162856603064,6.0600000000000005,4.43895,158.41,1050.4,444.38,-7.940000000000026,11.068950000000026,0.026570985259891433,53.785715999999994,118.29999999999998,1051.6666666666667,0.101,0.051143311568938185,-0.04985668843106182,-52.432617333333354,3.756382079459003,Value Destroyer
FP_202409_BU04_LATAM,2024-09-30,BU04,Latin America,USD,57.59,36.27,9.96,3.84,5.18,0.2751,0,BS_202409_BU04_LATAM,23.82,131.27,107.16,85.31,893.33,471.24,0,2024,11.36,0.1972564681368293,7.52,5.451248,153.12,1046.45,447.42,-5.289999999999992,9.401247999999992,0.035046728971962704,54.98167399999999,120.21,1045.9475,0.101,0.05256638024375027,-0.048433619756249734,-50.65902350000001,3.7219865235837286,Value Destroyer
FP_202410_BU04_LATAM,2024-10-31,BU04,Latin America,USD,59.76,37.63,10.13,3.86,5.36,0.2744,0,BS_202410_BU04_LATAM,24.3,130.91,109.73,75.7,894.83,478.71,0,2024,11.999999999999995,0.20080321285140554,8.139999999999995,5.9063839999999965,164.94,1059.77,454.40999999999997,11.819999999999993,-7.413615999999997,0.10217631870158606,56.74101999999999,122.91999999999999,1047.0391666666667,0.101,0.05419187916402362,-0.04680812083597639,-49.009935833333344,3.6967946631955746,Value Destroyer
FP_202411_BU04_LATAM,2024-11-30,BU04,Latin America,USD,57.36,36.11,9.98,3.88,5.09,0.2702,0,BS_202411_BU04_LATAM,24.36,131.01,111.65,74.31,896.04,483.59,0,2024,11.27,0.19647838214783822,7.39,5.393222,168.35,1064.3899999999999,459.22999999999996,3.4099999999999966,0.7732220000000041,0.0717488789237668,57.59214599999999,124.30999999999999,1048.8966666666665,0.101,0.05490735916153164,-0.04609264083846837,-48.34641733333333,3.6942321615316547,Value Destroyer
FP_202412_BU04_LATAM,2024-12-31,BU04,Latin America,USD,51.94,32.92,9.53,3.89,4.58,0.2727,0,BS_202412_BU04_LATAM,23.95,116.5,102.41,48.91,896.73,486.77,0,2024,9.489999999999997,0.1827108201771274,5.599999999999996,4.072879999999998,170.0,1066.73,462.82,1.6500000000000057,1.7328799999999926,0.015643332029722234,57.91140499999999,125.00999999999998,1050.555833333333,0.101,0.05512453804216339,-0.045875461957836615,-48.19473416666666,3.702263818894489,Value Destroyer
FP_202501_BU04_LATAM,2025-01-31,BU04,Latin America,USD,49.27,31.18,9.26,3.91,4.55,0.2702,0,BS_202501_BU04_LATAM,23.3,110.86,96.63,50.99,897.37,480.83,0,2025,8.830000000000004,0.17921656180231385,4.9200000000000035,3.5906160000000025,156.5,1053.87,457.53,-13.5,16.450616000000004,0.0008125126955109696,58.10270899999999,125.47,1051.9225,0.099,0.05523478107940461,-0.04376521892059539,-46.03761850000001,3.646529050769108,Value Destroyer
FP_202502_BU04_LATAM,2025-02-28,BU04,Latin America,USD,53.9,34.07,9.75,3.93,5.3,0.2697,0,BS_202502_BU04_LATAM,22.67,130.08,107.94,91.46,898.74,478.27,0,2025,10.079999999999998,0.187012987012987,6.149999999999999,4.491344999999999,146.56,1045.3,455.59999999999997,-9.939999999999998,13.061344999999996,0.05150214592274671,58.701621999999986,126.49999999999999,1053.1941666666664,0.099,0.0557367519284589,-0.043263248071541104,-45.5646005,3.6015810276679843,Value Destroyer
FP_202503_BU04_LATAM,2025-03-31,BU04,Latin America,USD,56.63,35.73,10.03,3.95,5.56,0.2726,0,BS_202503_BU04_LATAM,22.15,125.53,104.51,63.29,900.35,481.86,0,2025,10.870000000000006,0.1919477308846902,6.920000000000006,5.0336080000000045,166.75000000000003,1067.1000000000001,459.71000000000004,20.190000000000026,-16.76639200000002,0.02683590208522224,58.984106000000004,127.14,1055.3091666666667,0.099,0.05589272590733679,-0.04310727409266321,-45.491501500000005,3.6157778826490485,Value Destroyer
FP_202504_BU04_LATAM,2025-04-30,BU04,Latin America,USD,54.64,34.44,9.81,3.97,5.34,0.274,0,BS_202504_BU04_LATAM,21.8,124.98,104.85,68.52,901.72,495.74,0,2025,10.390000000000002,0.19015373352855056,6.420000000000002,4.660920000000001,161.31,1063.03,473.94,-5.440000000000026,8.730920000000028,-0.03428773418168962,58.463421000000004,126.65,1056.7833333333333,0.099,0.055322050562240765,-0.04367794943775924,-46.158128999999995,3.7421239636794312,Value Destroyer
FP_202505_BU04_LATAM,2025-05-31,BU04,Latin America,USD,57.06,36.18,9.87,3.99,5.74,0.27,0,BS_202505_BU04_LATAM,21.89,125.71,104.26,68.14,903.47,517.35,0,2025,11.010000000000003,0.19295478443743433,7.020000000000003,5.124600000000002,161.82999999999998,1065.3,495.46000000000004,0.5199999999999818,2.854600000000021,-0.00017522340984754692,58.111957000000004,126.38000000000001,1057.6433333333332,0.099,0.054944757999703754,-0.04405524200029625,-46.59473299999999,3.9203987972780503,Value Destroyer
FP_202506_BU04_LATAM,2025-06-30,BU04,Latin America,USD,58.22,36.93,10.11,4.01,5.58,0.2748,0,BS_202506_BU04_LATAM,22.38,131.15,107.96,78.42,905.04,543.9,0,2025,11.18,0.19203023016145654,7.17,5.199684,160.69,1065.73,521.52,-1.1399999999999864,4.769683999999986,0.03080736543909346,58.01702900000001,126.54,1058.7583333333332,0.099,0.05479723481121756,-0.044202765188782446,-46.80004599999998,4.121384542437173,Value Destroyer
FP_202507_BU04_LATAM,2025-07-31,BU04,Latin America,USD,55.77,35.23,9.96,4.03,5.37,0.2736,0,BS_202507_BU04_LATAM,23.08,123.87,102.66,59.28,906.38,575.0,0,2025,10.580000000000005,0.1897077281692667,6.550000000000005,4.757920000000003,167.25,1073.63,551.92,6.560000000000002,-3.142079999999999,0.020867655134541474,58.12137700000001,126.94000000000001,1060.1416666666667,0.099,0.05482416060746599,-0.044175839392534014,-46.83264799999999,4.347880888608791,Value Destroyer
FP_202508_BU04_LATAM,2025-08-31,BU04,Latin America,USD,54.51,34.54,9.61,4.05,4.95,0.2734,0,BS_202508_BU04_LATAM,23.85,122.26,101.28,64.24,907.28,602.34,0,2025,10.36,0.1900568702990277,6.31,4.584846,159.3,1066.58,578.49,-7.949999999999989,11.634845999999989,0.02985074626865658,58.26727300000001,127.42000000000002,1061.49,0.099,0.054891966010042495,-0.04410803398995751,-46.820237,4.540025113796892,Value Destroyer
FP_202509_BU04_LATAM,2025-09-30,BU04,Latin America,USD,58.21,36.86,10.09,4.07,5.22,0.2736,0,BS_202509_BU04_LATAM,24.46,131.81,108.33,83.97,908.43,630.35,0,2025,11.260000000000002,0.19343755368493387,7.190000000000001,5.222816000000001,156.17,1064.6,605.89,-3.130000000000024,7.202816000000026,0.010765757944087406,58.038841000000005,127.32000000000002,1063.0025,0.099,0.05459896942857614,-0.04440103057142387,-47.198406500000004,4.7587967326421605,Value Destroyer
FP_202510_BU04_LATAM,2025-10-31,BU04,Latin America,USD,58.97,37.33,9.99,4.09,5.29,0.275,0,BS_202510_BU04_LATAM,24.71,130.24,108.99,72.45,909.63,653.25,0,2025,11.65,0.19755808037985417,7.5600000000000005,5.481,166.78000000000003,1076.41,628.54,10.610000000000042,-6.329000000000042,-0.013219544846050812,57.61345700000001,126.97000000000001,1064.3891666666666,0.099,0.05412818807657288,-0.044871811923427124,-47.76107049999999,4.950303221233361,Value Destroyer
FP_202511_BU04_LATAM,2025-11-30,BU04,Latin America,USD,55.25,35.02,9.79,4.11,4.73,0.2677,0,BS_202511_BU04_LATAM,24.55,128.56,108.72,69.33,910.25,662.0,0,2025,10.439999999999998,0.1889592760180995,6.329999999999997,4.635458999999998,167.95,1078.2,637.45,1.169999999999959,2.845459000000039,-0.036785216178521596,56.85569400000001,126.14000000000001,1065.54,0.099,0.053358573117855745,-0.04564142688214426,-48.632766,5.053511970826066,Value Destroyer
FP_202512_BU04_LATAM,2025-12-31,BU04,Latin America,USD,50.67,31.98,9.57,4.13,4.59,0.2748,0,BS_202512_BU04_LATAM,24.07,114.19,99.52,47.35,910.71,656.47,0,2025,9.120000000000001,0.17998815867377146,4.990000000000001,3.618748000000001,166.35999999999999,1077.07,632.4,-1.5900000000000034,4.748748000000004,-0.024451289949942168,56.40156200000001,125.77000000000002,1066.4016666666669,0.099,0.05288960413602754,-0.04611039586397246,-49.17220300000001,5.028226127057326,Value Destroyer
FP_202101_BU04_NA,2021-01-31,BU04,North America,USD,160.2,99.88,30.69,11.14,14.87,0.2462,0,BS_202101_BU04_NA,74.7,310.26,302.04,160.88,3055.68,1442.55,0,2021,29.629999999999992,0.18495630461922594,18.48999999999999,13.937761999999994,451.41999999999996,3507.1,1367.85,0.0,10.207761999999994,,,,,0.091,,,,,Not Available
FP_202102_BU04_NA,2021-02-28,BU04,North America,USD,170.62,106.56,31.88,11.2,15.97,0.2492,0,BS_202102_BU04_NA,77.07,349.39,337.85,268.35,3060.45,1451.86,0,2021,32.18000000000001,0.18860625952408866,20.980000000000008,15.751784000000006,418.89,3479.3399999999997,1374.79,-32.52999999999997,43.51178399999998,,,,,0.091,,,,,Not Available
FP_202103_BU04_NA,2021-03-31,BU04,North America,USD,185.61,116.01,32.87,11.27,18.52,0.2499,0,BS_202103_BU04_NA,78.95,353.86,341.2,215.18,3067.7,1469.83,0,2021,36.73000000000001,0.1978880448251711,25.46000000000001,19.09754600000001,479.87999999999994,3547.58,1390.8799999999999,60.98999999999995,-49.142453999999944,,,,,0.091,,,,,Not Available
FP_202104_BU04_NA,2021-04-30,BU04,North America,USD,185.26,115.98,32.43,11.33,17.99,0.2441,0,BS_202104_BU04_NA,79.6,364.89,357.25,240.9,3074.36,1478.79,0,2021,36.84999999999999,0.19890964050523582,25.51999999999999,19.290567999999993,481.24,3555.6000000000004,1399.19,1.3600000000000705,11.270567999999923,,,,,0.091,,,,,Not Available
FP_202105_BU04_NA,2021-05-31,BU04,North America,USD,192.01,120.17,32.86,11.41,19.24,0.2462,0,BS_202105_BU04_NA,79.06,364.46,358.03,218.07,3082.19,1492.49,0,2021,38.97999999999999,0.20301025988229776,27.56999999999999,20.782265999999993,504.42,3586.61,1413.43,23.180000000000007,-10.227734000000016,,,,,0.091,,,,,Not Available
FP_202106_BU04_NA,2021-06-30,BU04,North America,USD,188.35,117.73,33.16,11.48,18.61,0.2495,0,BS_202106_BU04_NA,77.49,362.68,360.52,221.18,3089.32,1500.22,0,2021,37.459999999999994,0.19888505441996282,25.979999999999993,19.497989999999994,502.02000000000004,3591.34,1422.73,-2.3999999999999773,14.767989999999973,,,,,0.091,,,,,Not Available
FP_202107_BU04_NA,2021-07-31,BU04,North America,USD,176.75,111.04,31.99,11.54,16.71,0.2476,0,BS_202107_BU04_NA,75.42,331.23,334.73,161.47,3094.49,1507.17,0,2021,33.72,0.19077793493635078,22.18,16.688232,504.49,3598.9799999999996,1431.75,2.4699999999999704,9.048232000000027,,,,,0.091,,,,,Not Available
FP_202108_BU04_NA,2021-08-31,BU04,North America,USD,179.46,112.38,32.46,11.61,16.76,0.2494,0,BS_202108_BU04_NA,73.43,332.42,330.44,193.76,3099.64,1512.21,0,2021,34.62000000000001,0.19291206954195927,23.010000000000012,17.271306000000006,469.1,3568.74,1438.78,-35.389999999999986,47.51130599999999,,,,,0.091,,,,,Not Available
FP_202109_BU04_NA,2021-09-30,BU04,North America,USD,195.15,121.82,33.49,11.67,17.07,0.2428,0,BS_202109_BU04_NA,72.14,361.18,352.49,253.77,3105.04,1521.05,0,2021,39.84000000000001,0.2041506533435819,28.17000000000001,21.330324000000005,459.9000000000001,3564.94,1448.9099999999999,-9.199999999999932,25.130323999999938,,,,,0.091,,,,,Not Available
FP_202110_BU04_NA,2021-10-31,BU04,North America,USD,198.87,124.71,33.51,11.74,17.43,0.2465,0,BS_202110_BU04_NA,71.79,372.57,354.0,225.97,3110.73,1531.34,0,2021,40.65000000000001,0.20440488761502495,28.91000000000001,21.78368500000001,500.5999999999999,3611.33,1459.55,40.69999999999982,-24.60631499999981,,,,,0.091,,,,,Not Available
FP_202111_BU04_NA,2021-11-30,BU04,North America,USD,203.64,126.78,33.69,11.8,17.87,0.245,0,BS_202111_BU04_NA,73.15,393.69,372.19,262.12,3116.8,1545.74,0,2021,43.16999999999999,0.21199175014731875,31.369999999999987,23.68434999999999,503.76,3620.5600000000004,1472.59,3.160000000000082,14.45434999999991,,,,,0.091,,,,,Not Available
FP_202112_BU04_NA,2021-12-31,BU04,North America,USD,181.61,113.64,33.07,11.87,16.31,0.2463,0,BS_202112_BU04_NA,75.29,352.24,339.54,159.06,3121.24,1558.11,0,2021,34.90000000000001,0.1921700346897198,23.030000000000015,17.357711000000013,532.72,3653.96,1482.82,28.960000000000036,-16.04228900000002,,226.473524,438.73,3573.84,0.091,0.0633697994314239,-0.027630200568576097,-98.74591600000002,3.3798007886399377,Value Destroyer
FP_202201_BU04_NA,2022-01-31,BU04,North America,USD,174.95,109.64,32.95,11.93,15.83,0.2466,0,BS_202201_BU04_NA,78.13,347.66,330.0,187.5,3125.14,1573.48,0,2022,32.359999999999985,0.1849671334667047,20.429999999999986,15.391961999999989,490.1600000000001,3615.3,1495.35,-42.559999999999945,54.05196199999993,0.09207240948813977,227.927724,441.46000000000004,3582.8566666666666,0.098,0.06361619936419449,-0.03438380063580551,-123.19222933333333,3.3872831060571733,Value Destroyer
FP_202202_BU04_NA,2022-02-28,BU04,North America,USD,175.24,109.95,32.23,11.99,16.72,0.243,0,BS_202202_BU04_NA,80.64,367.78,351.53,254.76,3129.87,1583.04,0,2022,33.06000000000001,0.1886555580917599,21.070000000000007,15.949990000000005,464.54999999999995,3594.42,1502.3999999999999,-25.610000000000127,36.82999000000014,0.027077716563122856,228.12593,442.34000000000003,3592.4466666666667,0.098,0.06350154954747647,-0.03449845045252353,-123.93384333333333,3.396482343898358,Value Destroyer
FP_202203_BU04_NA,2022-03-31,BU04,North America,USD,189.15,118.74,33.33,12.06,18.9,0.2453,0,BS_202203_BU04_NA,82.49,354.98,351.84,213.42,3136.71,1593.32,0,2022,37.08000000000001,0.1960348929421095,25.02000000000001,18.882594000000008,493.4,3630.11,1510.83,28.850000000000023,-16.807406000000015,0.01907224826248588,227.910978,442.69,3599.324166666667,0.098,0.06332049224981819,-0.03467950775018182,-124.82279033333339,3.412839684655176,Value Destroyer
FP_202204_BU04_NA,2022-04-30,BU04,North America,USD,189.38,118.91,33.5,12.13,18.89,0.2482,0,BS_202204_BU04_NA,83.27,362.29,367.07,241.15,3143.47,1599.73,0,2022,36.97,0.1952159678952371,24.839999999999996,18.674712,488.21000000000004,3631.68,1516.46,-5.189999999999941,17.104711999999942,0.022239015437763188,227.295122,442.81000000000006,3605.664166666667,0.098,0.06303835063211885,-0.034961649367881154,-126.05996633333336,3.4246290734174925,Value Destroyer
FP_202205_BU04_NA,2022-05-31,BU04,North America,USD,195.57,122.18,34.41,12.2,19.22,0.2493,0,BS_202205_BU04_NA,82.77,363.77,366.87,217.62,3150.49,1609.33,0,2022,38.97999999999999,0.19931482333691256,26.77999999999999,20.103745999999994,513.02,3663.5099999999998,1526.56,24.809999999999945,-11.726253999999955,0.018540701005155924,226.616602,442.81,3612.0724999999998,0.098,0.06273866374498298,-0.035261336255017026,-127.36650299999997,3.4474379530724235,Value Destroyer
FP_202206_BU04_NA,2022-06-30,BU04,North America,USD,199.11,124.4,34.21,12.28,19.44,0.2501,0,BS_202206_BU04_NA,81.43,376.82,381.4,248.88,3157.65,1618.32,0,2022,40.50000000000001,0.20340515293054093,28.220000000000006,21.162178000000004,509.34000000000003,3666.9900000000002,1536.8899999999999,-3.67999999999995,17.682177999999954,0.057127687815237804,228.28079000000002,445.85,3618.376666666667,0.098,0.06308928313157006,-0.03491071686842995,-126.32012333333336,3.447101042951665,Value Destroyer
FP_202207_BU04_NA,2022-07-31,BU04,North America,USD,180.96,114.46,33.35,12.35,17.69,0.2499,0,BS_202207_BU04_NA,79.21,346.6,350.48,161.41,3162.99,1627.63,0,2022,33.15000000000001,0.18318965517241387,20.80000000000001,15.602080000000008,535.6700000000001,3698.66,1548.42,26.33000000000004,-16.067920000000033,0.023818953323903935,227.19463800000003,445.28000000000003,3626.683333333333,0.098,0.06264529243891344,-0.035354707561086565,-128.22032866666663,3.477407473948976,Value Destroyer
FP_202208_BU04_NA,2022-08-31,BU04,North America,USD,183.27,115.86,33.17,12.41,17.47,0.2441,0,BS_202208_BU04_NA,76.96,351.73,347.73,204.75,3168.05,1629.75,0,2022,34.24000000000001,0.18682817700660231,21.83000000000001,16.501297000000008,494.71000000000004,3662.76,1552.79,-40.960000000000036,52.40129700000004,0.02123035773988624,226.42462900000004,444.90000000000003,3634.5183333333334,0.098,0.06229838681054024,-0.03570161318945976,-129.75816766666668,3.4902000449539217,Value Destroyer
FP_202209_BU04_NA,2022-09-30,BU04,North America,USD,205.78,130.78,35.38,12.48,18.29,0.2507,0,BS_202209_BU04_NA,75.57,394.59,381.94,291.87,3173.86,1631.2,0,2022,39.62,0.19253571775682768,27.139999999999997,20.336002,484.65999999999997,3658.52,1555.63,-10.050000000000068,24.576002000000067,0.05447091980527796,225.43030700000003,444.68000000000006,3642.316666666666,0.098,0.06189201204361695,-0.03610798795638306,-131.51672633333328,3.498313393901232,Value Destroyer
FP_202210_BU04_NA,2022-10-31,BU04,North America,USD,206.3,130.74,35.41,12.55,18.51,0.2497,0,BS_202210_BU04_NA,75.18,399.45,379.2,233.07,3179.82,1641.45,0,2022,40.150000000000006,0.19461948618516725,27.600000000000005,20.708280000000002,545.5799999999999,3725.4,1566.27,60.91999999999996,-46.171719999999965,0.03736109015940059,224.35490200000004,444.18,3651.8225,0.098,0.061436420307942136,-0.03656357969205787,-133.523703,3.5262055923274347,Value Destroyer
FP_202211_BU04_NA,2022-11-30,BU04,North America,USD,196.02,125.02,34.92,12.62,17.64,0.2465,0,BS_202211_BU04_NA,75.57,398.21,382.26,239.46,3184.84,1630.7,0,2022,36.08000000000001,0.18406285072951745,23.460000000000015,17.677110000000013,541.01,3725.8500000000004,1555.13,-4.569999999999936,17.227109999999946,-0.037418974661166615,218.34766200000004,437.0900000000001,3660.5966666666664,0.098,0.05964810709365233,-0.038351892906347676,-140.3908113333333,3.557917133771076,Value Destroyer
FP_202212_BU04_NA,2022-12-31,BU04,North America,USD,181.45,115.45,33.98,12.68,16.35,0.2483,0,BS_202212_BU04_NA,77.31,358.8,352.86,166.97,3188.51,1627.5,0,2022,32.01999999999999,0.17646734637641218,19.33999999999999,14.537877999999992,544.69,3733.2000000000003,1550.19,3.6800000000000637,7.187877999999927,-0.0008810087550246148,215.527829,434.21000000000004,3667.2000000000003,0.098,0.05877176837914485,-0.039228231620855154,-143.85777100000007,3.5701388728956034,Value Destroyer
FP_202301_BU04_NA,2023-01-31,BU04,North America,USD,176.42,112.77,33.62,12.74,16.2,0.248,0,BS_202301_BU04_NA,79.75,350.57,345.03,193.64,3191.97,1630.91,0,2023,30.029999999999994,0.17021879605486903,17.289999999999992,13.002079999999994,501.9599999999999,3693.93,1551.16,-42.73000000000013,52.27208000000013,0.00840240068591025,213.13794700000003,431.88,3673.7525000000005,0.104,0.05801641427940505,-0.045983585720594945,-168.932313,3.5916458275446885,Value Destroyer
FP_202302_BU04_NA,2023-02-28,BU04,North America,USD,178.37,114.51,33.57,12.81,16.64,0.2486,0,BS_202302_BU04_NA,82.26,378.63,374.46,274.63,3195.8,1630.26,0,2023,30.29,0.16981555194259124,17.479999999999997,13.134471999999999,478.4599999999999,3674.26,1548.0,-23.5,32.804472,0.01786121889979464,210.322429,429.11,3680.405833333333,0.104,0.05714653180231257,-0.046853468197687424,-172.4397776666666,3.6074666169513643,Value Destroyer
FP_202303_BU04_NA,2023-03-31,BU04,North America,USD,201.22,129.52,35.87,12.87,19.48,0.2447,0,BS_202303_BU04_NA,84.46,385.16,390.47,254.73,3202.41,1636.84,0,2023,35.82999999999999,0.17806381075439812,22.959999999999994,17.341687999999994,520.9000000000001,3723.31,1552.3799999999999,42.44000000000017,-31.708312000000173,0.06381178958498546,208.78152300000002,427.86,3688.1725,0.104,0.05660839426572375,-0.04739160573427625,-174.78841699999995,3.6282428831860885,Value Destroyer
FP_202304_BU04_NA,2023-04-30,BU04,North America,USD,197.16,127.13,34.93,12.95,19.37,0.2419,0,BS_202304_BU04_NA,85.39,397.88,405.81,259.66,3208.83,1645.85,0,2023,35.1,0.1780279975654291,22.150000000000002,16.791915000000003,544.03,3752.8599999999997,1560.4599999999998,23.12999999999988,-12.75808499999988,0.041081423592776334,206.898726,425.99,3698.2708333333335,0.104,0.05594471993104886,-0.048055280068951135,-177.72144066666664,3.663137632338787,Value Destroyer
FP_202305_BU04_NA,2023-05-31,BU04,North America,USD,193.95,125.7,36.14,13.02,19.15,0.246,0,BS_202305_BU04_NA,84.68,376.34,396.98,212.25,3214.96,1638.84,0,2023,32.109999999999985,0.165558133539572,19.089999999999986,14.39385999999999,561.0699999999999,3776.0299999999997,1554.1599999999999,17.039999999999964,-8.776139999999973,-0.008283479061205745,201.18884000000003,419.12,3707.6475000000005,0.104,0.05426320598169054,-0.04973679401830945,-184.4065,3.7081504103836607,Value Destroyer
FP_202306_BU04_NA,2023-06-30,BU04,North America,USD,204.76,132.25,35.36,13.1,20.25,0.244,0,BS_202306_BU04_NA,83.12,406.93,420.27,279.1,3222.11,1633.65,0,2023,37.14999999999999,0.18143192029693297,24.04999999999999,18.181799999999992,548.1,3770.21,1550.5300000000002,-12.969999999999914,24.001799999999903,0.028376274421174186,198.208462,415.77,3716.2491666666665,0.104,0.053335622319906344,-0.05066437768009365,-188.28145133333328,3.72929744810833,Value Destroyer
FP_202307_BU04_NA,2023-07-31,BU04,North America,USD,178.44,115.13,33.42,13.17,17.06,0.2484,0,BS_202307_BU04_NA,80.61,356.4,370.74,142.21,3226.0,1636.92,0,2023,29.89,0.16750728536202647,16.72,12.566752,584.93,3810.93,1556.3100000000002,36.82999999999993,-28.153247999999927,-0.01392572944297088,195.173134,412.51,3725.605,0.104,0.052386963728038805,-0.05161303627196119,-192.289786,3.772781265908706,Value Destroyer
FP_202308_BU04_NA,2023-08-31,BU04,North America,USD,183.42,117.79,34.62,13.23,17.14,0.2455,0,BS_202308_BU04_NA,78.2,360.52,368.36,208.87,3229.91,1627.32,0,2023,31.009999999999984,0.1690655326572892,17.779999999999983,13.415009999999986,520.01,3749.92,1549.12,-64.91999999999996,74.42500999999994,0.0008184645604845109,192.08684699999995,409.28,3732.8683333333333,0.104,0.051458243325842805,-0.05254175667415719,-196.1314596666667,3.7849882720875683,Value Destroyer
FP_202309_BU04_NA,2023-09-30,BU04,North America,USD,201.72,128.99,36.01,13.3,18.43,0.2472,0,BS_202309_BU04_NA,76.29,397.14,390.37,271.52,3235.04,1621.54,0,2023,36.71999999999999,0.18203450327186194,23.41999999999999,17.630575999999994,515.99,3751.0299999999997,1545.25,-4.019999999999982,16.520575999999977,-0.01972980853338513,189.38142099999996,406.37999999999994,3740.5775,0.104,0.05062892588109723,-0.05337107411890277,-199.63863899999998,3.8024755155273393,Value Destroyer
FP_202310_BU04_NA,2023-10-31,BU04,North America,USD,203.43,130.44,36.61,13.37,18.15,0.2473,0,BS_202310_BU04_NA,75.55,391.61,386.47,228.48,3239.82,1617.7,0,2023,36.38000000000001,0.1788330138131053,23.010000000000012,17.31962700000001,549.6,3789.42,1542.15,33.610000000000014,-21.070373000000004,-0.013911778962675703,185.99276799999996,402.60999999999996,3745.9125,0.104,0.04965219235633506,-0.05434780764366493,-203.582132,3.8303817590223797,Value Destroyer
FP_202311_BU04_NA,2023-11-30,BU04,North America,USD,189.1,120.62,34.4,13.43,16.8,0.2509,0,BS_202311_BU04_NA,75.97,385.4,375.22,209.28,3243.19,1612.05,0,2023,34.07999999999999,0.18022210470650446,20.64999999999999,15.468914999999994,551.34,3794.53,1536.08,1.740000000000009,10.358914999999985,-0.0353025201510051,183.78457299999994,400.6099999999999,3751.6358333333337,0.104,0.048987849877931006,-0.05501215012206899,-206.38555366666677,3.8343526122662945,Value Destroyer
FP_202312_BU04_NA,2023-12-31,BU04,North America,USD,176.54,112.37,33.5,13.5,16.09,0.2469,0,BS_202312_BU04_NA,77.56,350.2,343.51,158.38,3245.78,1603.37,0,2023,30.669999999999987,0.1737283335221479,17.169999999999987,12.93072699999999,535.33,3781.11,1525.81,-16.00999999999999,26.35072699999998,-0.027059796087076315,182.17742199999992,399.25999999999993,3755.6283333333326,0.104,0.048507840987105116,-0.05549215901289488,-208.40792466666664,3.821594950658719,Value Destroyer
FP_202401_BU04_NA,2024-01-31,BU04,North America,USD,180.02,114.29,34.01,13.56,16.41,0.2472,0,BS_202401_BU04_NA,80.08,349.51,340.74,202.51,3248.63,1612.63,0,2024,31.720000000000006,0.17620264415064996,18.160000000000004,13.670848000000003,487.74,3736.37,1532.5500000000002,-47.59000000000003,58.41084800000003,0.020405849676907506,182.84618999999995,400.94999999999993,3759.1649999999995,0.101,0.04864010757708161,-0.0523598924229184,-196.82947500000003,3.8222970445192677,Value Destroyer
FP_202402_BU04_NA,2024-02-29,BU04,North America,USD,183.63,115.48,34.35,13.62,17.52,0.2458,0,BS_202402_BU04_NA,82.68,371.27,358.19,248.61,3252.53,1628.15,0,2024,33.79999999999999,0.1840657844578772,20.179999999999993,15.219755999999993,480.85,3733.38,1545.47,-6.889999999999986,18.20975599999998,0.02948926388966755,184.93147399999995,404.4599999999999,3764.091666666667,0.101,0.049130438463462836,-0.05186956153653717,-195.24178433333347,3.8210700687336208,Value Destroyer
FP_202403_BU04_NA,2024-03-31,BU04,North America,USD,200.82,125.07,35.51,13.69,19.65,0.2437,0,BS_202403_BU04_NA,84.42,380.35,368.65,239.95,3258.49,1643.59,0,2024,40.24,0.20037844836171698,26.550000000000004,20.079765000000002,509.05,3767.54,1559.1699999999998,28.19999999999999,-14.080234999999988,-0.00198787396879041,187.66955099999996,408.86999999999995,3767.7774999999997,0.101,0.04980908532948136,-0.051190914670518645,-192.87597650000004,3.813363660821288,Value Destroyer
FP_202404_BU04_NA,2024-04-30,BU04,North America,USD,202.21,125.86,35.18,13.77,19.93,0.2469,0,BS_202404_BU04_NA,85.26,396.63,386.4,260.65,3264.65,1659.14,0,2024,41.17000000000001,0.203600217595569,27.40000000000001,20.634940000000007,522.38,3787.03,1573.88,13.329999999999984,1.1449400000000267,0.025613714749442185,191.51257599999994,414.93999999999994,3770.625,0.101,0.05079067157301507,-0.05020932842698494,-189.3205490000001,3.7930303176362856,Value Destroyer
FP_202405_BU04_NA,2024-05-31,BU04,North America,USD,204.31,126.64,35.59,13.84,20.15,0.2483,0,BS_202405_BU04_NA,84.99,388.65,383.0,223.08,3270.96,1681.03,0,2024,42.08,0.20596152904899417,28.24,21.228008,548.5699999999999,3819.5299999999997,1596.04,26.18999999999994,-11.27199199999994,0.053415828821861355,198.34672399999997,424.90999999999997,3774.25,0.101,0.05255261946082002,-0.048447380539179984,-182.85252600000004,3.756183662422631,Value Destroyer
FP_202406_BU04_NA,2024-06-30,BU04,North America,USD,211.43,130.99,36.98,13.92,20.98,0.2495,0,BS_202406_BU04_NA,83.46,408.64,402.77,271.67,3278.02,1688.92,0,2024,43.46,0.2055526651846947,29.54,22.169769999999996,539.74,3817.76,1605.46,-8.829999999999927,23.93976999999992,0.032574721625317604,202.33469399999996,431.21999999999997,3778.2124999999996,0.101,0.053553021170725565,-0.04744697882927444,-179.26476850000006,3.7230647929131306,Value Destroyer
FP_202407_BU04_NA,2024-07-31,BU04,North America,USD,196.09,121.89,52.05,14.0,19.13,0.2471,0,BS_202407_BU04_NA,81.65,380.37,373.19,178.44,3283.15,1718.37,0,2024,22.150000000000006,0.11295833545820799,8.150000000000006,6.136135000000005,575.1199999999999,3858.27,1636.7199999999998,35.37999999999988,-34.37386499999988,0.09891279982066803,195.90407699999997,423.47999999999996,3782.1575,0.101,0.0517969114189454,-0.049203088581054606,-186.09383050000002,3.8649286861244923,Value Destroyer
FP_202408_BU04_NA,2024-08-31,BU04,North America,USD,199.51,124.42,35.87,14.07,18.93,0.2486,0,BS_202408_BU04_NA,79.74,383.87,373.41,225.65,3288.01,1736.37,0,2024,39.21999999999999,0.1965816249812039,25.14999999999999,18.897709999999996,531.63,3819.6400000000003,1656.6299999999999,-43.489999999999895,57.52770999999989,0.0877221677025406,201.386777,431.69,3787.9675,0.101,0.05316486400688496,-0.04783513599311505,-181.19794050000007,3.837545460863119,Value Destroyer
FP_202409_BU04_NA,2024-09-30,BU04,North America,USD,218.17,135.71,37.0,14.14,19.93,0.2489,0,BS_202409_BU04_NA,78.48,422.44,398.98,290.8,3293.8,1757.54,0,2024,45.45999999999998,0.2083696200210844,31.31999999999998,23.524451999999982,530.6200000000001,3824.42,1679.06,-1.0099999999998772,18.74445199999986,0.081548681340472,207.28065299999997,440.42999999999995,3794.0833333333335,0.101,0.05463260418634276,-0.046367395813657244,-175.92176366666672,3.8123197783983835,Value Destroyer
FP_202410_BU04_NA,2024-10-31,BU04,North America,USD,223.88,139.32,37.36,14.22,19.87,0.2494,0,BS_202410_BU04_NA,78.49,426.73,399.68,253.36,3299.45,1786.22,0,2024,47.2,0.21082722887261035,32.980000000000004,24.754788,573.0500000000001,3872.5,1707.73,42.42999999999995,-23.325211999999947,0.10052597945239139,214.71581399999997,451.25,3801.0066666666667,0.101,0.05648919689696238,-0.04451080310303763,-169.18585933333338,3.7844432132963988,Value Destroyer
FP_202411_BU04_NA,2024-11-30,BU04,North America,USD,210.34,130.81,37.45,14.29,18.47,0.2434,0,BS_202411_BU04_NA,79.87,413.43,393.26,234.12,3303.63,1802.66,0,2024,42.08,0.20005705048968336,27.79,21.025913999999997,572.57,3876.2000000000003,1722.79,-0.4800000000000182,17.32591400000001,0.1123215230037018,220.27281299999999,459.25,3807.8125,0.101,0.057847599638900286,-0.04315240036109972,-164.31624950000003,3.7513119216113227,Value Destroyer
FP_202412_BU04_NA,2024-12-31,BU04,North America,USD,196.78,123.52,36.17,14.36,17.14,0.2482,0,BS_202412_BU04_NA,82.4,385.18,365.32,184.6,3306.41,1817.96,0,2024,37.09,0.18848460209370874,22.730000000000004,17.088414000000004,565.9,3872.31,1735.56,-6.670000000000073,20.978414000000075,0.1146482383595786,224.4305,465.66999999999996,3815.4125,0.101,0.05882208018136964,-0.042177919818630366,-160.92616250000003,3.7270169862778366,Value Destroyer
FP_202501_BU04_NA,2025-01-31,BU04,North America,USD,185.98,117.01,34.65,14.42,17.3,0.2475,0,BS_202501_BU04_NA,85.16,363.1,346.2,185.35,3309.29,1798.84,0,2025,34.319999999999986,0.18453597160985047,19.899999999999984,14.974749999999988,523.9499999999999,3833.24,1713.6799999999998,-41.950000000000045,54.044750000000036,0.033107432507499146,225.73440199999996,468.27,3823.485,0.099,0.0590389139750777,-0.03996108602492231,-152.7906130000001,3.659598095116065,Value Destroyer
FP_202502_BU04_NA,2025-02-28,BU04,North America,USD,190.08,119.05,35.2,14.49,17.51,0.2507,0,BS_202502_BU04_NA,87.95,399.37,373.03,282.0,3312.31,1786.17,0,2025,35.83000000000001,0.18849957912457918,21.34000000000001,15.990062000000009,490.4,3802.71,1698.22,-33.549999999999955,46.52006199999997,0.03512497957850025,226.504708,470.3,3829.2625000000003,0.099,0.05915100048638608,-0.039848999513613925,-152.59227950000007,3.6109291941314057,Value Destroyer
FP_202503_BU04_NA,2025-03-31,BU04,North America,USD,199.48,124.93,35.72,14.56,19.48,0.2496,0,BS_202503_BU04_NA,89.77,378.54,365.29,214.24,3317.23,1783.74,0,2025,38.829999999999984,0.19465610587527565,24.269999999999982,18.212207999999986,529.59,3846.82,1693.97,39.190000000000055,-25.89779200000007,-0.006672642167114828,224.63715099999996,468.89,3835.869166666667,0.099,0.05856225570780024,-0.04043774429219976,-155.11389650000007,3.612723666531596,Value Destroyer
FP_202504_BU04_NA,2025-04-30,BU04,North America,USD,207.48,129.06,36.53,14.64,20.34,0.2507,0,BS_202504_BU04_NA,90.65,404.53,390.65,278.24,3322.93,1841.44,0,2025,41.889999999999986,0.20189897821476763,27.249999999999986,20.418424999999992,516.9399999999999,3839.87,1750.79,-12.650000000000091,27.368425000000084,0.026062014737154415,224.42063599999994,469.60999999999996,3840.2724999999996,0.099,0.05843872693929922,-0.040561273060700787,-155.7663415,3.728178701475693,Value Destroyer
FP_202505_BU04_NA,2025-05-31,BU04,North America,USD,216.83,135.12,36.88,14.71,21.51,0.2457,0,BS_202505_BU04_NA,90.43,405.42,398.55,253.7,3329.73,1937.03,0,2025,44.830000000000005,0.20675183323340868,30.120000000000005,22.719516000000002,550.27,3880.0,1846.6,33.33000000000004,-17.410484000000036,0.06127942831971023,225.91214399999996,472.35999999999996,3845.3116666666665,0.099,0.05875002173642621,-0.040249978263573793,-154.77371100000005,3.9093064611736814,Value Destroyer
FP_202506_BU04_NA,2025-06-30,BU04,North America,USD,215.83,134.4,36.45,14.8,21.27,0.249,0,BS_202506_BU04_NA,88.7,422.52,412.76,271.89,3336.2,2043.19,0,2025,44.980000000000004,0.2084047630079229,30.180000000000003,22.665180000000003,563.39,3899.5899999999997,1954.49,13.120000000000005,3.0751799999999996,0.020810670198174286,226.40755399999998,473.88,3852.130833333334,0.099,0.0587746272896148,-0.040225372710385204,-154.95339850000013,4.124440786697054,Value Destroyer
FP_202507_BU04_NA,2025-07-31,BU04,North America,USD,199.51,124.27,35.38,14.87,19.67,0.2449,0,BS_202507_BU04_NA,86.24,383.96,382.65,181.45,3341.0,2157.66,0,2025,39.85999999999999,0.1997894842363791,24.989999999999995,18.869948999999995,585.1599999999999,3926.16,2071.42,21.769999999999868,-7.700050999999874,0.017440970982711912,239.14136799999994,491.5899999999999,3857.7883333333334,0.099,0.06198924029441738,-0.037010759705582624,-142.7796770000001,4.213714680933299,Value Destroyer
FP_202508_BU04_NA,2025-08-31,BU04,North America,USD,191.33,119.44,35.14,14.94,18.08,0.2468,0,BS_202508_BU04_NA,83.37,368.01,365.65,191.49,3344.14,2246.83,0,2025,36.750000000000014,0.19207651701249157,21.810000000000016,16.427292000000012,542.17,3886.31,2163.46,-42.989999999999895,56.27729199999991,-0.04100045110520767,236.67094999999998,489.12,3863.3441666666663,0.099,0.061260643574554255,-0.03773935642544575,-145.80012250000001,4.42316813869807,Value Destroyer
FP_202509_BU04_NA,2025-09-30,BU04,North America,USD,207.06,129.21,35.99,15.01,19.11,0.2485,0,BS_202509_BU04_NA,81.11,402.45,385.09,269.74,3348.24,2340.02,0,2025,41.85999999999999,0.20216362407031774,26.849999999999994,20.177774999999997,517.8,3866.04,2258.91,-24.370000000000005,40.447775,-0.050923591694550074,233.324273,485.52,3866.8125,0.099,0.06034020863437263,-0.038659791365627375,-149.4901645,4.652558082056352,Value Destroyer
FP_202510_BU04_NA,2025-10-31,BU04,North America,USD,211.38,132.04,37.05,15.09,18.47,0.2464,0,BS_202510_BU04_NA,80.02,403.24,381.36,233.84,3351.62,2414.37,0,2025,42.290000000000006,0.20006623143154512,27.200000000000006,20.497920000000008,550.76,3902.38,2334.35,32.960000000000036,-15.842080000000024,-0.0558334822226193,229.06740499999998,480.60999999999996,3869.3025000000002,0.099,0.05920121391387723,-0.03979878608612277,-153.99354250000007,4.857056657164853,Value Destroyer
FP_202511_BU04_NA,2025-11-30,BU04,North America,USD,200.24,126.0,35.56,15.15,17.46,0.243,0,BS_202511_BU04_NA,80.36,397.67,378.61,231.9,3353.93,2442.21,0,2025,38.68000000000001,0.19316819816220537,23.53000000000001,17.812210000000007,544.38,3898.31,2361.85,-6.3799999999999955,21.88221,-0.04801749548350287,225.853701,477.21,3871.145,0.099,0.058342867807844964,-0.04065713219215504,-157.389654,4.949288573164854,Value Destroyer
FP_202512_BU04_NA,2025-12-31,BU04,North America,USD,193.17,121.13,35.29,15.22,17.31,0.2512,0,BS_202512_BU04_NA,82.1,383.09,355.87,189.49,3356.02,2427.97,0,2025,36.74999999999999,0.19024693275353313,21.529999999999994,16.121663999999996,549.47,3905.49,2345.87,5.090000000000032,8.941663999999964,-0.01834536030084366,224.88695099999998,476.87,3873.91,0.099,0.058051671566969804,-0.0409483284330302,-158.630139,4.919307148698807,Value Destroyer
FP_202101_BU05_APAC,2021-01-31,BU05,Asia Pacific,USD,56.49,21.63,16.19,2.5,2.82,0.2256,0,BS_202101_BU05_APAC,46.84,85.63,0.59,25.53,266.6,453.58,0,2021,18.669999999999998,0.33050097362365016,16.169999999999998,12.522047999999998,60.69,327.29,406.74,0.0,12.202047999999998,,,,,0.091,,,,,Not Available
FP_202102_BU05_APAC,2021-02-28,BU05,Asia Pacific,USD,60.02,22.83,17.11,2.53,3.13,0.2215,0,BS_202102_BU05_APAC,46.77,93.37,0.65,28.99,267.2,464.03,0,2021,20.080000000000005,0.3345551482839054,17.550000000000004,13.662675000000002,65.03000000000002,332.23,417.26,4.340000000000018,8.722674999999985,,,,,0.091,,,,,Not Available
FP_202103_BU05_APAC,2021-03-31,BU05,Asia Pacific,USD,62.05,23.72,17.62,2.56,3.33,0.2253,0,BS_202103_BU05_APAC,46.09,90.32,0.61,27.57,267.97,469.98,0,2021,20.709999999999997,0.3337630942788074,18.15,14.060804999999998,63.35999999999999,331.33000000000004,423.89,-1.670000000000023,14.96080500000002,,,,,0.091,,,,,Not Available
FP_202104_BU05_APAC,2021-04-30,BU05,Asia Pacific,USD,62.38,23.96,17.46,2.6,3.43,0.2247,0,BS_202104_BU05_APAC,45.3,93.26,0.63,28.71,268.8,477.35,0,2021,20.96,0.3360051298493107,18.36,14.234508,65.18,333.98,432.05,1.8200000000000145,11.584507999999985,,,,,0.091,,,,,Not Available
FP_202105_BU05_APAC,2021-05-31,BU05,Asia Pacific,USD,64.54,24.69,17.95,2.63,3.52,0.2273,0,BS_202105_BU05_APAC,44.77,92.12,0.62,28.4,269.69,485.58,0,2021,21.90000000000001,0.3393244499535173,19.27000000000001,14.889929000000008,64.34,334.03,440.81,-0.8400000000000034,14.839929000000012,,,,,0.091,,,,,Not Available
FP_202106_BU05_APAC,2021-06-30,BU05,Asia Pacific,USD,65.14500000000001,24.66,18.17,2.67,3.49,0.2257,0,BS_202106_BU05_APAC,44.73,96.25,0.64,29.51,270.51,492.11,0,2021,22.315000000000012,0.34254355668124964,19.64500000000001,15.211123500000008,67.38,337.89,447.38,3.039999999999992,11.351123500000016,,,,,0.091,,,,,Not Available
FP_202107_BU05_APAC,2021-07-31,BU05,Asia Pacific,USD,65.75,25.17,18.1,2.71,3.57,0.2249,0,BS_202107_BU05_APAC,45.45,93.58,0.64,28.87,271.37,497.1,0,2021,22.479999999999997,0.3419011406844106,19.769999999999996,15.323726999999996,65.35,336.72,451.65000000000003,-2.030000000000001,16.493726999999996,,,,,0.091,,,,,Not Available
FP_202108_BU05_APAC,2021-08-31,BU05,Asia Pacific,USD,69.79,26.87,19.05,2.74,3.62,0.2211,0,BS_202108_BU05_APAC,47.04,98.92,0.67,30.85,272.25,504.74,0,2021,23.87,0.3420260782347041,21.130000000000003,16.458157000000003,68.74000000000001,340.99,457.7,3.390000000000015,12.188156999999986,,,,,0.091,,,,,Not Available
FP_202109_BU05_APAC,2021-09-30,BU05,Asia Pacific,USD,71.3,27.27,19.37,2.78,3.67,0.2238,0,BS_202109_BU05_APAC,49.24,102.56,0.71,32.09,273.14,513.89,0,2021,24.66,0.3458625525946704,21.88,16.983256,71.17999999999999,344.32,464.65,2.4399999999999835,13.65325600000002,,,,,0.091,,,,,Not Available
FP_202110_BU05_APAC,2021-10-31,BU05,Asia Pacific,USD,73.65,28.16,20.47,2.82,3.6,0.2247,0,BS_202110_BU05_APAC,51.81,105.09,0.73,32.43,273.92,523.76,0,2021,25.02000000000001,0.33971486761710806,22.20000000000001,17.21166000000001,73.39000000000001,347.31000000000006,471.95,2.210000000000022,14.221659999999986,,,,,0.091,,,,,Not Available
FP_202111_BU05_APAC,2021-11-30,BU05,Asia Pacific,USD,84.54,32.29,22.83,2.86,4.12,0.2231,0,BS_202111_BU05_APAC,54.57,123.04,0.84,38.52,275.18,539.29,0,2021,29.42000000000001,0.3480009462976107,26.56000000000001,20.63446400000001,85.36000000000001,360.54,484.71999999999997,11.969999999999999,7.404464000000008,,,,,0.091,,,,,Not Available
FP_202112_BU05_APAC,2021-12-31,BU05,Asia Pacific,USD,81.2,30.99,22.36,2.9,4.04,0.2257,0,BS_202112_BU05_APAC,56.24,117.45,0.81,35.9,276.32,549.34,0,2021,27.85000000000001,0.34298029556650256,24.95000000000001,19.31878500000001,82.36000000000001,358.68,493.1,-3.0,21.17878500000001,,190.51113750000005,277.93500000000006,340.44250000000005,0.091,0.5595985739148315,0.4685985739148315,159.53087000000005,1.774155827801464,Strong Creator
FP_202201_BU05_APAC,2022-01-31,BU05,Asia Pacific,USD,68.48,26.27,20.875,2.94,3.5,0.2247,0,BS_202201_BU05_APAC,56.79,103.68,0.73,30.8,276.88,557.47,0,2022,21.335000000000008,0.31155081775700944,18.395000000000007,14.261643500000005,73.61000000000001,350.49,500.68,-8.75,22.451643500000007,0.21224995574437955,192.25073300000003,280.6,342.37583333333333,0.098,0.5615195766835179,0.46351957668351795,158.69790133333336,1.78431931575196,Strong Creator
FP_202202_BU05_APAC,2022-02-28,BU05,Asia Pacific,USD,66.56,25.39,19.39,2.98,3.55,0.229,0,BS_202202_BU05_APAC,56.17,107.66,0.74,32.76,277.45,562.76,0,2022,21.78,0.3272235576923077,18.8,14.494800000000001,75.63999999999999,353.09,506.59,2.0299999999999727,11.894800000000028,0.10896367877374202,193.08285800000004,282.30000000000007,344.1141666666667,0.098,0.5611011597410744,0.46310115974107446,159.35966966666672,1.794509387176762,Strong Creator
FP_202203_BU05_APAC,2022-03-31,BU05,Asia Pacific,USD,72.82,27.72,20.84,3.02,3.91,0.2237,0,BS_202203_BU05_APAC,55.29,106.81,0.72,32.44,278.34,570.24,0,2022,24.259999999999994,0.33315023345234823,21.239999999999995,16.488611999999996,75.09,353.42999999999995,514.95,-0.549999999999983,16.14861199999998,0.17356970185334397,195.51066500000005,285.8500000000001,345.9558333333334,0.098,0.5651318641348728,0.46713186413487284,161.60699333333338,1.801469302081511,Strong Creator
FP_202204_BU05_APAC,2022-04-30,BU05,Asia Pacific,USD,74.17,28.19,20.97,3.06,3.97,0.2263,0,BS_202204_BU05_APAC,54.35,110.39,0.74,33.78,279.25,578.97,0,2022,25.010000000000005,0.3371983281650264,21.950000000000006,16.982715000000006,77.35,356.6,524.62,2.259999999999991,13.812715000000015,0.18900288554023725,198.25887200000005,289.90000000000003,347.84083333333336,0.098,0.5699700926429474,0.4719700926429474,164.17047033333338,1.8096585029320453,Strong Creator
FP_202205_BU05_APAC,2022-05-31,BU05,Asia Pacific,USD,73.83,28.21,21.31,3.1,4.08,0.2261,0,BS_202205_BU05_APAC,53.59,110.94,0.72,33.43,280.23,584.73,0,2022,24.31,0.3292699444670188,21.209999999999997,16.414419,78.22999999999999,358.46000000000004,531.14,0.8799999999999955,14.554419000000005,0.14394174155562434,199.78336200000004,292.31000000000006,349.8766666666667,0.098,0.5710108190505225,0.47301081905052256,165.4954486666667,1.8170435496561865,Strong Creator
FP_202206_BU05_APAC,2022-06-30,BU05,Asia Pacific,USD,80.94,30.81,22.85,3.15,4.47,0.2249,0,BS_202206_BU05_APAC,53.97,122.38,0.78,37.46,281.55,595.15,0,2022,27.279999999999994,0.3370397825549789,24.129999999999995,18.703162999999996,85.69999999999999,367.25,541.18,7.469999999999999,9.913162999999997,0.24245912963389338,203.27540150000002,297.275,352.3233333333333,0.098,0.5769569661390579,0.4789569661390579,168.74771483333336,1.8204692624674124,Strong Creator
FP_202207_BU05_APAC,2022-07-31,BU05,Asia Pacific,USD,80.02,30.58,22.12,3.19,4.25,0.2269,0,BS_202207_BU05_APAC,55.14,118.42,0.77,35.97,282.61,605.03,0,2022,27.319999999999997,0.3414146463384154,24.129999999999995,18.654902999999997,83.22,365.83000000000004,549.89,-2.4799999999999898,20.07490299999999,0.21703422053231924,206.60657750000001,302.115,354.74916666666667,0.098,0.5824018684563507,0.4844018684563507,171.84115916666667,1.820134716912434,Strong Creator
FP_202208_BU05_APAC,2022-08-31,BU05,Asia Pacific,USD,80.82,30.74,22.33,3.23,4.27,0.2247,0,BS_202208_BU05_APAC,56.99,120.04,0.78,36.2,283.65,613.67,0,2022,27.75,0.3433556050482554,24.52,19.010355999999998,84.62,368.27,556.68,1.4000000000000057,16.570355999999993,0.15804556526723013,209.15877650000002,305.995,357.02250000000004,0.098,0.5858420029549958,0.4878420029549958,174.1705715,1.81924541250674,Strong Creator
FP_202209_BU05_APAC,2022-09-30,BU05,Asia Pacific,USD,80.16,30.22,22.37,3.28,4.02,0.2265,0,BS_202209_BU05_APAC,59.28,120.99,0.79,36.5,284.39,619.96,0,2022,27.569999999999997,0.343937125748503,24.289999999999996,18.788314999999997,85.28,369.66999999999996,560.6800000000001,0.6599999999999966,17.388315000000002,0.12426367461430576,210.96383550000002,308.90500000000003,359.135,0.098,0.5874220989321565,0.4894220989321565,175.7686055,1.8150564089283112,Strong Creator
FP_202210_BU05_APAC,2022-10-31,BU05,Asia Pacific,USD,83.79,31.77,23.27,3.32,4.08,0.2261,0,BS_202210_BU05_APAC,61.78,119.09,0.81,36.48,285.15,627.09,0,2022,28.75000000000001,0.34311970402195974,25.43000000000001,19.680277000000007,83.42000000000002,368.57,565.3100000000001,-1.8599999999999852,20.78027699999999,0.1376782077393075,213.4324525,312.63500000000005,360.9066666666667,0.098,0.591378525842323,0.493378525842323,178.06359916666668,1.8082108529115422,Strong Creator
FP_202211_BU05_APAC,2022-11-30,BU05,Asia Pacific,USD,91.2,34.63,24.74,3.36,4.24,0.2228,0,BS_202211_BU05_APAC,63.68,131.73,0.9,40.97,286.03,635.13,0,2022,31.830000000000002,0.34901315789473686,28.470000000000002,22.126884,91.66,377.68999999999994,571.45,8.23999999999998,13.00688400000002,0.07877927608232782,214.92487250000002,315.045,362.3358333333333,0.098,0.5931648286695355,0.4951648286695355,179.41596083333337,1.813867860146963,Strong Creator
FP_202212_BU05_APAC,2022-12-31,BU05,Asia Pacific,USD,92.69,35.31,25.54,3.41,4.82,0.2291,0,BS_202212_BU05_APAC,65.13,131.62,0.92,40.56,287.44,643.46,0,2022,31.839999999999996,0.3435106268205847,28.429999999999996,21.916687,91.97999999999999,379.41999999999996,578.33,0.3199999999999932,20.186687000000006,0.14150246305418723,217.5227745,319.03499999999997,364.0641666666666,0.098,0.5974847140041706,0.4994847140041706,181.84448616666668,1.8127478176375635,Strong Creator
FP_202301_BU05_APAC,2023-01-31,BU05,Asia Pacific,USD,75.85,28.81,22.6,3.46,3.88,0.2264,0,BS_202301_BU05_APAC,65.31,112.33,0.81,33.3,287.86,647.26,0,2023,24.43999999999999,0.32221489782465385,20.97999999999999,16.230127999999993,79.84,367.70000000000005,581.95,-12.139999999999986,27.95012799999998,0.10762266355140171,219.491259,322.14,365.4983333333333,0.104,0.6005260188144954,0.49652601881449543,181.47943233333336,1.806512696343205,Strong Creator
FP_202302_BU05_APAC,2023-02-28,BU05,Asia Pacific,USD,90.49,34.43,26.1,3.5,4.55,0.2224,0,BS_202302_BU05_APAC,65.7,139.4,0.96,43.71,288.91,665.52,0,2023,29.959999999999994,0.33108630787932364,26.459999999999994,20.575295999999998,96.65,385.56000000000006,599.8199999999999,16.810000000000002,2.715295999999995,0.3595252403846152,225.571755,330.32,368.20416666666665,0.104,0.6126268397288642,0.5086268397288642,187.27852166666668,1.8158755146524581,Strong Creator
FP_202303_BU05_APAC,2023-03-31,BU05,Asia Pacific,USD,93.16,35.45,26.78,3.55,5.01,0.2301,0,BS_202303_BU05_APAC,65.18,129.63,0.91,40.19,290.37,677.7,0,2023,30.929999999999993,0.332009446114212,27.379999999999992,21.079861999999995,90.35,380.72,612.52,-6.300000000000011,25.91986200000001,0.2793188684427357,230.16300499999997,336.98999999999995,370.4783333333333,0.104,0.6212590164966912,0.5172590164966913,191.63325833333332,1.8176207009110064,Strong Creator
FP_202304_BU05_APAC,2023-04-30,BU05,Asia Pacific,USD,86.24,32.88,24.72,3.6,4.55,0.2243,0,BS_202304_BU05_APAC,63.96,131.62,0.9,39.66,291.32,686.9,0,2023,28.639999999999993,0.33209647495361777,25.039999999999992,19.423527999999994,92.86000000000001,384.18,622.9399999999999,2.5100000000000193,15.963527999999975,0.16273425913442074,232.603818,340.61999999999995,372.77666666666664,0.104,0.6239763343556911,0.5199763343556911,193.83504466666665,1.8288415242792555,Strong Creator
FP_202305_BU05_APAC,2023-05-31,BU05,Asia Pacific,USD,87.81,33.34,25.32,3.65,4.85,0.2226,0,BS_202305_BU05_APAC,63.25,125.96,0.86,38.31,292.52,695.69,0,2023,29.15,0.3319667463842387,25.5,19.8237,88.50999999999999,381.03,632.44,-4.350000000000023,22.973700000000022,0.18935392117025596,236.01309899999998,345.46,374.6575,0.104,0.629943612499416,0.525943612499416,197.04871899999998,1.8307184623400685,Strong Creator
FP_202306_BU05_APAC,2023-06-30,BU05,Asia Pacific,USD,97.06,37.12,27.11,3.7,5.24,0.2277,0,BS_202306_BU05_APAC,63.52,140.13,0.94,43.89,294.06,708.48,0,2023,32.830000000000005,0.3382443849165465,29.130000000000006,22.497099000000006,97.17999999999999,391.24,644.96,8.670000000000002,12.287099000000005,0.19915987150976044,239.80703499999998,351.01,376.6566666666667,0.104,0.6366727479490605,0.5326727479490605,200.63474166666666,1.8374405287598645,Strong Creator
FP_202307_BU05_APAC,2023-07-31,BU05,Asia Pacific,USD,91.59,35.09,26.03,3.72,5.0,0.2214,0,BS_202307_BU05_APAC,64.58,131.83,0.89,40.41,295.34,714.22,0,2023,30.47,0.3326782399825308,26.75,20.82755,92.31,387.65,649.64,-4.86999999999999,24.417549999999988,0.14458885278680333,241.979682,354.15999999999997,378.47499999999997,0.104,0.639354467269965,0.535354467269965,202.618282,1.8343121752880056,Strong Creator
FP_202308_BU05_APAC,2023-08-31,BU05,Asia Pacific,USD,94.35,36.21,26.68,3.69,4.91,0.2285,0,BS_202308_BU05_APAC,66.78,135.14,0.92,41.68,296.56,722.79,0,2023,31.459999999999994,0.33343932167461576,27.769999999999992,21.424554999999994,94.37999999999997,390.93999999999994,656.01,2.0699999999999648,18.13455500000003,0.1674090571640683,244.393881,357.86999999999995,380.3641666666667,0.104,0.642526037985527,0.538526037985527,204.83600766666666,1.8330958169167577,Strong Creator
FP_202309_BU05_APAC,2023-09-30,BU05,Asia Pacific,USD,102.3,38.95,28.32,3.67,5.17,0.224,0,BS_202309_BU05_APAC,70.23,143.86,0.99,45.33,298.06,736.84,0,2023,35.029999999999994,0.34242424242424235,31.359999999999992,24.335359999999994,99.52000000000002,397.58000000000004,666.61,5.140000000000057,17.695359999999937,0.2761976047904191,249.940926,365.3299999999999,382.69,0.104,0.6531159058245577,0.5491159058245577,210.141166,1.824679057290669,Strong Creator
FP_202310_BU05_APAC,2023-10-31,BU05,Asia Pacific,USD,110.32,41.86,29.9,3.66,5.43,0.227,0,BS_202310_BU05_APAC,74.16,154.73,1.05,47.94,299.83,755.38,0,2023,38.559999999999995,0.3495286439448876,34.89999999999999,26.977699999999995,107.84,407.66999999999996,681.22,8.319999999999979,16.887700000000017,0.3166248955722639,257.23834899999997,375.13999999999993,385.9483333333333,0.104,0.6665098065803281,0.5625098065803281,217.09972233333332,1.8159087274084347,Strong Creator
FP_202311_BU05_APAC,2023-11-30,BU05,Asia Pacific,USD,114.46,43.47,30.86,3.64,5.62,0.2244,0,BS_202311_BU05_APAC,77.47,164.51,1.14,51.16,301.81,769.48,0,2023,40.129999999999995,0.3506028306832081,36.489999999999995,28.301644,114.48999999999998,416.29999999999995,692.01,6.649999999999977,19.671644000000022,0.2550438596491227,263.41310899999996,383.43999999999994,389.1658333333333,0.104,0.6768659693061441,0.5728659693061441,222.9398623333333,1.8047412893803465,Strong Creator
FP_202312_BU05_APAC,2023-12-31,BU05,Asia Pacific,USD,111.57,42.39,30.15,3.63,5.59,0.2247,0,BS_202312_BU05_APAC,79.57,159.12,1.12,48.59,303.77,780.23,0,2023,39.029999999999994,0.34982522183382625,35.39999999999999,27.445619999999995,111.65,415.41999999999996,700.6600000000001,-2.839999999999975,28.32561999999997,0.20368971841622607,268.94204199999996,390.63,392.1658333333333,0.104,0.685786519733361,0.581786519733361,228.1567953333333,1.7936666410669946,Strong Creator
FP_202401_BU05_APAC,2024-01-31,BU05,Asia Pacific,USD,94.18,35.85,27.02,3.62,4.78,0.2281,0,BS_202401_BU05_APAC,80.44,139.48,1.0,41.48,304.93,790.94,0,2024,31.310000000000006,0.33244850286685074,27.690000000000005,21.373911000000003,99.0,403.93,710.5,-12.650000000000006,32.86391100000001,0.24166117336849058,274.085825,397.5,395.185,0.101,0.6935633310980933,0.5925633310980933,234.17214,1.7874213836477988,Strong Creator
FP_202402_BU05_APAC,2024-02-29,BU05,Asia Pacific,USD,100.09,38.16,28.53,3.61,5.39,0.2253,0,BS_202402_BU05_APAC,79.58,151.14,1.06,46.74,306.71,798.1,0,2024,33.400000000000006,0.333699670296733,29.790000000000006,23.078313,105.45999999999998,412.16999999999996,718.52,6.4599999999999795,14.83831300000002,0.10608907061553774,276.588842,400.93999999999994,397.4025,0.101,0.6959917011090772,0.5949917011090772,236.4511895,1.7920885918092484,Strong Creator
FP_202403_BU05_APAC,2024-03-31,BU05,Asia Pacific,USD,107.06,40.88,30.3,3.6,5.79,0.2215,0,BS_202403_BU05_APAC,78.25,151.36,1.06,46.86,308.9,805.26,0,2024,35.88000000000001,0.33513917429478807,32.28000000000001,25.129980000000007,105.56000000000002,414.46,727.01,0.10000000000003695,22.839979999999972,0.1492056676685274,280.63896,405.89,400.21416666666664,0.101,0.7012219540787537,0.6002219540787537,240.21732916666667,1.7911503116607947,Strong Creator
FP_202404_BU05_APAC,2024-04-30,BU05,Asia Pacific,USD,105.53,40.47,30.57,3.6,5.92,0.226,0,BS_202404_BU05_APAC,77.09,159.1,1.08,48.29,311.22,813.04,0,2024,34.49,0.3268264948355918,30.89,23.90886,111.89000000000001,423.11,735.9499999999999,6.329999999999998,15.258860000000006,0.22367810760667917,285.124292,411.74,403.4583333333333,0.101,0.706700713415264,0.605700713415264,244.37500033333336,1.7874143877204058,Strong Creator
FP_202405_BU05_APAC,2024-05-31,BU05,Asia Pacific,USD,109.63,42.0,32.4,3.61,8.76,0.2254,0,BS_202405_BU05_APAC,76.54,186.63,1.08,48.98,316.37,824.87,0,2024,35.23,0.32135364407552675,31.619999999999997,24.492851999999996,138.73000000000002,455.1,748.33,26.840000000000003,-7.49714800000001,0.24849106024370782,289.79344399999997,417.82,409.6308333333333,0.101,0.7074502708739779,0.606450270873978,248.4207298333333,1.7910344167344792,Strong Creator
FP_202406_BU05_APAC,2024-06-30,BU05,Asia Pacific,USD,121.32,46.68,36.32,3.67,13.43,0.2248,1,BS_202406_BU05_APAC,77.15,243.05,1.19,55.78,326.13,839.27,0,2024,38.319999999999986,0.3158588855918232,34.649999999999984,26.860679999999988,188.46,514.59,762.12,49.72999999999999,-32.62932,0.24994848547290327,294.157025,423.31,419.91,0.101,0.7005239813293324,0.5995239813293324,251.74611499999997,1.8003826982589592,Strong Creator
FP_202407_BU05_APAC,2024-07-31,BU05,Asia Pacific,USD,120.26,45.78,34.94,3.75,9.17,0.2264,0,BS_202407_BU05_APAC,79.34,202.4,1.15,52.97,331.55,847.25,0,2024,39.540000000000006,0.3287876268085814,35.790000000000006,27.687144000000007,150.58,482.13,767.91,-37.879999999999995,60.147144000000004,0.3130254394584562,301.01661899999993,432.38,427.78333333333336,0.101,0.703666074726302,0.6026660747263021,257.81050233333326,1.7760072158749247,Strong Creator
FP_202408_BU05_APAC,2024-08-31,BU05,Asia Pacific,USD,121.98,46.66,34.26,3.83,6.43,0.2245,0,BS_202408_BU05_APAC,82.74,181.09,1.18,54.42,334.15,859.75,0,2024,41.06000000000001,0.3366125594359732,37.23000000000001,28.871865000000007,127.85000000000001,462.0,777.01,-22.730000000000004,49.00186500000001,0.2928457869634342,308.46392899999995,441.98,433.705,0.101,0.7112298198083951,0.6102298198083951,264.6597239999999,1.7580207249196795,Strong Creator
FP_202409_BU05_APAC,2024-09-30,BU05,Asia Pacific,USD,122.54,47.19,34.52,3.9,6.19,0.2282,0,BS_202409_BU05_APAC,86.54,181.03,1.22,56.25,336.44,868.0,0,2024,40.830000000000005,0.3331973233229966,36.93000000000001,28.502574000000006,126.0,462.44,781.46,-1.8500000000000085,28.062574000000016,0.19784946236559153,312.631143,447.78000000000003,439.10999999999996,0.101,0.71196543690647,0.61096543690647,268.281033,1.745187368797177,Strong Creator
FP_202410_BU05_APAC,2024-10-31,BU05,Asia Pacific,USD,118.64,45.59,33.14,3.96,6.16,0.2273,0,BS_202410_BU05_APAC,89.76,171.95,1.18,52.69,338.64,867.43,0,2024,39.91,0.3363958192852326,35.949999999999996,27.778564999999993,120.44,459.08,777.67,-5.560000000000002,31.138564999999996,0.07541696881798421,313.432008,449.13000000000005,443.39416666666665,0.101,0.7068924933232846,0.6058924933232847,268.6491971666667,1.731503128270211,Strong Creator
FP_202411_BU05_APAC,2024-11-30,BU05,Asia Pacific,USD,129.4,49.52,34.99,4.03,6.26,0.2259,0,BS_202411_BU05_APAC,92.87,192.61,1.29,59.58,340.87,876.85,0,2024,44.88999999999999,0.3469088098918083,40.85999999999999,31.629725999999994,134.32,475.19,783.98,13.879999999999995,15.519725999999999,0.13052594792940786,316.76009,453.89000000000004,448.30166666666673,0.101,0.7065779887798765,0.6055779887798766,271.4816216666666,1.7272466897265857,Strong Creator
FP_202412_BU05_APAC,2024-12-31,BU05,Asia Pacific,USD,137.04,52.35,36.86,4.1,6.66,0.2277,0,BS_202412_BU05_APAC,95.59,196.61,1.33,60.71,343.43,892.82,0,2024,47.83,0.3490221833041448,43.73,33.772679,137.23000000000002,480.66,797.23,2.910000000000025,28.302678999999973,0.22828717397149778,323.08714899999995,462.69,453.7383333333334,0.101,0.7120561020852691,0.6110561020852692,277.25957733333325,1.7230327000799672,Strong Creator
FP_202501_BU05_APAC,2025-01-31,BU05,Asia Pacific,USD,120.1,45.75,33.43,4.16,5.96,0.2267,0,BS_202501_BU05_APAC,96.9,179.15,1.24,53.54,345.23,891.26,0,2025,40.919999999999995,0.3407160699417152,36.75999999999999,28.42650799999999,126.85000000000002,472.08000000000004,794.36,-10.379999999999995,37.00650799999999,0.27521766829475447,330.139746,472.3,459.4175,0.099,0.7186050727279653,0.6196050727279653,284.6574135,1.6818970993012916,Strong Creator
FP_202502_BU05_APAC,2025-02-28,BU05,Asia Pacific,USD,125.99,48.04,35.53,4.23,6.38,0.222,0,BS_202502_BU05_APAC,96.82,196.92,1.37,61.14,347.38,898.9,0,2025,42.41999999999999,0.3366933883641558,38.18999999999998,29.71181999999999,137.14999999999998,484.53,802.0799999999999,10.299999999999955,17.26182000000004,0.2587671096013586,336.77325299999995,481.32,465.4475,0.099,0.7235472378732294,0.6245472378732294,290.69395049999997,1.6664173522812264,Strong Creator
FP_202503_BU05_APAC,2025-03-31,BU05,Asia Pacific,USD,136.08,51.81,37.63,4.3,7.36,0.2296,0,BS_202503_BU05_APAC,95.99,193.97,1.35,59.65,350.44,910.6,0,2025,46.64000000000001,0.3427395649617872,42.34000000000001,32.618736000000006,135.67,486.11,814.61,-1.4799999999999898,31.038735999999993,0.2710629553521391,344.262009,492.0799999999999,471.41833333333335,0.099,0.7302686057323466,0.6312686057323467,297.591594,1.6554422045195907,Strong Creator
FP_202504_BU05_APAC,2025-04-30,BU05,Asia Pacific,USD,130.87,50.19,36.43,4.37,7.1,0.2289,0,BS_202504_BU05_APAC,94.68,194.51,1.36,59.8,353.17,954.86,0,2025,44.25000000000001,0.3381218002597998,39.88000000000001,30.751468000000006,136.07,489.24,860.1800000000001,0.4000000000000057,27.621468,0.24012129252345304,351.10461699999996,501.84000000000003,476.92916666666673,0.099,0.7361777000428085,0.6371777000428085,303.8886295,1.7140522875816995,Strong Creator
FP_202505_BU05_APAC,2025-05-31,BU05,Asia Pacific,USD,133.83,51.39,38.35,4.45,7.48,0.2243,0,BS_202505_BU05_APAC,93.85,191.92,1.34,59.14,356.2,1011.3,0,2025,44.09000000000001,0.3294478069192259,39.64000000000001,30.74874800000001,134.12,490.32,917.4499999999999,-1.9499999999999886,29.668747999999997,0.2207424974915626,357.360513,510.7,479.8641666666667,0.099,0.7447118118495338,0.6457118118495339,309.8539605,1.7964558449187389,Strong Creator
FP_202506_BU05_APAC,2025-06-30,BU05,Asia Pacific,USD,132.87,50.68,37.66,4.53,7.26,0.2246,0,BS_202506_BU05_APAC,93.49,193.47,1.34,59.78,358.93,1073.13,0,2025,44.53,0.3351396101452548,40.0,31.016,135.03,493.96000000000004,979.6400000000001,0.9099999999999966,27.376000000000005,0.09520276953511386,361.515833,516.91,478.145,0.099,0.7560799192713508,0.6570799192713508,314.179478,1.8951848484262255,Strong Creator
FP_202507_BU05_APAC,2025-07-31,BU05,Asia Pacific,USD,135.87,51.45,39.24,4.6,7.79,0.2183,0,BS_202507_BU05_APAC,94.96,195.97,1.31,58.92,362.12,1139.29,0,2025,45.18,0.33252373592404505,40.58,31.721386000000003,138.36,500.48,1044.33,3.3300000000000125,25.201385999999992,0.12980209545983712,365.550075,522.55,479.6741666666667,0.099,0.7620799709525042,0.6630799709525043,318.06233249999997,1.9985264567983925,Strong Creator
FP_202508_BU05_APAC,2025-08-31,BU05,Asia Pacific,USD,148.24,56.02,42.61,4.71,11.5,0.227,0,BS_202508_BU05_APAC,98.59,245.82,1.39,64.53,368.91,1218.72,0,2025,49.61,0.33466001079330815,44.9,34.7077,182.67999999999998,551.59,1120.13,44.319999999999965,-16.40229999999996,0.21528119363830145,371.38591,531.1,487.14000000000004,0.099,0.7623802397668021,0.6633802397668022,323.15905000000004,2.109075503671625,Strong Creator
FP_202509_BU05_APAC,2025-09-30,BU05,Asia Pacific,USD,151.13,56.99,44.9,4.85,15.98,0.2269,0,BS_202509_BU05_APAC,103.42,301.25,1.45,67.49,380.04,1310.04,0,2025,49.23999999999999,0.32581221464963933,44.389999999999986,34.31790899999999,235.20999999999998,615.25,1206.62,52.53,-29.342091000000007,0.23331157173167938,377.201245,539.51,499.87416666666667,0.099,0.7545923957529311,0.6555923957529312,327.71370249999995,2.23651090804619,Strong Creator
FP_202510_BU05_APAC,2025-10-31,BU05,Asia Pacific,USD,150.93,56.86,43.46,4.99,11.22,0.2284,0,BS_202510_BU05_APAC,108.75,256.46,1.45,66.1,386.27,1369.29,0,2025,50.61000000000001,0.33532100973961443,45.620000000000005,35.20039200000001,191.80999999999997,578.0799999999999,1260.54,-43.400000000000006,72.37039200000001,0.2721679028995281,384.62307200000004,550.2099999999999,509.7908333333333,0.099,0.7544723185489475,0.6554723185489475,334.15377950000004,2.291016157467149,Strong Creator
FP_202511_BU05_APAC,2025-11-30,BU05,Asia Pacific,USD,166.12,63.28,45.69,5.09,8.41,0.2286,0,BS_202511_BU05_APAC,113.79,244.64,1.62,74.94,389.59,1412.94,0,2025,57.150000000000006,0.34402841319528055,52.06,40.159084,171.32,560.91,1299.15,-20.48999999999998,57.32908399999998,0.2837712519319937,393.15243,562.47,516.9341666666667,0.099,0.7605464203210918,0.6615464203210918,341.97594749999996,2.309723185236546,Strong Creator
FP_202512_BU05_APAC,2025-12-31,BU05,Asia Pacific,USD,170.65,65.19,45.82,5.18,8.35,0.2271,0,BS_202512_BU05_APAC,117.29,246.08,1.66,75.65,392.76,1430.18,0,2025,59.64000000000001,0.3494872546147085,54.46000000000001,42.09213400000001,172.09,564.85,1312.89,0.7700000000000102,38.152134,0.24525685931115015,401.47188500000004,574.2800000000001,523.9499999999999,0.099,0.7662408340490506,0.6672408340490507,349.6008350000001,2.2861496134289894,Strong Creator
FP_202101_BU05_EU,2021-01-31,BU05,Europe,USD,36.45,14.3,10.58,1.66,1.86,0.2522,0,BS_202101_BU05_EU,30.63,55.74,0.39,18.08,177.51,289.21,0,2021,11.570000000000002,0.31742112482853224,9.910000000000002,7.410698000000002,38.050000000000004,215.56,258.58,0.0,7.210698000000002,,,,,0.091,,,,,Not Available
FP_202102_BU05_EU,2021-02-28,BU05,Europe,USD,37.69,14.87,11.04,1.68,1.96,0.258,0,BS_202102_BU05_EU,31.25,59.96,0.43,20.41,177.79,293.18,0,2021,11.780000000000001,0.31254974794375173,10.100000000000001,7.494200000000001,39.980000000000004,217.76999999999998,261.93,1.9299999999999997,5.284200000000001,,,,,0.091,,,,,Not Available
FP_202103_BU05_EU,2021-03-31,BU05,Europe,USD,41.58,16.33,11.77,1.7,2.19,0.2547,0,BS_202103_BU05_EU,31.56,59.5,0.42,20.17,178.28,298.24,0,2021,13.48,0.3241943241943242,11.780000000000001,8.779634000000001,39.75,218.03,266.68,-0.23000000000000398,8.519634000000005,,,,,0.091,,,,,Not Available
FP_202104_BU05_EU,2021-04-30,BU05,Europe,USD,41.08,16.15,11.64,1.73,2.27,0.2561,0,BS_202104_BU05_EU,31.4,61.48,0.43,20.73,178.82,303.37,0,2021,13.29,0.32351509250243426,11.559999999999999,8.599483999999999,41.17999999999999,220.0,271.97,1.4299999999999926,6.629484000000007,,,,,0.091,,,,,Not Available
FP_202105_BU05_EU,2021-05-31,BU05,Europe,USD,41.21,16.26,11.71,1.75,2.35,0.2586,0,BS_202105_BU05_EU,30.73,59.52,0.42,20.1,179.42,306.28,0,2021,13.239999999999998,0.32128124241688905,11.489999999999998,8.518685999999999,39.84,219.26,275.54999999999995,-1.3399999999999892,9.258685999999988,,,,,0.091,,,,,Not Available
FP_202106_BU05_EU,2021-06-30,BU05,Europe,USD,42.25,16.79,11.97,1.78,2.34,0.2574,0,BS_202106_BU05_EU,30.02,62.41,0.44,21.42,179.98,308.57,0,2021,13.49,0.3192899408284024,11.71,8.695846,41.42999999999999,221.40999999999997,278.55,1.5899999999999892,6.54584600000001,,,,,0.091,,,,,Not Available
FP_202107_BU05_EU,2021-07-31,BU05,Europe,USD,39.93,15.76,11.4,1.8,2.21,0.2572,0,BS_202107_BU05_EU,29.36,58.33,0.41,19.55,180.39,307.7,0,2021,12.770000000000001,0.319809666917105,10.97,8.148516,39.19,219.57999999999998,278.34,-2.239999999999995,9.978515999999996,,,,,0.091,,,,,Not Available
FP_202108_BU05_EU,2021-08-31,BU05,Europe,USD,43.07,17.07,11.86,1.82,2.21,0.2565,0,BS_202108_BU05_EU,29.47,63.85,0.43,21.52,180.78,312.48,0,2021,14.14,0.3283027629440446,12.32,9.159920000000001,42.760000000000005,223.54000000000002,283.01,3.5700000000000074,5.199919999999995,,,,,0.091,,,,,Not Available
FP_202109_BU05_EU,2021-09-30,BU05,Europe,USD,47.5,18.66,12.92,1.85,2.4,0.2529,0,BS_202109_BU05_EU,30.36,71.73,0.47,24.31,181.33,320.59,0,2021,15.92,0.3351578947368421,14.07,10.511697,47.89,229.22000000000003,290.22999999999996,5.1299999999999955,4.831697000000004,,,,,0.091,,,,,Not Available
FP_202110_BU05_EU,2021-10-31,BU05,Europe,USD,48.36,19.15,13.21,1.87,2.38,0.2596,0,BS_202110_BU05_EU,31.71,72.56,0.495,24.32,181.84,327.64,0,2021,16.0,0.3308519437551696,14.129999999999999,10.461851999999999,48.73500000000001,230.57500000000002,295.93,0.845000000000006,9.106851999999993,,,,,0.091,,,,,Not Available
FP_202111_BU05_EU,2021-11-30,BU05,Europe,USD,50.3,20.05,13.63,1.9,2.4,0.2585,0,BS_202111_BU05_EU,33.28,77.38,0.52,26.24,182.34,332.3,0,2021,16.619999999999997,0.33041749502982104,14.719999999999997,10.914879999999998,51.66,234.0,299.02,2.92499999999999,7.489880000000008,,,,,0.091,,,,,Not Available
FP_202112_BU05_EU,2021-12-31,BU05,Europe,USD,52.52,20.88,14.19,1.92,2.58,0.2564,0,BS_202112_BU05_EU,34.86,77.1,0.53,26.18,183.0,337.84,0,2021,17.450000000000003,0.3322543792840823,15.530000000000003,11.548108000000003,51.449999999999996,234.45,302.97999999999996,-0.21000000000000085,11.098108000000003,,110.243521,169.75,223.61625,0.091,0.493003173964325,0.40200317396432506,89.89444225,1.7848600883652428,Strong Creator
FP_202201_BU05_EU,2022-01-31,BU05,Europe,USD,43.37,17.04,12.46,1.95,2.22,0.256,0,BS_202201_BU05_EU,36.11,67.51,0.47,21.76,183.27,342.57,0,2022,13.869999999999997,0.31980631773115054,11.919999999999998,8.868479999999998,46.22,229.49,306.46,-5.229999999999997,13.828479999999994,0.1898491083676268,111.70130300000001,172.05,224.7770833333333,0.098,0.4969425768122122,0.39894257681221224,89.67314883333334,1.7812263876780003,Strong Creator
FP_202202_BU05_EU,2022-02-28,BU05,Europe,USD,44.55,17.46,12.71,1.97,2.3,0.2558,0,BS_202202_BU05_EU,36.91,73.9,0.51,24.55,183.6,348.98,0,2022,14.379999999999995,0.322783389450056,12.409999999999995,9.235521999999996,49.860000000000014,233.46,312.07000000000005,3.640000000000015,5.265521999999983,0.1820111435394003,113.44262499999999,174.65,226.0845833333333,0.098,0.5017707237151288,0.4037707237151288,91.28633583333333,1.7868308044660752,Strong Creator
FP_202203_BU05_EU,2022-03-31,BU05,Europe,USD,47.77,18.82,13.45,2.0,2.47,0.258,0,BS_202203_BU05_EU,37.1,70.48,0.49,23.61,184.07,353.0,0,2022,15.500000000000004,0.3244714255809086,13.500000000000004,10.017000000000003,47.36,231.43,315.9,-2.500000000000014,12.047000000000017,0.14886964886964904,114.679991,176.67,227.20125,0.098,0.5047507044965642,0.40675070449656425,92.4142685,1.7880794701986755,Strong Creator
FP_202204_BU05_EU,2022-04-30,BU05,Europe,USD,47.45,18.61,13.7,2.02,2.61,0.2632,0,BS_202204_BU05_EU,36.79,71.45,0.5,23.96,184.66,357.11,0,2022,15.140000000000004,0.31907270811380406,13.120000000000005,9.666816000000004,47.99,232.65,320.32,0.6300000000000026,8.446816000000002,0.15506329113924067,115.747323,178.52,228.25541666666666,0.098,0.5070956242367377,0.40909562423673773,93.37829216666665,1.7943087609231456,Strong Creator
FP_202205_BU05_EU,2022-05-31,BU05,Europe,USD,49.65,19.52,14.1,2.05,2.71,0.2607,0,BS_202205_BU05_EU,36.29,72.99,0.5,24.46,185.32,363.12,0,2022,16.03,0.3228600201409869,13.98,10.335414000000002,49.029999999999994,234.35,326.83,1.039999999999992,8.635414000000008,0.20480465906333412,117.564051,181.31,229.51291666666668,0.098,0.5122328307593436,0.4142328307593436,95.07178516666667,1.8026032761568582,Strong Creator
FP_202206_BU05_EU,2022-06-30,BU05,Europe,USD,52.77,20.82,14.68,2.08,2.89,0.2577,0,BS_202206_BU05_EU,35.86,78.78,0.54,26.82,186.13,370.34,0,2022,17.270000000000003,0.32726928178889525,15.190000000000003,11.275537000000002,52.50000000000001,238.63,334.47999999999996,3.470000000000013,6.995536999999988,0.24899408284023683,120.143742,185.09,230.9479166666667,0.098,0.5202200727075909,0.4222200727075909,97.51084616666667,1.8071208601221025,Strong Creator
FP_202207_BU05_EU,2022-07-31,BU05,Europe,USD,52.81,20.86,14.85,2.11,2.94,0.2565,0,BS_202207_BU05_EU,35.8,76.21,0.53,25.82,186.96,378.92,0,2022,17.1,0.3238023101685287,14.990000000000002,11.145065000000002,50.919999999999995,237.88,343.12,-1.5800000000000125,11.895065000000015,0.32256448785374414,123.140291,189.42000000000002,232.47291666666663,0.098,0.5296973633129308,0.43169736331293085,100.35794516666667,1.8114243480097136,Strong Creator
FP_202208_BU05_EU,2022-08-31,BU05,Europe,USD,54.87,21.58,15.11,2.14,2.8,0.2583,0,BS_202208_BU05_EU,36.17,79.07,0.54,26.74,187.62,387.45,0,2022,18.18,0.3313285948605796,16.04,11.896868,52.870000000000005,240.49,351.28,1.95000000000001,9.286867999999991,0.273972602739726,125.877239,193.46,233.88541666666666,0.098,0.5382004606956754,0.4402004606956754,102.95646816666667,1.8157758709810812,Strong Creator
FP_202209_BU05_EU,2022-09-30,BU05,Europe,USD,52.74,20.67,14.6,2.17,2.64,0.2589,0,BS_202209_BU05_EU,36.75,78.8,0.54,26.49,188.09,390.83,0,2022,17.47,0.33124762988244216,15.299999999999999,11.33883,52.85000000000001,240.94,354.08,-0.01999999999999602,10.888829999999995,0.11031578947368414,126.704372,195.01,234.86208333333335,0.098,0.5394841525789071,0.44148415257890716,103.68788783333333,1.8157017588841597,Strong Creator
FP_202210_BU05_EU,2022-10-31,BU05,Europe,USD,54.68,21.5,15.12,2.2,2.67,0.2537,0,BS_202210_BU05_EU,37.95,80.89,0.54,27.0,188.56,395.15,0,2022,18.060000000000002,0.33028529626920267,15.860000000000003,11.836318000000002,54.43000000000001,242.99,357.2,1.5799999999999983,9.786318000000003,0.13068651778329188,128.07883800000002,197.07,235.89666666666665,0.098,0.5429446706891436,0.4449446706891437,104.96096466666668,1.8125539148525904,Strong Creator
FP_202211_BU05_EU,2022-11-30,BU05,Europe,USD,56.53,22.21,15.54,2.22,2.83,0.2592,0,BS_202211_BU05_EU,39.52,83.19,0.57,28.32,189.17,400.84,0,2022,18.78,0.3322129842561472,16.560000000000002,12.267648000000001,55.43999999999999,244.60999999999999,361.32,1.0099999999999838,10.647648000000018,0.12385685884691866,129.43160600000002,199.23,236.78083333333333,0.098,0.5466304184249148,0.4486304184249148,106.22708433333335,1.8135822918235207,Strong Creator
FP_202212_BU05_EU,2022-12-31,BU05,Europe,USD,62.22,24.42,16.84,2.25,3.13,0.2565,0,BS_202212_BU05_EU,41.37,88.85,0.61,30.24,190.05,408.41,0,2022,20.959999999999997,0.3368691738990678,18.709999999999997,13.910884999999999,59.22,249.27,367.04,3.7800000000000082,9.250884999999993,0.18469154607768457,131.794383,202.74,238.01583333333335,0.098,0.5537210745783719,0.45572107457837197,108.46883133333334,1.8103975535168195,Strong Creator
FP_202301_BU05_EU,2023-01-31,BU05,Europe,USD,53.84,21.08,15.15,2.29,2.76,0.2562,0,BS_202301_BU05_EU,43.01,80.21,0.57,26.37,190.52,416.13,0,2023,17.610000000000007,0.3270802377414563,15.320000000000007,11.395016000000005,54.40999999999998,244.93,373.12,-4.8100000000000165,15.735016000000021,0.24141111367304613,134.320919,206.48000000000002,239.30249999999998,0.104,0.5613017791289269,0.4573017791289269,109.433459,1.8070515304145678,Strong Creator
FP_202302_BU05_EU,2023-02-28,BU05,Europe,USD,56.53,22.24,15.97,2.32,2.94,0.2576,0,BS_202302_BU05_EU,44.22,89.06,0.63,30.41,191.14,424.61,0,2023,18.320000000000007,0.32407571201132157,16.000000000000007,11.878400000000005,59.28,250.42,380.39,4.870000000000019,6.3883999999999865,0.2689113355780024,136.96379700000003,210.42000000000002,240.71583333333334,0.104,0.5689854094904435,0.46498540949044354,111.92935033333336,1.8077654215378764,Strong Creator
FP_202303_BU05_EU,2023-03-31,BU05,Europe,USD,59.62,23.6,16.68,2.35,3.26,0.2578,0,BS_202303_BU05_EU,44.76,84.27,0.62,28.88,192.05,431.71,0,2023,19.339999999999996,0.3243877893324387,16.989999999999995,12.609977999999996,56.010000000000005,248.06,386.95,-3.269999999999996,14.969977999999992,0.24806363826669453,139.55677500000002,214.26000000000002,242.10166666666666,0.104,0.5764387206476619,0.4724387206476619,114.37820166666668,1.8059833846728273,Strong Creator
FP_202304_BU05_EU,2023-04-30,BU05,Europe,USD,54.17,21.33,15.52,2.38,3.06,0.2576,0,BS_202304_BU05_EU,44.32,81.52,0.6,27.27,192.73,436.96,0,2023,17.320000000000004,0.3197341702049105,14.940000000000005,11.091456000000003,54.849999999999994,247.57999999999998,392.64,-1.1600000000000108,11.571456000000014,0.1416227608008429,140.981415,216.44,243.3458333333333,0.104,0.5793459171617897,0.47534591716178975,115.67344833333334,1.8140824246904454,Strong Creator
FP_202305_BU05_EU,2023-05-31,BU05,Europe,USD,57.11,22.56,16.41,2.41,3.16,0.2597,0,BS_202305_BU05_EU,43.54,83.37,0.59,28.08,193.48,441.27,0,2023,18.139999999999997,0.31763263876729114,15.729999999999997,11.644918999999996,55.88000000000001,249.36,397.72999999999996,1.0300000000000153,9.864918999999981,0.1502517623363544,142.29092000000003,218.55,244.59666666666666,0.104,0.5817369547145642,0.47773695471456423,116.8528666666667,1.8198581560283684,Strong Creator
FP_202306_BU05_EU,2023-06-30,BU05,Europe,USD,60.86,24.22,17.38,2.45,3.33,0.2591,0,BS_202306_BU05_EU,42.73,89.24,0.63,30.88,194.36,446.18,0,2023,19.26,0.31646401577390737,16.810000000000002,12.454529,58.989999999999995,253.35000000000002,403.45,3.109999999999985,8.464529000000015,0.1533068031078264,143.469912,220.54000000000002,245.8233333333333,0.104,0.5836301625828848,0.4796301625828848,117.90428533333333,1.8293733563072456,Strong Creator
FP_202307_BU05_EU,2023-07-31,BU05,Europe,USD,60.93,24.16,17.34,2.45,3.14,0.2563,0,BS_202307_BU05_EU,42.22,87.97,0.62,29.93,195.05,450.81,0,2023,19.429999999999996,0.3188905301165271,16.979999999999997,12.628025999999998,58.660000000000004,253.71,408.59000000000003,-0.3299999999999912,12.268025999999988,0.15375875781102066,144.952873,222.87,247.1425,0.104,0.5865153625944546,0.4825153625944546,119.25005300000001,1.8333108987302016,Strong Creator
FP_202308_BU05_EU,2023-08-31,BU05,Europe,USD,61.24,24.28,17.4,2.44,3.23,0.253,0,BS_202308_BU05_EU,42.19,86.78,0.62,29.72,195.84,454.11,0,2023,19.560000000000002,0.31939908556499025,17.12,12.788640000000001,57.68000000000001,253.52,411.92,-0.9799999999999969,12.978639999999997,0.11609258246765086,145.844645,224.25000000000003,248.22833333333332,0.104,0.5875422964072058,0.4835422964072058,120.02889833333334,1.8368784838350054,Strong Creator
FP_202309_BU05_EU,2023-09-30,BU05,Europe,USD,66.96,26.5,18.47,2.42,3.49,0.2562,0,BS_202309_BU05_EU,43.36,97.92,0.67,33.78,196.91,463.2,0,2023,21.989999999999995,0.3284050179211469,19.569999999999993,14.556165999999996,64.81,261.72,419.84,7.1299999999999955,6.356166,0.2696245733788394,149.061981,228.77,249.96,0.104,0.5963433389342294,0.49234333893422944,123.066141,1.835205665078463,Strong Creator
FP_202310_BU05_EU,2023-10-31,BU05,Europe,USD,68.56,27.2,18.64,2.41,3.4,0.259,0,BS_202310_BU05_EU,45.19,99.11,0.68,33.8,197.9,471.46,0,2023,22.72,0.3313885647607934,20.31,15.04971,65.99000000000001,263.89,426.27,1.1800000000000068,12.879709999999994,0.2538405267008048,152.275373,233.43,251.70166666666668,0.104,0.6049835704968183,0.5009835704968183,126.09839966666667,1.826114895257679,Strong Creator
FP_202311_BU05_EU,2023-11-30,BU05,Europe,USD,71.65,28.54,19.55,2.4,3.51,0.2603,0,BS_202311_BU05_EU,47.55,109.72,0.73,37.26,199.01,479.92,0,2023,23.560000000000006,0.3288206559665039,21.160000000000007,15.652052000000007,73.19,272.2,432.37,7.199999999999989,7.3420520000000185,0.2674686007429685,155.65977700000002,238.21,254.00083333333336,0.104,0.6128317571136578,0.5088317571136578,129.24369033333335,1.8150791318584443,Strong Creator
FP_202312_BU05_EU,2023-12-31,BU05,Europe,USD,72.68,28.99,19.76,2.39,3.51,0.2609,0,BS_202312_BU05_EU,49.7,108.62,0.74,36.67,200.13,484.0,0,2023,23.93000000000001,0.3292515134837646,21.54000000000001,15.920214000000007,72.69,272.82,434.3,-0.5,15.300214000000006,0.16811314689810364,157.669106,241.18,255.96333333333334,0.104,0.6159831720689161,0.5119831720689161,131.04891933333334,1.8007297454183597,Strong Creator
FP_202401_BU05_EU,2024-01-31,BU05,Europe,USD,60.35,23.82,16.8,2.38,3.05,0.2613,0,BS_202401_BU05_EU,51.26,94.92,0.65,30.58,200.8,486.76,0,2024,19.73,0.32692626346313175,17.35,12.816445000000002,64.99000000000001,265.79,435.5,-7.699999999999989,19.84644499999999,0.12091381872213969,159.09053500000002,243.3,257.70166666666665,0.101,0.6173438342786557,0.5163438342786557,133.06266666666667,1.7899712289354706,Strong Creator
FP_202402_BU05_EU,2024-02-29,BU05,Europe,USD,62.61,24.59,17.63,2.37,3.2,0.2585,0,BS_202402_BU05_EU,52.14,101.38,0.69,33.55,201.63,491.01,0,2024,20.389999999999997,0.3256668263855614,18.019999999999996,13.361829999999998,68.52,270.15,438.87,3.529999999999987,9.001830000000012,0.1075535114098709,160.57396500000002,245.37,259.34583333333336,0.101,0.6191499702777823,0.5181499702777823,134.38003583333335,1.788604963932021,Strong Creator
FP_202403_BU05_EU,2024-03-31,BU05,Europe,USD,65.8,25.86,18.65,2.36,3.57,0.2551,0,BS_202403_BU05_EU,52.23,97.68,0.68,32.59,202.84,492.99,0,2024,21.29,0.32355623100303954,18.93,14.100957,65.77000000000001,268.61,440.76,-2.749999999999986,15.640956999999986,0.10365649111036568,162.064944,247.32,261.05833333333334,0.101,0.6207997344144028,0.5197997344144029,135.69805233333332,1.782144590004852,Strong Creator
FP_202404_BU05_EU,2024-04-30,BU05,Europe,USD,67.82,26.69,19.15,2.36,3.78,0.2573,0,BS_202404_BU05_EU,52.11,104.39,0.72,34.61,204.26,499.86,0,2024,21.979999999999997,0.32409318785019164,19.619999999999997,14.571773999999998,70.5,274.76,447.75,4.72999999999999,8.421774000000008,0.25198449326195305,165.545262,251.98000000000002,263.3233333333333,0.101,0.6286767674721826,0.5276767674721826,138.94960533333335,1.7769267402174775,Strong Creator
FP_202405_BU05_EU,2024-05-31,BU05,Europe,USD,71.32,28.01,20.47,2.37,5.61,0.2553,0,BS_202405_BU05_EU,51.55,121.17,0.73,35.13,207.5,508.87,0,2024,22.83999999999999,0.3202467750981491,20.469999999999988,15.24400899999999,86.77000000000001,294.27,457.32,16.27000000000001,-4.265991000000021,0.24881807039047432,169.144352,256.68,267.06583333333333,0.101,0.6333432842713563,0.5323432842713564,142.17070283333334,1.7816736792893875,Strong Creator
FP_202406_BU05_EU,2024-06-30,BU05,Europe,USD,75.23,29.75,22.33,2.4,8.13,0.2582,0,BS_202406_BU05_EU,50.89,152.35,0.78,38.55,213.23,518.22,0,2024,23.150000000000006,0.3077229828525855,20.750000000000007,15.392350000000006,114.58,327.81,467.33000000000004,27.809999999999988,-18.147649999999985,0.23611567532040767,172.082173,260.57,273.2708333333333,0.101,0.6297129148433331,0.5287129148433332,144.48181883333334,1.7934911923859234,Strong Creator
FP_202407_BU05_EU,2024-07-31,BU05,Europe,USD,73.22,28.87,21.58,2.45,5.63,0.2549,0,BS_202407_BU05_EU,50.45,126.63,0.75,36.43,216.41,519.05,0,2024,22.769999999999996,0.3109806063916962,20.319999999999997,15.140431999999997,90.94999999999999,307.36,468.59999999999997,-23.63000000000001,35.59043200000001,0.2017068767438044,174.594579,263.90999999999997,277.7416666666667,0.101,0.6286222052866873,0.5276222052866874,146.54267066666668,1.7756053199954531,Strong Creator
FP_202408_BU05_EU,2024-08-31,BU05,Europe,USD,77.35,30.53,21.91,2.5,4.15,0.2572,0,BS_202408_BU05_EU,50.93,115.79,0.77,38.34,218.06,525.98,0,2024,24.909999999999993,0.3220426632191337,22.409999999999993,16.646147999999997,78.22,296.28,475.05,-12.72999999999999,27.726147999999988,0.2630633572828216,178.452087,269.26,281.305,0.101,0.6343722543147118,0.5333722543147118,150.040282,1.7642798781846543,Strong Creator
FP_202409_BU05_EU,2024-09-30,BU05,Europe,USD,79.93,31.43,22.8,2.54,4.05,0.2613,0,BS_202409_BU05_EU,52.09,119.78,0.8,40.55,219.57,531.79,0,2024,25.700000000000006,0.32153133992243216,23.160000000000007,17.108292000000006,80.03,299.6,479.69999999999993,1.8100000000000023,13.788292000000002,0.19369772998805268,181.004213,272.97,284.46166666666664,0.101,0.6363044100845456,0.5353044100845457,152.27358466666666,1.7573359709858223,Strong Creator
FP_202410_BU05_EU,2024-10-31,BU05,Europe,USD,81.37,31.94,22.7,2.58,4.07,0.259,0,BS_202410_BU05_EU,54.05,120.56,0.8,40.19,221.06,537.81,0,2024,26.730000000000008,0.32849944697062805,24.150000000000006,17.895150000000005,81.17,302.23,483.75999999999993,1.1400000000000006,15.265150000000006,0.18684364060676772,183.849653,276.98,287.6566666666667,0.101,0.6391287750443235,0.5381287750443235,154.79632966666665,1.746552097624377,Strong Creator
FP_202411_BU05_EU,2024-11-30,BU05,Europe,USD,83.27,32.72,22.83,2.63,4.18,0.26,0,BS_202411_BU05_EU,56.45,125.03,0.84,42.17,222.61,544.92,0,2024,27.72,0.332892998678996,25.09,18.5666,83.7,306.31,488.46999999999997,2.530000000000001,14.4866,0.1621772505233774,186.76420099999999,281.14,290.49916666666667,0.101,0.6429078717953867,0.5419078717953867,157.42378516666665,1.7374617628227929,Strong Creator
FP_202412_BU05_EU,2024-12-31,BU05,Europe,USD,89.08,35.1,24.51,2.67,4.46,0.2558,0,BS_202412_BU05_EU,59.26,127.23,0.88,43.36,224.4,554.9,0,2024,29.469999999999995,0.33082622361921865,26.799999999999997,19.944559999999996,84.75000000000001,309.15000000000003,495.64,1.0500000000000114,17.104559999999985,0.22564667033571806,190.78854699999997,286.68,293.5266666666667,0.101,0.6499871005473663,0.5489871005473663,161.14235366666662,1.728896330403237,Strong Creator
FP_202501_BU05_EU,2025-01-31,BU05,Europe,USD,77.21,30.5,21.75,2.72,3.92,0.26,0,BS_202501_BU05_EU,61.74,115.51,0.81,38.19,225.6,552.67,0,2025,24.959999999999994,0.3232741872814402,22.239999999999995,16.457599999999996,78.13000000000001,303.73,490.92999999999995,-6.6200000000000045,21.8776,0.27937033968516967,194.429702,291.90999999999997,296.68833333333333,0.099,0.655333156567217,0.556333156567217,165.057557,1.6817854818265905,Strong Creator
FP_202502_BU05_EU,2025-02-28,BU05,Europe,USD,80.68,31.79,22.66,2.76,4.17,0.2579,0,BS_202502_BU05_EU,63.54,126.6,0.9,43.37,227.01,557.8,0,2025,26.230000000000008,0.3251115518096183,23.470000000000006,17.417087000000006,84.13,311.14,494.25999999999993,5.999999999999986,10.00708700000002,0.2886120428046639,198.484959,297.75,300.1041666666667,0.099,0.6613868817771607,0.5623868817771607,168.7746465,1.6599832073887488,Strong Creator
FP_202503_BU05_EU,2025-03-31,BU05,Europe,USD,86.21,34.01,23.81,2.8,4.74,0.2584,0,BS_202503_BU05_EU,64.54,123.97,0.88,42.07,228.95,565.73,0,2025,28.389999999999997,0.32931214476278853,25.589999999999996,18.977543999999998,82.78,311.73,501.19,-1.3499999999999943,18.38754399999999,0.3101823708206686,203.361546,304.84999999999997,303.6975,0.099,0.6696187686760675,0.5706187686760675,173.2954935,1.644054453009677,Strong Creator
FP_202504_BU05_EU,2025-04-30,BU05,Europe,USD,83.27,32.86,23.22,2.85,4.51,0.2597,0,BS_202504_BU05_EU,64.3,126.42,0.9,42.44,230.61,592.03,0,2025,27.189999999999998,0.326528161402666,24.339999999999996,18.018901999999997,84.88000000000001,315.49,527.73,2.1000000000000085,14.258901999999992,0.22780890592745506,206.808674,310.06,307.0916666666667,0.099,0.6734428069794577,0.5744428069794577,176.406599,1.7020254144359157,Strong Creator
FP_202505_BU05_EU,2025-05-31,BU05,Europe,USD,88.76,34.91,24.57,2.9,4.94,0.2569,0,BS_202505_BU05_EU,63.59,131.72,0.91,44.01,232.65,629.59,0,2025,29.28000000000001,0.3298783235691754,26.38000000000001,19.602978000000007,88.62,321.27,566.0,3.739999999999995,13.82297800000001,0.24453168816601245,211.16764300000003,316.5,309.3416666666667,0.099,0.6826356283505294,0.5836356283505294,180.542818,1.7883096366508688,Strong Creator
FP_202506_BU05_EU,2025-06-30,BU05,Europe,USD,92.63,36.34,25.56,2.95,5.24,0.2613,0,BS_202506_BU05_EU,62.77,137.71,0.96,46.68,234.94,675.78,0,2025,30.729999999999993,0.33174997301090353,27.779999999999994,20.521085999999997,91.99000000000001,326.93,613.01,3.3700000000000045,14.861085999999993,0.23129070849395172,216.296379,324.08,309.2683333333334,0.099,0.699380944271695,0.600380944271695,185.678814,1.8915391261416934,Strong Creator
FP_202507_BU05_EU,2025-07-31,BU05,Europe,USD,83.64,32.94,23.79,3.01,4.63,0.2563,0,BS_202507_BU05_EU,61.93,128.47,0.88,41.59,236.56,717.41,0,2025,26.910000000000004,0.3217360114777619,23.900000000000006,17.774430000000006,87.75999999999999,324.32,655.48,-4.230000000000018,20.384430000000027,0.14231084403168537,218.930377,328.22,310.6816666666667,0.099,0.7046774898207704,0.6056774898207704,188.172892,1.997075132533057,Strong Creator
FP_202508_BU05_EU,2025-08-31,BU05,Europe,USD,87.66,34.6,25.54,3.07,6.76,0.2592,0,BS_202508_BU05_EU,61.94,151.31,0.89,43.62,240.25,760.16,0,2025,27.519999999999996,0.3139402235911476,24.449999999999996,18.11256,108.57999999999998,348.83,698.22,20.819999999999993,-6.397439999999994,0.13329023917259208,220.396789,330.83,315.06083333333333,0.099,0.6995372502135832,0.6005372502135832,189.2057665,2.110509929571079,Strong Creator
FP_202509_BU05_EU,2025-09-30,BU05,Europe,USD,94.69,37.28,28.55,3.15,9.62,0.2579,0,BS_202509_BU05_EU,63.29,187.65,0.95,47.66,246.72,812.35,0,2025,28.859999999999996,0.30478403210476285,25.709999999999997,19.079390999999998,140.94,387.65999999999997,749.0600000000001,32.360000000000014,-19.75060900000002,0.18466157888152113,222.367888,333.99,322.39916666666664,0.099,0.6897284825488073,0.5907284825488073,190.4503705,2.242761759334112,Strong Creator
FP_202510_BU05_EU,2025-10-31,BU05,Europe,USD,96.45,38.0,27.71,3.24,6.9,0.2553,0,BS_202510_BU05_EU,65.63,165.19,0.95,47.87,250.38,843.96,0,2025,30.740000000000002,0.31871435977190254,27.5,20.479249999999997,118.26999999999998,368.65,778.33,-22.670000000000016,39.48925000000001,0.18532628732948253,224.951988,338.0,327.93416666666667,0.099,0.6859669130745246,0.5869669130745246,192.4865055,2.302751479289941,Strong Creator
FP_202511_BU05_EU,2025-11-30,BU05,Europe,USD,101.04,39.83,28.1,3.3,5.35,0.2589,0,BS_202511_BU05_EU,68.79,153.73,1.02,51.36,252.43,865.41,0,2025,33.11000000000001,0.3276920031670626,29.810000000000006,22.092191000000003,103.39,355.82,796.62,-14.879999999999981,34.922190999999984,0.21340218566110258,228.47757900000002,343.39000000000004,332.06,0.099,0.6880611305185811,0.5890611305185811,195.60363900000002,2.319869536095984,Strong Creator
FP_202512_BU05_EU,2025-12-31,BU05,Europe,USD,114.5,45.29,31.27,3.36,5.63,0.2611,0,BS_202512_BU05_EU,72.58,160.69,1.11,55.6,254.7,879.36,0,2025,37.94000000000001,0.33135371179039314,34.58000000000001,25.55116200000001,106.20000000000002,360.9,806.78,2.8100000000000165,20.471161999999993,0.2853614728334082,234.08418100000003,351.86,336.3725,0.099,0.6959076054076955,0.5969076054076955,200.78330350000005,2.292900585460126,Strong Creator
FP_202101_BU05_LATAM,2021-01-31,BU05,Latin America,USD,18.8,7.53,5.48,0.83,0.95,0.2704,0,BS_202101_BU05_LATAM,14.89,31.15,0.2,9.74,88.77,143.67,0,2021,5.789999999999999,0.30797872340425525,4.959999999999999,3.6188159999999994,21.61,110.38,128.77999999999997,0.0,3.498815999999999,,,,,0.091,,,,,Not Available
FP_202102_BU05_LATAM,2021-02-28,BU05,Latin America,USD,19.84,7.92,5.6,0.84,0.98,0.2707,0,BS_202102_BU05_LATAM,14.65,33.77,0.22,11.04,88.91,146.42,0,2021,6.32,0.3185483870967742,5.48,3.9965640000000007,22.950000000000003,111.86,131.76999999999998,1.3400000000000034,2.5165639999999976,,,,,0.091,,,,,Not Available
FP_202103_BU05_LATAM,2021-03-31,BU05,Latin America,USD,21.2,8.43,5.89,0.85,1.14,0.2708,0,BS_202103_BU05_LATAM,14.47,32.38,0.21,10.54,89.2,148.27,0,2021,6.88,0.32452830188679244,6.03,4.397076,22.050000000000004,111.25,133.8,-0.8999999999999986,5.007075999999999,,,,,0.091,,,,,Not Available
FP_202104_BU05_LATAM,2021-04-30,BU05,Latin America,USD,20.24,8.04,5.68,0.86,1.11,0.2716,0,BS_202104_BU05_LATAM,14.46,32.83,0.21,10.52,89.45,150.25,0,2021,6.52,0.3221343873517787,5.659999999999999,4.122743999999999,22.52,111.97,135.79,0.4699999999999953,3.4027440000000038,,,,,0.091,,,,,Not Available
FP_202105_BU05_LATAM,2021-05-31,BU05,Latin America,USD,20.4,8.08,5.73,0.88,1.13,0.2687,0,BS_202105_BU05_LATAM,14.65,32.25,0.21,10.28,89.7,152.2,0,2021,6.589999999999998,0.3230392156862744,5.709999999999998,4.175722999999999,22.18,111.88,137.54999999999998,-0.33999999999999986,4.265722999999999,,,,,0.091,,,,,Not Available
FP_202106_BU05_LATAM,2021-06-30,BU05,Latin America,USD,21.48,8.51,6.02,0.89,1.18,0.2716,0,BS_202106_BU05_LATAM,15.11,33.77,0.22,11.0,89.99,154.73,0,2021,6.950000000000001,0.32355679702048423,6.060000000000001,4.414104000000001,22.990000000000002,112.97999999999999,139.62,0.8100000000000023,3.3141039999999986,,,,,0.091,,,,,Not Available
FP_202107_BU05_LATAM,2021-07-31,BU05,Latin America,USD,20.81,8.25,5.92,0.9,1.13,0.27,0,BS_202107_BU05_LATAM,15.69,32.26,0.21,10.36,90.22,156.04,0,2021,6.639999999999999,0.3190773666506487,5.739999999999998,4.190199999999999,22.11,112.33,140.35,-0.8800000000000026,4.840200000000002,,,,,0.091,,,,,Not Available
FP_202108_BU05_LATAM,2021-08-31,BU05,Latin America,USD,21.46,8.54,6.02,0.91,1.1,0.2674,0,BS_202108_BU05_LATAM,16.34,33.0,0.22,10.71,90.41,157.83,0,2021,6.900000000000002,0.3215284249767009,5.990000000000002,4.388274000000001,22.509999999999998,112.91999999999999,141.49,0.3999999999999986,3.798274000000003,,,,,0.091,,,,,Not Available
FP_202109_BU05_LATAM,2021-09-30,BU05,Latin America,USD,22.66,8.98,6.41,0.92,1.14,0.2753,0,BS_202109_BU05_LATAM,16.99,35.89,0.24,11.69,90.63,160.48,0,2021,7.27,0.32082965578111206,6.35,4.601845,24.440000000000005,115.07,143.48999999999998,1.9300000000000068,2.4518449999999934,,,,,0.091,,,,,Not Available
FP_202110_BU05_LATAM,2021-10-31,BU05,Latin America,USD,24.15,9.57,6.69,0.94,1.21,0.2728,0,BS_202110_BU05_LATAM,17.53,37.53,0.25,12.13,90.9,163.8,0,2021,7.889999999999998,0.3267080745341614,6.9499999999999975,5.054039999999999,25.65,116.55000000000001,146.27,1.2099999999999937,3.5740400000000045,,,,,0.091,,,,,Not Available
FP_202111_BU05_LATAM,2021-11-30,BU05,Latin America,USD,24.71,9.73,6.91,0.95,1.18,0.2716,0,BS_202111_BU05_LATAM,17.73,39.22,0.26,12.65,91.13,165.72,0,2021,8.07,0.3265884257385674,7.12,5.186208,26.83,117.96,147.99,1.1799999999999997,3.7762080000000005,,,,,0.091,,,,,Not Available
FP_202112_BU05_LATAM,2021-12-31,BU05,Latin America,USD,25.71,10.23,7.18,0.96,1.24,0.2686,0,BS_202112_BU05_LATAM,17.62,41.32,0.27,13.2,91.41,167.88,0,2021,8.3,0.3228315830416181,7.340000000000001,5.368476000000001,28.390000000000004,119.8,150.26,1.5600000000000058,3.528475999999995,,53.51407,84.12,113.74583333333334,0.091,0.47047059599252716,0.3794705959925272,43.163199166666665,1.7862577270565856,Strong Creator
FP_202201_BU05_LATAM,2022-01-31,BU05,Latin America,USD,21.39,8.43,6.22,0.97,1.09,0.2706,0,BS_202201_BU05_LATAM,17.31,35.5,0.23,10.9,91.53,169.76,0,2022,6.740000000000001,0.3151005142589996,5.770000000000001,4.208638000000001,24.83,116.36,152.45,-3.560000000000006,7.648638000000007,0.13776595744680842,54.103891999999995,85.07000000000001,114.24416666666667,0.098,0.47358122150656845,0.3755812215065685,42.90796366666666,1.792053602915246,Strong Creator
FP_202202_BU05_LATAM,2022-02-28,BU05,Latin America,USD,21.81,8.72,6.27,0.98,1.15,0.2722,0,BS_202202_BU05_LATAM,16.9,38.58,0.25,12.42,91.7,171.48,0,2022,6.8199999999999985,0.31270059605685463,5.839999999999998,4.250351999999999,26.409999999999997,118.11,154.57999999999998,1.5799999999999983,2.5003519999999995,0.09929435483870952,54.357679999999995,85.57,114.76499999999999,0.098,0.47364335816668846,0.3756433581666885,43.11071,1.8064742316232325,Strong Creator
FP_202203_BU05_LATAM,2022-03-31,BU05,Latin America,USD,24.76,9.82,6.95,1.0,1.31,0.2709,0,BS_202203_BU05_LATAM,16.7,39.61,0.25,12.67,92.01,173.94,0,2022,7.990000000000001,0.32269789983844915,6.990000000000001,5.096409000000001,27.189999999999998,119.2,157.24,0.7800000000000011,4.006409,0.16792452830188687,55.057013,86.68,115.4275,0.098,0.47698350046566024,0.3789835004656602,43.745118,1.8140286109829256,Strong Creator
FP_202204_BU05_LATAM,2022-04-30,BU05,Latin America,USD,23.88,9.46,6.72,1.01,1.33,0.2712,0,BS_202204_BU05_LATAM,16.7,38.98,0.25,12.46,92.33,176.36,0,2022,7.699999999999998,0.32244556113902845,6.689999999999999,4.875671999999999,26.769999999999996,119.1,159.66000000000003,-0.4200000000000017,4.975672,0.17984189723320165,55.809941,87.85999999999999,116.02166666666666,0.098,0.4810303334147358,0.3830303334147358,44.43981766666667,1.8172091964488966,Strong Creator
FP_202205_BU05_LATAM,2022-05-31,BU05,Latin America,USD,24.47,9.75,6.88,1.02,1.32,0.2754,0,BS_202205_BU05_LATAM,17.02,39.35,0.25,12.55,92.63,179.07,0,2022,7.839999999999999,0.32039231712300775,6.8199999999999985,4.941771999999999,27.05,119.67999999999999,162.04999999999998,0.2800000000000047,4.361771999999995,0.19950980392156858,56.575990000000004,89.11,116.67166666666667,0.098,0.484916275016785,0.38691627501678505,45.14216666666667,1.8185388845247445,Strong Creator
FP_202206_BU05_LATAM,2022-06-30,BU05,Latin America,USD,25.8,10.22,7.12,1.04,1.39,0.2696,0,BS_202206_BU05_LATAM,17.63,41.2,0.26,13.35,92.98,181.88,0,2022,8.46,0.32790697674418606,7.420000000000001,5.419568,28.11,121.09,164.25,1.0599999999999987,4.009568000000002,0.2011173184357542,57.581454,90.62,117.34750000000001,0.098,0.49069178295234234,0.3926917829523423,46.081399,1.812513793864489,Strong Creator
FP_202207_BU05_LATAM,2022-07-31,BU05,Latin America,USD,26.34,10.46,7.2,1.05,1.4,0.2632,0,BS_202207_BU05_LATAM,18.51,42.09,0.26,13.44,93.33,186.14,0,2022,8.68,0.3295368261199696,7.63,5.621784,28.910000000000004,122.24000000000001,167.63,0.8000000000000043,4.471783999999996,0.26573762614127827,59.013038,92.66,118.17333333333335,0.098,0.49937694347286465,0.4013769434728647,47.432051333333334,1.8090869846751565,Strong Creator
FP_202208_BU05_LATAM,2022-08-31,BU05,Latin America,USD,26.32,10.39,7.18,1.07,1.34,0.2725,0,BS_202208_BU05_LATAM,19.4,42.44,0.27,13.41,93.6,190.01,0,2022,8.75,0.3324468085106383,7.68,5.5872,29.3,122.89999999999999,170.60999999999999,0.389999999999997,4.927200000000004,0.22646784715750234,60.211964,94.50999999999999,119.005,0.098,0.5059616318642074,0.4079616318642074,48.549474000000004,1.8052057983282193,Strong Creator
FP_202209_BU05_LATAM,2022-09-30,BU05,Latin America,USD,26.98,10.58,7.47,1.08,1.39,0.2699,0,BS_202209_BU05_LATAM,20.17,45.01,0.28,14.3,93.91,193.4,0,2022,8.93,0.33098591549295775,7.85,5.731285,30.99,124.89999999999999,173.23000000000002,1.6899999999999977,3.7312850000000024,0.19064430714916147,61.341404,96.17,119.82416666666667,0.098,0.5119284840982272,0.41392848409822725,49.59863566666667,1.8012893833835917,Strong Creator
FP_202210_BU05_LATAM,2022-10-31,BU05,Latin America,USD,27.28,10.77,7.66,1.1,1.38,0.2724,0,BS_202210_BU05_LATAM,20.62,43.79,0.28,13.86,94.19,195.22,0,2022,8.850000000000001,0.3244134897360704,7.750000000000002,5.638900000000001,30.21,124.4,174.6,-0.7799999999999976,6.138899999999999,0.1296066252587993,61.926264,97.13,120.47833333333331,0.098,0.5140033256325481,0.41600332563254816,50.119387333333336,1.7975908576135078,Strong Creator
FP_202211_BU05_LATAM,2022-11-30,BU05,Latin America,USD,29.52,11.63,8.1,1.11,1.47,0.2697,0,BS_202211_BU05_LATAM,20.88,47.63,0.31,15.32,94.55,199.5,0,2022,9.790000000000001,0.331639566395664,8.680000000000001,6.339004000000001,32.620000000000005,127.17,178.62,2.4100000000000037,3.569003999999998,0.19465803318494523,63.079060000000005,98.85000000000001,121.24583333333334,0.098,0.5202575483693598,0.4222575483693598,51.19696833333334,1.8069802731411229,Strong Creator
FP_202212_BU05_LATAM,2022-12-31,BU05,Latin America,USD,31.75,12.64,8.75,1.13,1.57,0.2735,0,BS_202212_BU05_LATAM,20.92,49.34,0.32,16.03,94.99,203.72,0,2022,10.36,0.3262992125984252,9.23,6.705595,33.63,128.62,182.8,1.009999999999998,5.255595000000001,0.23492804356281605,64.416179,100.91000000000001,121.98083333333334,0.098,0.5280844312972667,0.4300844312972667,52.462057333333334,1.8115152115746704,Strong Creator
FP_202301_BU05_LATAM,2023-01-31,BU05,Latin America,USD,27.13,10.72,7.76,1.14,1.38,0.2679,0,BS_202301_BU05_LATAM,20.72,44.29,0.29,13.78,95.23,207.61,0,2023,8.649999999999997,0.31883523774419453,7.509999999999997,5.498070999999998,30.799999999999997,126.03,186.89000000000001,-2.8300000000000054,8.088071000000003,0.26834969611968207,65.705612,102.82,122.78666666666668,0.104,0.5351200890433272,0.4311200890433272,52.93579866666667,1.8176424820073918,Strong Creator
FP_202302_BU05_LATAM,2023-02-28,BU05,Latin America,USD,27.5,10.85,7.94,1.16,1.37,0.2686,0,BS_202302_BU05_LATAM,20.44,48.25,0.31,15.39,95.44,211.68,0,2023,8.709999999999997,0.31672727272727264,7.549999999999997,5.5220699999999985,33.17,128.61,191.24,2.3700000000000045,2.942069999999994,0.2608895002292526,66.97733,104.71,123.66166666666665,0.104,0.5416175586614015,0.4376175586614015,54.11651666666666,1.8263776143634802,Strong Creator
FP_202303_BU05_LATAM,2023-03-31,BU05,Latin America,USD,29.65,11.65,8.49,1.17,1.57,0.2719,0,BS_202303_BU05_LATAM,20.23,47.22,0.3,14.93,95.84,214.63,0,2023,9.51,0.3207419898819562,8.34,6.072354,32.589999999999996,128.43,194.4,-0.5800000000000054,6.252354000000005,0.19749596122778668,67.95327499999999,106.22999999999999,124.43083333333334,0.104,0.5461128337697649,0.44211283376976496,55.012468333333324,1.8299915278170011,Strong Creator
FP_202304_BU05_LATAM,2023-04-30,BU05,Latin America,USD,29.79,11.82,8.49,1.19,1.61,0.2751,0,BS_202304_BU05_LATAM,20.33,47.48,0.31,15.36,96.26,218.6,0,2023,9.479999999999999,0.3182275931520644,8.29,6.009421,32.43,128.69,198.26999999999998,-0.1599999999999966,5.7494209999999955,0.2474874371859297,69.087024,108.01,125.23,0.104,0.551681098778248,0.447681098778248,56.063103999999996,1.8356633645032865,Strong Creator
FP_202305_BU05_LATAM,2023-05-31,BU05,Latin America,USD,28.42,11.35,8.06,1.2,1.55,0.2693,0,BS_202305_BU05_LATAM,20.65,45.2,0.29,14.43,96.61,220.7,0,2023,9.01,0.31703026038001403,7.81,5.706767,31.060000000000002,127.67,200.04999999999998,-1.3699999999999974,6.726766999999998,0.16142214957090317,69.852019,109.17999999999999,125.89583333333336,0.104,0.5548398000992883,0.45083980009928837,56.75885233333333,1.8322952921780546,Strong Creator
FP_202306_BU05_LATAM,2023-06-30,BU05,Latin America,USD,28.82,11.51,8.15,1.22,1.6,0.2753,0,BS_202306_BU05_LATAM,21.25,48.26,0.3,15.41,96.99,222.68,0,2023,9.160000000000002,0.31783483691880643,7.940000000000002,5.754118000000002,33.14999999999999,130.14,201.43,2.089999999999989,3.284118000000012,0.11705426356589155,70.186569,109.88,126.64999999999999,0.104,0.5541774101855508,0.4501774101855508,57.01496900000001,1.8331816527120497,Strong Creator
FP_202307_BU05_LATAM,2023-07-31,BU05,Latin America,USD,29.99,11.9,8.35,1.23,1.62,0.2704,0,BS_202307_BU05_LATAM,22.12,49.45,0.3,15.6,97.38,224.96,0,2023,9.739999999999997,0.32477492497499155,8.509999999999996,6.2088959999999975,34.15,131.53,202.84,1.000000000000007,4.818895999999991,0.1385725132877751,70.773681,110.94,127.42416666666666,0.104,0.5554180407955058,0.45141804079550585,57.52156766666666,1.8283756985758068,Strong Creator
FP_202308_BU05_LATAM,2023-08-31,BU05,Latin America,USD,31.76,12.53,8.78,1.22,1.64,0.2698,0,BS_202308_BU05_LATAM,23.17,51.49,0.32,16.31,97.8,228.77,0,2023,10.450000000000005,0.329030226700252,9.230000000000004,6.739746000000003,35.5,133.3,205.60000000000002,1.3500000000000014,4.9697460000000016,0.20668693009118555,71.926227,112.64,128.29083333333332,0.104,0.5606497762245939,0.4566497762245939,58.58398033333333,1.825284090909091,Strong Creator
FP_202309_BU05_LATAM,2023-09-30,BU05,Latin America,USD,32.6,12.87,9.06,1.21,1.7,0.2704,0,BS_202309_BU05_LATAM,24.11,54.86,0.34,17.38,98.29,232.32,0,2023,10.670000000000003,0.3273006134969326,9.460000000000004,6.902016000000003,37.82000000000001,136.11,208.20999999999998,2.3200000000000074,4.0920159999999965,0.20830244625648642,73.096958,114.38,129.225,0.104,0.5656564751402593,0.4616564751402593,59.657558,1.8203357230285013,Strong Creator
FP_202310_BU05_LATAM,2023-10-31,BU05,Latin America,USD,34.14,13.55,9.33,1.2,1.7,0.2726,0,BS_202310_BU05_LATAM,24.86,56.34,0.35,17.79,98.79,236.67,0,2023,11.26,0.3298183948447569,10.06,7.3176440000000005,38.900000000000006,137.69,211.81,1.0799999999999983,5.737644000000002,0.25146627565982405,74.775702,116.79,130.3325,0.104,0.5737302821629293,0.46973028216292934,61.221121999999994,1.8135970545423408,Strong Creator
FP_202311_BU05_LATAM,2023-11-30,BU05,Latin America,USD,36.74,14.6,9.85,1.2,1.77,0.2707,0,BS_202311_BU05_LATAM,25.27,59.72,0.39,19.34,99.36,240.87,0,2023,12.290000000000001,0.3345127925966249,11.090000000000002,8.087937000000002,40.769999999999996,140.13,215.6,1.8699999999999903,5.647937000000011,0.2445799457994582,76.52463500000002,119.28999999999999,131.4125,0.104,0.5823238656900981,0.4783238656900981,62.85773500000002,1.8073602146030683,Strong Creator
FP_202312_BU05_LATAM,2023-12-31,BU05,Latin America,USD,35.5,14.15,10.0,1.19,1.78,0.2716,0,BS_202312_BU05_LATAM,25.08,56.39,0.37,18.04,99.95,241.74,0,2023,11.350000000000001,0.31971830985915495,10.160000000000002,7.400544000000001,38.72,138.67000000000002,216.66000000000003,-2.049999999999997,8.860543999999997,0.11811023622047245,77.21958400000001,120.28,132.25,0.104,0.5838909943289226,0.47989099432892257,63.465584000000014,1.8012969737279683,Strong Creator
FP_202401_BU05_LATAM,2024-01-31,BU05,Latin America,USD,30.43,12.09,8.86,1.19,1.55,0.268,0,BS_202401_BU05_LATAM,24.6,50.76,0.34,15.7,100.31,242.78,0,2024,9.48,0.31153466973381533,8.290000000000001,6.068280000000001,35.400000000000006,135.71,218.18,-3.319999999999993,9.028279999999995,0.12163656468853667,77.78979300000002,121.11000000000001,133.05666666666667,0.101,0.5846365683793874,0.4836365683793874,64.35106966666669,1.8015027660804226,Strong Creator
FP_202402_BU05_LATAM,2024-02-29,BU05,Latin America,USD,33.02,13.21,9.41,1.18,1.71,0.273,0,BS_202402_BU05_LATAM,24.2,56.26,0.36,18.18,100.84,246.32,0,2024,10.400000000000002,0.3149606299212599,9.220000000000002,6.702940000000002,38.44,139.28,222.12,3.039999999999992,3.1329400000000094,0.20072727272727287,78.97066300000002,122.80000000000001,133.94583333333335,0.101,0.5895716278346347,0.4885716278346347,65.44213383333334,1.8087947882736155,Strong Creator
FP_202403_BU05_LATAM,2024-03-31,BU05,Latin America,USD,36.2,14.44,9.95,1.18,1.94,0.2741,0,BS_202403_BU05_LATAM,23.99,57.36,0.36,18.53,101.6,250.07,0,2024,11.810000000000006,0.32624309392265205,10.630000000000006,7.7163170000000045,39.19,140.79,226.07999999999998,0.75,6.206317000000006,0.22091062394603722,80.61462600000002,125.10000000000002,134.97583333333333,0.101,0.5972522933117659,0.4962522933117659,66.98206683333335,1.807194244604316,Strong Creator
FP_202404_BU05_LATAM,2024-04-30,BU05,Latin America,USD,35.17,13.97,10.16,1.18,2.01,0.2701,0,BS_202404_BU05_LATAM,24.01,60.21,0.37,18.8,102.43,252.14,0,2024,11.040000000000003,0.3139038953653683,9.860000000000003,7.1968140000000025,41.78,144.21,228.13,2.5900000000000034,3.776814,0.180597515944948,81.80201900000002,126.66000000000001,136.26916666666668,0.101,0.6002973453275686,0.49929734532756864,68.03883316666668,1.8011211116374544,Strong Creator
FP_202405_BU05_LATAM,2024-05-31,BU05,Latin America,USD,37.96,15.1,10.87,1.19,3.13,0.275,0,BS_202405_BU05_LATAM,24.7,71.22,0.38,19.63,104.37,258.13,0,2024,11.99,0.31585879873551104,10.8,7.83,51.97,156.34,233.43,10.189999999999998,-4.299999999999998,0.3356790992258971,83.92525200000001,129.64000000000001,138.65833333333333,0.101,0.6052665568844283,0.5042665568844283,69.92076033333335,1.800601666152422,Strong Creator
FP_202406_BU05_LATAM,2024-06-30,BU05,Latin America,USD,40.01,15.9,11.69,1.21,4.53,0.2758,0,BS_202406_BU05_LATAM,25.88,88.21,0.4,21.15,107.69,265.46,0,2024,12.42,0.3104223944013997,11.21,8.118282,67.46000000000001,175.15,239.57999999999998,15.490000000000009,-10.691718000000009,0.3882720333102012,86.28941600000002,132.9,142.40916666666666,0.101,0.6059259949324425,0.5049259949324425,71.90609016666669,1.802708803611738,Strong Creator
FP_202407_BU05_LATAM,2024-07-31,BU05,Latin America,USD,38.78,15.45,11.2,1.24,3.15,0.2739,0,BS_202407_BU05_LATAM,27.22,72.33,0.39,19.87,109.6,266.8,0,2024,12.130000000000003,0.312790097988654,10.890000000000002,7.907229000000001,52.849999999999994,162.45,239.58,-14.610000000000014,20.607229000000014,0.2930976992330778,87.98774900000002,135.29000000000002,144.98583333333335,0.101,0.6068713540978142,0.5058713540978143,73.34417983333336,1.770862591470175,Strong Creator
FP_202408_BU05_LATAM,2024-08-31,BU05,Latin America,USD,38.24,15.17,10.44,1.26,2.08,0.2743,0,BS_202408_BU05_LATAM,28.49,64.29,0.39,19.85,110.42,269.13,0,2024,12.63,0.33028242677824265,11.370000000000001,8.251209000000001,44.830000000000005,155.25,240.64,-8.019999999999989,15.45120899999999,0.20403022670025184,89.49921200000003,137.47000000000003,146.81500000000003,0.101,0.6096053672989818,0.5086053672989819,74.67089700000002,1.7504910162217207,Strong Creator
FP_202409_BU05_LATAM,2024-09-30,BU05,Latin America,USD,39.54,15.66,10.97,1.29,1.99,0.2717,0,BS_202409_BU05_LATAM,29.66,66.21,0.41,21.04,111.12,272.68,0,2024,12.909999999999998,0.3265048052604957,11.619999999999997,8.462845999999997,45.57999999999999,156.7,243.02,0.7499999999999858,7.012846000000012,0.21288343558282197,91.06004200000001,139.71,148.53083333333333,0.101,0.6130716428126596,0.5120716428126596,76.05842783333334,1.7394603106434758,Strong Creator
FP_202410_BU05_LATAM,2024-10-31,BU05,Latin America,USD,40.55,16.09,11.44,1.31,2.0,0.2707,0,BS_202410_BU05_LATAM,30.45,66.41,0.42,21.0,111.81,275.18,0,2024,13.019999999999998,0.32108508014796544,11.709999999999997,8.540102999999998,45.83,157.64,244.73000000000002,0.2500000000000071,7.600102999999992,0.1877562975981253,92.28250100000001,141.47000000000003,150.19333333333333,0.101,0.6144247481024459,0.5134247481024459,77.11297433333334,1.7299074008623734,Strong Creator
FP_202411_BU05_LATAM,2024-11-30,BU05,Latin America,USD,44.3,17.67,11.99,1.33,2.13,0.2715,0,BS_202411_BU05_LATAM,30.86,72.99,0.46,23.59,112.61,279.63,0,2024,14.639999999999995,0.3304740406320541,13.309999999999995,9.696334999999996,49.859999999999985,162.46999999999997,248.76999999999998,4.029999999999987,4.86633500000001,0.20577027762656486,93.89089900000002,143.82,152.055,0.101,0.6174798526848838,0.5164798526848838,78.53334400000001,1.729731608955639,Strong Creator
FP_202412_BU05_LATAM,2024-12-31,BU05,Latin America,USD,48.11,19.2,12.66,1.35,2.4,0.269,0,BS_202412_BU05_LATAM,31.16,75.98,0.49,24.64,113.66,288.64,0,2024,16.25,0.3377676158802744,14.9,10.8919,51.83,165.49,257.47999999999996,1.970000000000013,7.871899999999986,0.3552112676056338,97.382255,148.72,154.29,0.101,0.6311637500810163,0.5301637500810163,81.798965,1.7313071543840772,Strong Creator
FP_202501_BU05_LATAM,2025-01-31,BU05,Latin America,USD,41.23,16.42,11.73,1.37,2.05,0.275,0,BS_202501_BU05_LATAM,31.01,67.2,0.45,21.11,114.34,288.75,0,2025,13.079999999999995,0.31724472471501325,11.709999999999994,8.489749999999995,46.540000000000006,160.88,257.74,-5.289999999999992,13.099749999999986,0.354912914886625,99.803725,152.32,156.3875,0.099,0.6381822396291265,0.5391822396291265,84.3213625,1.6920955882352942,Strong Creator
FP_202502_BU05_LATAM,2025-02-28,BU05,Latin America,USD,42.09,16.8,11.85,1.4,2.16,0.2711,0,BS_202502_BU05_LATAM,30.64,75.01,0.48,24.07,115.1,291.69,0,2025,13.440000000000003,0.3193157519600856,12.040000000000003,8.775956000000003,51.42000000000001,166.52,261.05,4.880000000000003,3.135956,0.27468201090248323,101.876741,155.36,158.6575,0.099,0.6421173975387233,0.5431173975387233,86.1696485,1.6802909371781667,Strong Creator
FP_202503_BU05_LATAM,2025-03-31,BU05,Latin America,USD,43.93,17.6,12.47,1.42,2.44,0.275,0,BS_202503_BU05_LATAM,30.34,70.55,0.46,22.62,116.12,292.65,0,2025,13.859999999999998,0.3155019348964261,12.439999999999998,9.018999999999998,48.389999999999986,164.51,262.31,-3.0300000000000225,11.029000000000021,0.21353591160220975,103.179424,157.41,160.63416666666666,0.099,0.6423255160535586,0.5433255160535586,87.2766415,1.666412553205006,Strong Creator
FP_202504_BU05_LATAM,2025-04-30,BU05,Latin America,USD,43.45,17.39,12.24,1.45,2.36,0.2712,0,BS_202504_BU05_LATAM,30.46,71.71,0.46,23.03,117.03,306.37,0,2025,13.820000000000002,0.3180667433831991,12.370000000000003,9.015256000000003,49.139999999999986,166.17,275.91,0.75,7.3552560000000025,0.23542792152402625,104.99786599999999,160.18999999999997,162.46416666666667,0.099,0.6462832275835183,0.5472832275835183,88.91391349999998,1.722392159310819,Strong Creator
FP_202505_BU05_LATAM,2025-05-31,BU05,Latin America,USD,43.36,17.27,12.46,1.47,2.29,0.2722,0,BS_202505_BU05_LATAM,30.91,69.34,0.44,22.12,117.85,322.12,0,2025,13.629999999999999,0.3143450184501845,12.159999999999998,8.850048,47.66,165.51,291.21,-1.4799999999999898,9.51004799999999,0.14225500526870394,106.01791399999999,161.83,163.22833333333332,0.099,0.6495068094795634,0.5505068094795634,89.85830899999999,1.7994809367855154,Strong Creator
FP_202506_BU05_LATAM,2025-06-30,BU05,Latin America,USD,45.11,17.91,12.69,1.49,2.47,0.2725,0,BS_202506_BU05_LATAM,31.84,72.98,0.46,23.54,118.83,342.39,0,2025,14.51,0.32165816892041676,13.02,9.47205,49.9,168.73,310.55,2.240000000000002,6.252049999999997,0.1274681329667584,107.37168199999999,163.92,162.69333333333333,0.099,0.659963624815604,0.560963624815604,91.265042,1.8945217179111764,Strong Creator
FP_202507_BU05_LATAM,2025-07-31,BU05,Latin America,USD,45.5,18.2,13.02,1.52,2.55,0.2692,0,BS_202507_BU05_LATAM,33.22,72.93,0.46,23.18,119.86,364.07,0,2025,14.280000000000001,0.3138461538461539,12.760000000000002,9.325008,50.21,170.07,330.85,0.3100000000000023,7.985007999999997,0.1732851985559567,108.78946099999999,166.07,163.32833333333332,0.099,0.666078314642285,0.567078314642285,92.61995599999999,1.9922321912446561,Strong Creator
FP_202508_BU05_LATAM,2025-08-31,BU05,Latin America,USD,46.89,18.75,13.32,1.55,3.7,0.2683,0,BS_202508_BU05_LATAM,34.83,85.85,0.47,23.89,122.01,387.96,0,2025,14.82,0.3160588611644274,13.27,9.709659,62.42999999999999,184.44,353.13,12.219999999999992,-4.660340999999991,0.22620292887029292,110.247911,168.26,165.76083333333332,0.099,0.6651022969841087,0.5661022969841087,93.83758850000001,2.0987162724355164,Strong Creator
FP_202509_BU05_LATAM,2025-09-30,BU05,Latin America,USD,47.9,18.98,14.09,1.6,5.21,0.2742,0,BS_202509_BU05_LATAM,36.24,102.95,0.49,24.63,125.62,415.31,0,2025,14.829999999999998,0.30960334029227554,13.229999999999999,9.602333999999999,78.81,204.43,379.07,16.38000000000001,-10.38766600000001,0.2114314618108244,111.387399,170.18,169.73833333333334,0.099,0.6562300737409542,0.5572300737409542,94.583304,2.227465037019626,Strong Creator
FP_202510_BU05_LATAM,2025-10-31,BU05,Latin America,USD,49.85,19.82,14.14,1.65,3.76,0.2729,0,BS_202510_BU05_LATAM,37.3,90.91,0.51,25.23,127.73,433.16,0,2025,15.89,0.3187562688064193,14.24,10.353904000000002,66.19,193.92000000000002,395.86,-12.620000000000005,20.863904000000005,0.2293464858199754,113.2012,173.04999999999998,172.76166666666666,0.099,0.655244894218432,0.556244894218432,96.097795,2.28754695174805,Strong Creator
FP_202511_BU05_LATAM,2025-11-30,BU05,Latin America,USD,52.89,20.86,14.27,1.68,2.71,0.2702,0,BS_202511_BU05_LATAM,37.76,86.4,0.55,27.42,128.76,445.19,0,2025,17.76,0.3357912648893931,16.080000000000002,11.735184000000002,59.53,188.29,407.43,-6.659999999999997,17.365184,0.19390519187358923,115.240049,176.17000000000002,174.91333333333333,0.099,0.6588408488013111,0.5598408488013111,97.923629,2.3127093148663223,Strong Creator
FP_202512_BU05_LATAM,2025-12-31,BU05,Latin America,USD,53.36,21.07,14.34,1.71,2.65,0.2732,0,BS_202512_BU05_LATAM,37.45,86.17,0.55,27.24,129.7,445.93,0,2025,17.95,0.3363943028485757,16.24,11.803232,59.480000000000004,189.18,408.48,-0.04999999999999716,10.913231999999995,0.109124922053627,116.151381,177.87,176.88750000000002,0.099,0.6566398473606105,0.5576398473606106,98.6395185,2.296508686119076,Strong Creator
FP_202101_BU05_NA,2021-01-31,BU05,North America,USD,73.35,28.5,21.14,3.32,3.75,0.2504,0,BS_202101_BU05_NA,58.39,100.62,0.76,34.41,354.87,583.26,0,2021,23.709999999999994,0.3232447171097477,20.389999999999993,15.284343999999995,66.97000000000001,421.84000000000003,524.87,0.0,14.854343999999994,,,,,0.091,,,,,Not Available
FP_202102_BU05_NA,2021-02-28,BU05,North America,USD,76.95,29.89,21.83,3.36,3.96,0.2474,0,BS_202102_BU05_NA,61.12,111.79,0.85,39.57,355.47,596.36,0,2021,25.230000000000004,0.3278752436647174,21.870000000000005,16.459362000000002,73.07,428.54,535.24,6.09999999999998,9.75936200000002,,,,,0.091,,,,,Not Available
FP_202103_BU05_NA,2021-03-31,BU05,North America,USD,85.83,33.57,24.16,3.41,4.63,0.2541,0,BS_202103_BU05_NA,63.73,113.04,0.86,40.13,356.69,608.75,0,2021,28.099999999999998,0.3273913550040778,24.689999999999998,18.416271,73.77000000000001,430.46000000000004,545.02,0.700000000000017,16.496270999999982,,,,,0.091,,,,,Not Available
FP_202104_BU05_NA,2021-04-30,BU05,North America,USD,88.09,34.48,24.93,3.46,4.78,0.2497,0,BS_202104_BU05_NA,65.53,118.44,0.92,42.32,358.01,622.27,0,2021,28.680000000000007,0.32557611533658765,25.220000000000006,18.922566000000003,77.03999999999999,435.04999999999995,556.74,3.269999999999982,14.332566000000021,,,,,0.091,,,,,Not Available
FP_202105_BU05_NA,2021-05-31,BU05,North America,USD,84.16,33.02,23.92,3.51,4.59,0.249,0,BS_202105_BU05_NA,65.91,114.96,0.88,39.98,359.09,631.92,0,2021,27.21999999999999,0.32343155893536113,23.709999999999994,17.806209999999997,75.85999999999999,434.94999999999993,566.01,-1.1800000000000068,17.906210000000005,,,,,0.091,,,,,Not Available
FP_202106_BU05_NA,2021-06-30,BU05,North America,USD,85.93,33.9,24.32,3.55,4.7,0.2466,0,BS_202106_BU05_NA,64.96,117.37,0.91,41.84,360.24,635.93,0,2021,27.710000000000008,0.32247177935528926,24.160000000000007,18.202144000000004,76.44,436.68,570.9699999999999,0.5800000000000125,16.472143999999993,,,,,0.091,,,,,Not Available
FP_202107_BU05_NA,2021-07-31,BU05,North America,USD,84.44,33.08,24.02,3.6,4.59,0.2488,0,BS_202107_BU05_NA,63.61,113.11,0.86,39.68,361.23,639.97,0,2021,27.34,0.3237801989578399,23.74,17.833488,74.28999999999999,435.52,576.36,-2.1500000000000057,18.993488000000006,,,,,0.091,,,,,Not Available
FP_202108_BU05_NA,2021-08-31,BU05,North America,USD,88.13,34.52,24.95,3.65,4.58,0.247,0,BS_202108_BU05_NA,62.29,115.32,0.88,41.02,362.16,645.21,0,2021,28.659999999999993,0.32520140701236805,25.009999999999994,18.832529999999995,75.17999999999998,437.34000000000003,582.9200000000001,0.8899999999999864,17.012530000000005,,,,,0.091,,,,,Not Available
FP_202109_BU05_NA,2021-09-30,BU05,North America,USD,94.5,36.74,26.26,3.7,4.73,0.2475,0,BS_202109_BU05_NA,61.93,126.74,0.94,45.19,363.19,656.81,0,2021,31.499999999999996,0.3333333333333333,27.799999999999997,20.919499999999996,82.49,445.68,594.88,7.3100000000000165,12.579499999999978,,,,,0.091,,,,,Not Available
FP_202110_BU05_NA,2021-10-31,BU05,North America,USD,95.53,37.22,25.8,3.75,4.67,0.2458,0,BS_202110_BU05_NA,62.4,126.92,0.93,44.59,364.11,667.92,0,2021,32.510000000000005,0.34031194389197117,28.760000000000005,21.690792000000002,83.26,447.37,605.52,0.7700000000000102,20.00079199999999,,,,,0.091,,,,,Not Available
FP_202111_BU05_NA,2021-11-30,BU05,North America,USD,101.26,39.54,26.74,3.8,5.19,0.2509,0,BS_202111_BU05_NA,64.26,137.4,1.01,48.83,365.5,681.43,0,2021,34.980000000000004,0.3454473632233854,31.180000000000003,23.356938000000003,89.58,455.08,617.17,6.319999999999993,15.64693800000001,,,,,0.091,,,,,Not Available
FP_202112_BU05_NA,2021-12-31,BU05,North America,USD,106.54,41.44,28.26,3.85,5.2,0.2441,0,BS_202112_BU05_NA,67.13,140.04,1.04,49.48,366.85,697.91,0,2021,36.84,0.3457856204242538,32.99,24.937141,91.6,458.45000000000005,630.78,2.019999999999996,21.567141000000007,,232.661286,352.48,438.91333333333336,0.091,0.5300847988213314,0.43908479882133145,192.72017266666666,1.7895483431684065,Strong Creator
FP_202201_BU05_NA,2022-01-31,BU05,North America,USD,93.26,36.26,26.29,3.91,4.77,0.2426,0,BS_202201_BU05_NA,70.5,127.24,0.96,43.67,367.71,712.21,0,2022,30.710000000000008,0.3292944456358568,26.800000000000008,20.298320000000004,84.52999999999999,452.23999999999995,641.71,-7.070000000000007,26.508320000000012,0.2714383094751194,237.675262,359.48,441.44666666666666,0.098,0.5384008532552064,0.4404008532552064,194.41348866666667,1.7851062646044287,Strong Creator
FP_202202_BU05_NA,2022-02-28,BU05,North America,USD,93.22,36.39,26.27,3.96,4.83,0.2502,0,BS_202202_BU05_NA,73.7,137.87,1.03,48.5,368.58,725.18,0,2022,30.56,0.3278266466423514,26.599999999999998,19.944679999999998,90.4,458.98,651.4799999999999,5.870000000000019,13.204679999999982,0.21143599740090968,241.16057999999998,364.81,443.98333333333335,0.098,0.5431748489057396,0.44517484890573966,197.6502133333333,1.785806310134042,Strong Creator
FP_202203_BU05_NA,2022-03-31,BU05,North America,USD,96.42,37.66,27.05,4.01,5.24,0.2474,0,BS_202203_BU05_NA,76.0,127.44,0.99,44.85,369.81,732.28,0,2022,31.710000000000004,0.3288736776602365,27.700000000000003,20.84702,83.58000000000001,453.39,656.28,-6.819999999999993,26.43701999999999,0.12338343236630545,243.591329,368.42,445.89416666666665,0.098,0.5462985327235723,0.44829853272357234,199.89370066666666,1.7813365181043372,Strong Creator
FP_202204_BU05_NA,2022-04-30,BU05,North America,USD,94.66,37.16,26.85,4.06,5.18,0.2452,0,BS_202204_BU05_NA,77.03,132.04,1.02,46.32,370.93,737.61,0,2022,30.65,0.3237904077751954,26.59,20.070132,86.74000000000001,457.67,660.58,3.1599999999999966,15.790132000000003,0.07458281303212622,244.738895,370.39,447.77916666666664,0.098,0.5465615937915826,0.44856159379158267,200.85653666666667,1.7834714760117716,Strong Creator
FP_202205_BU05_NA,2022-05-31,BU05,North America,USD,95.36,37.3,27.54,4.12,5.19,0.2518,0,BS_202205_BU05_NA,77.22,129.34,0.99,45.08,372.0,745.01,0,2022,30.520000000000003,0.32005033557046986,26.400000000000002,19.752480000000002,85.25000000000001,457.25,667.79,-1.4899999999999949,20.172479999999997,0.13307984790874539,246.68516499999998,373.69,449.6375,0.098,0.5486312084734926,0.4506312084734926,202.62068999999997,1.7870159758088253,Strong Creator
FP_202206_BU05_NA,2022-06-30,BU05,North America,USD,105.85,41.27,30.27,4.17,5.75,0.2443,0,BS_202206_BU05_NA,76.94,142.58,1.09,50.91,373.58,757.7,0,2022,34.30999999999999,0.3241379310344827,30.139999999999986,22.776797999999992,92.76000000000002,466.34000000000003,680.76,7.510000000000005,13.686797999999989,0.2318165949028277,251.25981900000002,380.29,452.1091666666666,0.098,0.5557503309488306,0.45775033094883066,206.95312066666668,1.790107549501696,Strong Creator
FP_202207_BU05_NA,2022-07-31,BU05,North America,USD,102.63,39.86,29.22,4.23,5.39,0.2479,0,BS_202207_BU05_NA,75.88,133.94,1.04,47.2,374.74,770.1,0,2022,33.55,0.32690246516613075,29.319999999999997,22.051571999999997,87.77999999999999,462.52,694.22,-4.980000000000032,25.87157200000003,0.215419232591189,255.477903,386.5,454.3591666666667,0.098,0.5622818284360207,0.4642818284360207,210.95070466666667,1.796170763260026,Strong Creator
FP_202208_BU05_NA,2022-08-31,BU05,North America,USD,107.71,41.98,30.43,4.29,5.83,0.2429,0,BS_202208_BU05_NA,74.84,138.43,1.08,49.39,376.28,784.33,0,2022,35.29999999999999,0.3277318726209265,31.00999999999999,23.477670999999994,90.12000000000002,466.4,709.49,2.340000000000032,19.597670999999963,0.22217179167139456,260.123044,393.14,456.7808333333333,0.098,0.5694701375750953,0.47147013757509537,215.35852233333333,1.8046751793254312,Strong Creator
FP_202209_BU05_NA,2022-09-30,BU05,North America,USD,110.35,43.22,49.39,4.35,5.73,0.2486,1,BS_202209_BU05_NA,74.12,143.68,1.11,52.12,377.66,793.84,0,2022,17.739999999999995,0.1607612143180788,13.389999999999995,10.061245999999997,92.67000000000002,470.33000000000004,719.72,2.549999999999997,6.131245999999999,0.16772486772486772,249.26479,379.38,458.835,0.098,0.5432558327067465,0.4452558327067465,204.29896000000002,1.8970952606884919,Strong Creator
FP_202210_BU05_NA,2022-10-31,BU05,North America,USD,111.91,43.71,31.37,4.41,5.58,0.2432,0,BS_202210_BU05_NA,74.49,140.69,1.1,50.75,378.83,802.27,0,2022,36.829999999999984,0.3291037440800642,32.41999999999999,24.535455999999993,91.03999999999999,469.87,727.78,-1.6300000000000239,24.99545600000002,0.17146446142573013,252.109454,383.7,460.71,0.098,0.5472194091727985,0.44921940917279857,206.959874,1.8967422465467814,Strong Creator
FP_202211_BU05_NA,2022-11-30,BU05,North America,USD,116.15,45.49,31.79,4.47,5.6,0.2504,0,BS_202211_BU05_NA,76.05,153.2,1.17,55.24,379.96,813.72,0,2022,38.87,0.3346534653465346,34.4,25.78624,99.12999999999997,479.0899999999999,737.6700000000001,8.089999999999975,16.566240000000022,0.14704720521429993,254.53875599999998,387.59,462.7108333333333,0.098,0.5501032992167534,0.4521032992167534,209.1930943333333,1.9032224773600974,Strong Creator
FP_202212_BU05_NA,2022-12-31,BU05,North America,USD,118.99,46.83,32.57,4.53,5.99,0.2479,0,BS_202212_BU05_NA,78.59,155.19,1.18,55.53,381.42,820.15,0,2022,39.589999999999996,0.33271703504496175,35.059999999999995,26.368625999999995,100.84,482.26,741.56,1.7100000000000364,23.198625999999962,0.11685751830298474,255.970241,390.3399999999999,464.695,0.098,0.5508349368940918,0.4528349368940918,210.430131,1.899779679253984,Strong Creator
FP_202301_BU05_NA,2023-01-31,BU05,North America,USD,109.05,43.02,30.55,4.59,5.65,0.2473,0,BS_202301_BU05_NA,82.05,142.76,1.12,50.75,382.48,830.84,0,2023,35.480000000000004,0.3253553415864283,30.890000000000004,23.250903000000005,93.13,475.61,748.7900000000001,-7.710000000000008,29.900903000000014,0.16931160197297856,258.922824,395.10999999999996,466.6425,0.104,0.5548633568524084,0.4508633568524084,210.392004,1.8951431246994512,Strong Creator
FP_202302_BU05_NA,2023-02-28,BU05,North America,USD,113.42,44.61,31.61,4.65,5.74,0.2477,0,BS_202302_BU05_NA,85.86,160.45,1.24,58.24,383.57,845.52,0,2023,37.2,0.32798448245459355,32.550000000000004,24.487365,103.44999999999999,487.02,759.66,10.319999999999993,13.077365000000007,0.21669169706071667,263.465509,401.75,468.9791666666667,0.104,0.5617851020390031,0.45778510203900313,214.69167566666667,1.8908774113254512,Strong Creator
FP_202303_BU05_NA,2023-03-31,BU05,North America,USD,123.58,48.4,33.78,4.71,6.44,0.2487,0,BS_202303_BU05_NA,89.55,159.4,1.25,57.15,385.3,864.37,0,2023,41.400000000000006,0.33500566434698176,36.690000000000005,27.565197,103.5,488.8,774.82,0.05000000000001137,25.785196999999986,0.2816842978635137,270.18368599999997,411.43999999999994,471.93,0.104,0.5725079694022418,0.4685079694022418,221.10296599999998,1.8831907447015364,Strong Creator
FP_202304_BU05_NA,2023-04-30,BU05,North America,USD,115.43,45.08,32.6,4.78,6.23,0.2474,0,BS_202304_BU05_NA,91.67,159.18,1.24,55.76,386.75,880.46,0,2023,37.75000000000001,0.32703803170752843,32.970000000000006,24.813222000000003,104.66000000000003,491.41,788.7900000000001,1.160000000000025,22.20322199999998,0.2194168603422777,274.92677599999996,418.53999999999996,474.74166666666673,0.104,0.5791081661956501,0.4751081661956501,225.55364266666663,1.8846227361781434,Strong Creator
FP_202305_BU05_NA,2023-05-31,BU05,North America,USD,120.15,46.76,34.13,4.84,6.51,0.2467,0,BS_202305_BU05_NA,92.67,158.15,1.24,55.65,388.42,897.1,0,2023,39.26000000000001,0.32675821889305046,34.420000000000016,25.92858600000001,103.74000000000001,492.16,804.4300000000001,-0.9200000000000159,25.178586000000024,0.25996224832214776,281.102882,427.28,477.65083333333337,0.104,0.5885112353689324,0.48451123536893237,231.42719533333334,1.8826764650814456,Strong Creator
FP_202306_BU05_NA,2023-06-30,BU05,North America,USD,122.82,47.85,35.06,4.91,6.97,0.2483,0,BS_202306_BU05_NA,91.87,165.82,1.28,58.83,390.48,909.76,0,2023,39.91,0.3249470770232861,35.0,26.3095,108.27,498.75,817.89,4.529999999999987,19.719500000000014,0.16032120925838456,284.635584,432.88,480.3516666666667,0.104,0.5925566699397317,0.4885566699397317,234.67901066666667,1.8894150803917944,Strong Creator
FP_202307_BU05_NA,2023-07-31,BU05,North America,USD,119.07,46.16,34.08,4.93,6.59,0.2444,0,BS_202307_BU05_NA,90.26,159.64,1.22,55.36,392.14,919.93,0,2023,38.83,0.32611069119005626,33.9,25.61484,105.49999999999999,497.64,829.67,-2.7700000000000102,26.72484000000001,0.1601870798012277,288.198852,438.15999999999997,483.27833333333325,0.104,0.5963413464290764,0.49234134642907645,237.93790533333333,1.8935320430892826,Strong Creator
FP_202308_BU05_NA,2023-08-31,BU05,North America,USD,126.66,49.41,35.83,4.9,6.51,0.254,0,BS_202308_BU05_NA,88.75,160.76,1.27,57.77,393.75,932.92,0,2023,41.42,0.32701721143218065,36.52,27.243920000000003,104.25999999999999,498.01,844.17,-1.2399999999999949,26.87392,0.17593538204437853,291.965101,444.28000000000003,485.91249999999997,0.104,0.6008594160471279,0.4968594160471279,241.430201,1.9000855316467091,Strong Creator
FP_202309_BU05_NA,2023-09-30,BU05,North America,USD,121.08,47.24,34.91,4.87,6.04,0.2511,0,BS_202309_BU05_NA,87.4,157.76,1.24,56.77,394.92,937.48,0,2023,38.93000000000001,0.3215229600264289,34.06000000000001,25.507534000000007,102.22999999999999,497.15,850.08,-2.030000000000001,26.36753400000001,0.09723606705935661,307.41138900000004,465.47,488.14750000000004,0.104,0.629751026073062,0.525751026073062,256.64404900000005,1.826283111693557,Strong Creator
FP_202310_BU05_NA,2023-10-31,BU05,North America,USD,131.93,51.26,37.28,4.84,6.52,0.2503,0,BS_202310_BU05_NA,87.88,172.53,1.29,61.0,396.6,950.0,0,2023,43.390000000000015,0.32888653073599644,38.55000000000001,28.90093500000001,112.82,509.42,862.12,10.590000000000003,16.630935000000004,0.17889375390939155,311.77686800000004,472.0300000000001,491.4433333333333,0.104,0.6344106163477649,0.5304106163477649,260.6667613333334,1.8264093383895088,Strong Creator
FP_202311_BU05_NA,2023-11-30,BU05,North America,USD,137.17,53.51,38.73,4.81,6.71,0.2487,0,BS_202311_BU05_NA,89.93,186.8,1.36,66.24,398.5,959.62,0,2023,44.93,0.3275497557775024,40.12,30.142155999999996,121.92000000000003,520.4200000000001,869.69,9.100000000000037,19.142155999999957,0.1809728798966852,316.132784,478.09000000000003,494.8875,0.104,0.6387972700866359,0.5347972700866359,264.664484,1.8190926394611893,Strong Creator
FP_202312_BU05_NA,2023-12-31,BU05,North America,USD,143.45,55.88,39.9,4.79,7.1,0.2471,0,BS_202312_BU05_NA,93.55,191.71,1.39,67.27,400.81,972.38,0,2023,47.669999999999995,0.3323109097246427,42.879999999999995,32.284352,125.83,526.64,878.83,3.909999999999968,26.064352000000028,0.20556349273048147,322.0485100000001,486.17,498.5858333333333,0.104,0.6459239081201333,0.5419239081201334,270.1955833333334,1.8076598720612131,Strong Creator
FP_202401_BU05_NA,2024-01-31,BU05,North America,USD,124.38,48.9,35.56,4.77,6.29,0.25,0,BS_202401_BU05_NA,97.44,172.2,1.29,59.31,402.33,978.79,0,2024,39.91999999999999,0.32095192153079266,35.14999999999999,26.362499999999994,114.17999999999998,516.51,881.3499999999999,-11.65000000000002,36.492500000000014,0.1405777166437414,325.16010700000004,490.61,501.9941666666667,0.101,0.6477368236350689,0.5467368236350689,274.4586961666667,1.7964370885224514,Strong Creator
FP_202402_BU05_NA,2024-02-29,BU05,North America,USD,123.37,48.37,35.17,4.75,6.39,0.2498,0,BS_202402_BU05_NA,101.03,178.08,1.33,62.42,403.97,983.81,0,2024,39.83,0.3228499635243576,35.08,26.317016,116.99000000000002,520.96,882.78,2.810000000000045,21.867015999999953,0.08772703226944101,326.98975800000005,493.24,504.8225,0.101,0.6477321395143839,0.5467321395143839,276.00268550000004,1.7897575216932933,Strong Creator
FP_202403_BU05_NA,2024-03-31,BU05,North America,USD,138.53,54.15,38.44,4.74,7.39,0.2491,0,BS_202403_BU05_NA,104.21,184.91,1.38,65.26,406.62,990.37,0,2024,45.94,0.3316249187901537,41.199999999999996,30.937079999999998,121.02999999999999,527.65,886.16,4.039999999999964,24.247080000000032,0.12097426768085451,330.361641,497.78000000000003,508.06,0.101,0.6502413907806165,0.5492413907806165,279.04758100000004,1.7802241954276987,Strong Creator
FP_202404_BU05_NA,2024-04-30,BU05,North America,USD,138.59,54.41,38.73,4.73,7.97,0.2511,0,BS_202404_BU05_NA,106.6,192.38,1.45,67.35,409.86,1000.58,0,2024,45.45000000000001,0.3279457392308248,40.72000000000001,30.49520800000001,126.47999999999999,536.34,893.98,5.450000000000003,21.805208000000007,0.2006410811747379,336.043627,505.48,511.8041666666666,0.101,0.656586344711926,0.555586344711926,284.35140616666666,1.7685764026272057,Strong Creator
FP_202405_BU05_NA,2024-05-31,BU05,North America,USD,152.9,59.83,43.21,4.75,11.75,0.2479,0,BS_202405_BU05_NA,108.03,233.13,1.54,71.3,416.86,1021.49,0,2024,49.86000000000001,0.3260954872465664,45.11000000000001,33.927231000000006,163.37,580.23,913.46,36.890000000000015,-9.962769000000009,0.27257594673325003,344.042272,516.08,519.1433333333333,0.101,0.6627115286080274,0.5617115286080274,291.6087953333334,1.769996899705472,Strong Creator
FP_202406_BU05_NA,2024-06-30,BU05,North America,USD,157.49,61.73,46.73,4.82,16.2,0.2486,0,BS_202406_BU05_NA,108.1,291.11,1.64,76.28,428.24,1042.21,0,2024,49.03000000000002,0.3113213537367453,44.21000000000002,33.21939400000002,216.47,644.71,934.11,53.099999999999994,-31.26060599999997,0.2822830157954732,350.95216600000003,525.2,531.3066666666667,0.101,0.6605453837080907,0.5595453837080907,297.2901926666667,1.7785795887281035,Strong Creator
FP_202407_BU05_NA,2024-07-31,BU05,North America,USD,156.31,61.22,45.81,4.92,11.9,0.248,0,BS_202407_BU05_NA,107.37,244.06,1.61,73.52,435.22,1051.07,0,2024,49.28,0.31527093596059114,44.36,33.35872,172.15000000000003,607.3700000000001,943.6999999999999,-44.319999999999965,70.69871999999997,0.31275720164609067,358.696046,535.6500000000001,540.4508333333334,0.101,0.6636978312859171,0.5626978312859171,304.11051183333336,1.7617847475030333,Strong Creator
FP_202408_BU05_NA,2024-08-31,BU05,North America,USD,151.48,59.11,43.04,5.03,8.21,0.2482,0,BS_202408_BU05_NA,105.71,208.09,1.56,71.2,438.4,1058.66,0,2024,49.32999999999999,0.32565355162397674,44.29999999999999,33.304739999999995,138.45,576.8499999999999,952.95,-33.700000000000045,63.82474000000004,0.19595768198326224,364.75686600000006,543.5600000000001,547.0208333333334,0.101,0.6668061685645733,0.5658061685645733,309.5077618333334,1.7531643240856574,Strong Creator
FP_202409_BU05_NA,2024-09-30,BU05,North America,USD,158.25,61.71,44.36,5.11,8.14,0.2462,0,BS_202409_BU05_NA,105.61,216.55,1.62,76.45,441.43,1080.57,0,2024,52.17999999999999,0.32973143759873613,47.06999999999999,35.481365999999994,141.72000000000003,583.1500000000001,974.9599999999999,3.2700000000000387,29.181365999999954,0.3069871159563924,374.730698,556.8100000000001,554.1875,0.101,0.6761803505131386,0.5751803505131386,318.7577605,1.7509743000305307,Strong Creator
FP_202410_BU05_NA,2024-10-31,BU05,North America,USD,164.0,63.87,45.78,5.2,7.99,0.2466,0,BS_202410_BU05_NA,106.68,221.51,1.61,77.28,444.22,1098.03,0,2024,54.349999999999994,0.3314024390243902,49.14999999999999,37.02960999999999,145.84,590.0600000000001,991.3499999999999,4.119999999999976,30.119610000000016,0.24308345334647163,382.859373,567.77,560.9074999999999,0.101,0.6825713205831622,0.5815713205831622,326.2077155,1.7460415309015973,Strong Creator
FP_202411_BU05_NA,2024-11-30,BU05,North America,USD,173.02,67.68,48.45,5.28,8.5,0.2475,0,BS_202411_BU05_NA,109.8,236.31,1.73,83.91,447.44,1119.13,0,2024,56.89,0.3288059183909374,51.61,38.836524999999995,154.13,601.5699999999999,1009.3300000000002,8.289999999999992,27.326525000000004,0.2613545235838741,391.553742,579.73,567.67,0.101,0.6897559180509804,0.5887559180509804,334.219072,1.74103461956428,Strong Creator
FP_202412_BU05_NA,2024-12-31,BU05,North America,USD,177.46,69.17,49.74,5.37,8.71,0.2509,0,BS_202412_BU05_NA,114.48,238.79,1.73,83.51,450.78,1138.79,0,2024,58.550000000000004,0.32993350614222927,53.18000000000001,39.837138,157.01,607.79,1024.31,2.8799999999999955,33.617138000000004,0.23708609271523184,399.106528,590.61,574.4325,0.101,0.6947840311960065,0.5937840311960065,341.08884550000005,1.7343255278440932,Strong Creator
FP_202501_BU05_NA,2025-01-31,BU05,North America,USD,159.15,62.11,44.42,5.46,8.0,0.2435,0,BS_202501_BU05_NA,120.29,219.22,1.62,75.28,453.32,1137.85,0,2025,52.620000000000005,0.330631479736098,47.160000000000004,35.67654,145.56,598.88,1017.56,-11.449999999999989,44.58653999999999,0.27954655089242664,408.420568,603.3100000000001,581.2966666666667,0.099,0.702602632046746,0.603602632046746,350.87219799999997,1.6866287646483562,Strong Creator
FP_202502_BU05_NA,2025-02-28,BU05,North America,USD,155.71,60.91,44.51,5.54,7.82,0.2462,0,BS_202502_BU05_NA,126.06,228.61,1.71,80.79,455.6,1144.32,0,2025,50.29000000000001,0.32297219189518983,44.750000000000014,33.73255000000001,149.53000000000003,605.1300000000001,1018.26,3.9700000000000273,27.482549999999982,0.26213828321309873,415.83610200000004,613.77,588.3108333333333,0.099,0.7068306045698632,0.6078306045698633,357.59332950000004,1.6590253678087883,Strong Creator
FP_202503_BU05_NA,2025-03-31,BU05,North America,USD,173.18,67.56,47.79,5.63,9.65,0.2467,0,BS_202503_BU05_NA,131.12,405.59,1.72,80.1,459.62,1156.06,1,2025,57.830000000000005,0.333930015013281,52.2,39.32226,327.21000000000004,786.83,1024.94,177.68,-142.37774000000002,0.25012632642748867,424.22128200000003,625.6600000000001,609.9091666666667,0.099,0.695548296672592,0.596548296672592,363.8402745,1.6381740881628999,Strong Creator
FP_202504_BU05_NA,2025-04-30,BU05,North America,USD,170.51,66.86,47.22,5.73,9.11,0.2513,0,BS_202504_BU05_NA,134.32,233.83,1.79,82.75,463.0,1210.62,0,2025,56.42999999999999,0.3309483314761597,50.69999999999999,37.95908999999999,152.87,615.87,1076.3,-174.34000000000003,208.91909000000004,0.23031964788224246,431.68516400000004,636.64,616.5366666666667,0.099,0.7001776006833873,0.6011776006833873,370.64803400000005,1.6905943704448354,Strong Creator
FP_202505_BU05_NA,2025-05-31,BU05,North America,USD,171.14,66.86,47.84,5.83,9.27,0.2487,0,BS_202505_BU05_NA,134.55,227.91,1.76,80.0,466.44,1273.48,0,2025,56.43999999999998,0.3297884772700712,50.609999999999985,38.02329299999999,149.67,616.11,1138.93,-3.200000000000017,37.783293,0.11929365598430341,435.781226,643.22,619.5266666666666,0.099,0.7034099570639951,0.6044099570639951,374.448086,1.7706694443580735,Strong Creator
FP_202506_BU05_NA,2025-06-30,BU05,North America,USD,189.78,73.69,51.97,5.93,10.55,0.2491,0,BS_202506_BU05_NA,133.9,258.43,1.95,91.44,471.06,1368.55,0,2025,64.12,0.3378648961955949,58.190000000000005,43.694871000000006,168.94,640.0,1234.6499999999999,19.27000000000001,19.80487099999999,0.2050288907232205,446.256703,658.3100000000001,619.1341666666666,0.099,0.7207754425871614,0.6217754425871614,384.9624205,1.8754841943765093,Strong Creator
FP_202507_BU05_NA,2025-07-31,BU05,North America,USD,192.02,74.9,53.64,6.04,10.42,0.2471,0,BS_202507_BU05_NA,132.32,256.09,1.95,89.21,475.44,1466.26,0,2025,63.480000000000004,0.3305905634829705,57.440000000000005,43.246576000000005,168.82999999999998,644.27,1333.94,-0.11000000000001364,38.976576000000016,0.22845627279124825,456.144559,672.51,622.2091666666666,0.099,0.7331048519321611,0.6341048519321612,394.5458515,1.9835244085589807,Strong Creator
FP_202508_BU05_NA,2025-08-31,BU05,North America,USD,188.42,73.44,53.31,6.17,14.14,0.2474,0,BS_202508_BU05_NA,130.68,290.38,1.94,87.35,483.41,1567.16,0,2025,61.66999999999999,0.32730071117715737,55.499999999999986,41.76929999999999,204.97,688.38,1436.48,36.140000000000015,-2.3407000000000266,0.24386057565355168,464.609119,684.85,631.5033333333334,0.099,0.7357191870193347,0.6367191870193347,402.090289,2.097510403738045,Strong Creator
FP_202509_BU05_NA,2025-09-30,BU05,North America,USD,186.12,72.85,55.64,6.34,18.48,0.2516,0,BS_202509_BU05_NA,129.44,343.79,1.95,89.22,495.55,1669.16,0,2025,57.63000000000001,0.30963894261766606,51.290000000000006,38.385436000000006,256.52,752.0699999999999,1539.72,51.54999999999998,-25.30456399999998,0.17611374407582936,467.51318899999995,690.3,645.58,0.099,0.7241754530809503,0.6251754530809503,403.60076899999996,2.2305084745762715,Strong Creator
FP_202510_BU05_NA,2025-10-31,BU05,North America,USD,193.35,75.26,55.85,6.5,13.71,0.248,0,BS_202510_BU05_NA,130.13,288.89,1.93,88.03,502.76,1731.79,0,2025,62.23999999999999,0.32190328419963793,55.73999999999999,41.91647999999999,202.79,705.55,1601.6599999999999,-53.72999999999999,88.43647999999999,0.17896341463414633,472.400059,698.19,655.2041666666667,0.099,0.7209967259569219,0.6219967259569219,407.5348465,2.2940173878170693,Strong Creator
FP_202511_BU05_NA,2025-11-30,BU05,North America,USD,207.27,80.79,56.9,6.63,10.69,0.2498,0,BS_202511_BU05_NA,133.36,273.52,2.07,97.49,506.82,1780.73,0,2025,69.58000000000001,0.3356973995271868,62.95000000000001,47.22509000000001,178.09999999999997,684.92,1647.37,-24.690000000000026,67.85509000000005,0.1979539937579471,480.78862399999997,710.8799999999999,662.15,0.099,0.7261022789398173,0.6271022789398173,415.235774,2.3173672068422237,Strong Creator
FP_202512_BU05_NA,2025-12-31,BU05,North America,USD,209.74,81.67,59.11,6.74,10.27,0.2486,0,BS_202512_BU05_NA,138.48,269.31,2.05,96.0,510.35,1791.36,0,2025,68.96,0.3287880232669018,62.21999999999999,46.752108,175.36,685.71,1652.8799999999999,-2.7399999999999523,45.96210799999996,0.1819001465118899,487.703594,721.29,668.6433333333333,0.099,0.7293927415213891,0.6303927415213891,421.507904,2.2915609532920183,Strong Creator
