performance_id,period_end,business_unit_id,region,currency_code,revenue_usd_m,cogs_usd_m,operating_expense_usd_m,depreciation_amortization_usd_m,capex_usd_m,effective_tax_rate
FP_202101_BU01_APAC,2021-01-31,BU01,Asia Pacific,USD,100.53,40.36,29.65,5.17,6.24,0.2231
FP_202101_BU01_EU,2021-01-31,BU01,Europe,USD,81.72,33.71,24.33,4.10,5.20,0.2524
FP_202101_BU01_LATAM,2021-01-31,BU01,Latin America,USD,34.39,14.07,10.22,1.79,2.20,0.2737
FP_202101_BU01_NA,2021-01-31,BU01,North America,USD,133.79,54.41,39.22,6.78,8.26,0.2480
FP_202101_BU02_APAC,2021-01-31,BU02,Asia Pacific,USD,95.32,56.98,21.52,4.97,5.88,0.2215
FP_202101_BU02_EU,2021-01-31,BU02,Europe,USD,107.71,65.77,23.83,5.61,6.22,0.2576
FP_202101_BU02_LATAM,2021-01-31,BU02,Latin America,USD,49.66,30.61,11.26,2.59,3.07,0.2689
FP_202101_BU02_NA,2021-01-31,BU02,North America,USD,160.08,96.65,36.37,8.42,9.58,0.2443
FP_202101_BU03_APAC,2021-01-31,BU03,Asia Pacific,USD,79.42,37.63,21.32,4.38,6.05,0.2245
FP_202101_BU03_EU,2021-01-31,BU03,Europe,USD,97.17,47.77,25.80,5.46,7.46,0.2563
FP_202101_BU03_LATAM,2021-01-31,BU03,Latin America,USD,31.34,15.43,8.27,1.75,2.45,0.2721
FP_202101_BU03_NA,2021-01-31,BU03,North America,USD,183.04,88.61,49.38,10.29,14.12,0.2470
FP_202101_BU04_APAC,2021-01-31,BU04,Asia Pacific,USD,109.65,67.33,20.34,7.24,10.03,0.2250
FP_202101_BU04_EU,2021-01-31,BU04,Europe,USD,132.31,83.31,24.40,9.72,13.19,0.2530
FP_202101_BU04_LATAM,2021-01-31,BU04,Latin America,USD,46.14,29.39,8.59,3.02,4.22,0.2702
FP_202101_BU04_NA,2021-01-31,BU04,North America,USD,160.20,99.88,30.69,11.14,14.87,0.2462
FP_202101_BU05_APAC,2021-01-31,BU05,Asia Pacific,USD,56.49,21.63,16.19,2.50,2.82,0.2256
FP_202101_BU05_EU,2021-01-31,BU05,Europe,USD,36.45,14.30,10.58,1.66,1.86,0.2522
FP_202101_BU05_LATAM,2021-01-31,BU05,Latin America,USD,18.80,7.53,5.48,0.83,0.95,0.2704
FP_202101_BU05_NA,2021-01-31,BU05,North America,USD,73.35,28.50,21.14,3.32,3.75,0.2504
FP_202102_BU01_APAC,2021-02-28,BU01,Asia Pacific,USD,103.18,41.03,30.03,5.23,6.68,0.2260
FP_202102_BU01_EU,2021-02-28,BU01,Europe,USD,79.26,32.34,23.21,4.15,5.16,
FP_202102_BU01_LATAM,2021-02-28,BU01,Latin America,USD,35.37,14.56,10.50,1.81,2.28,0.2700
FP_202102_BU01_NA,2021-02-28,BU01,North America,USD,133.20,53.68,38.86,6.86,8.72,0.2431
FP_202102_BU02_APAC,2021-02-28,BU02,Asia Pacific,USD,95.33,57.13,21.49,5.01,6.07,0.2281
FP_202102_BU02_EU,2021-02-28,BU02,Europe,USD,108.40,66.00,24.23,5.65,6.86,0.2574
FP_202102_BU02_LATAM,2021-02-28,BU02,Latin America,USD,49.68,30.54,11.23,2.61,3.16,0.2715
FP_202102_BU02_NA,2021-02-28,BU02,North America,USD,158.09,95.83,36.32,8.48,10.40,0.2520
FP_202102_BU03_APAC,2021-02-28,BU03,Asia Pacific,USD,78.62,37.14,21.16,4.42,6.46,0.2276
FP_202102_BU03_EU,2021-02-28,BU03,Europe,USD,99.44,49.19,26.96,5.51,7.71,0.2570
FP_202102_BU03_LATAM,2021-02-28,BU03,Latin America,USD,31.94,15.73,8.62,1.76,2.52,0.2735
FP_202102_BU03_NA,2021-02-28,BU03,North America,USD,182.38,88.44,48.48,10.37,14.23,0.2483
FP_202102_BU04_APAC,2021-02-28,BU04,Asia Pacific,USD,110.92,68.40,20.60,7.28,10.37,0.2225
FP_202102_BU04_EU,2021-02-28,BU04,Europe,USD,134.76,84.69,24.51,9.77,13.47,0.2583
FP_202102_BU04_LATAM,2021-02-28,BU04,Latin America,USD,47.29,29.94,8.67,3.03,4.31,0.2718
FP_202102_BU04_NA,2021-02-28,BU04,North America,USD,170.62,106.56,31.88,11.20,15.97,0.2492
FP_202102_BU05_APAC,2021-02-28,BU05,Asia Pacific,USD,60.02,22.83,17.11,2.53,3.13,0.2215
FP_202102_BU05_EU,2021-02-28,BU05,Europe,USD,37.69,14.87,11.04,1.68,1.96,0.2580
FP_202102_BU05_LATAM,2021-02-28,BU05,Latin America,USD,19.84,7.92,5.60,0.84,0.98,0.2707
FP_202102_BU05_NA,2021-02-28,BU05,North America,USD,76.95,29.89,21.83,3.36,3.96,0.2474
FP_202103_BU01_APAC,2021-03-31,BU01,Asia Pacific,USD,109.65,43.83,31.55,5.29,7.46,0.2294
FP_202103_BU01_EU,2021-03-31,BU01,Europe,USD,84.61,34.51,24.55,4.20,5.48,0.2589
FP_202103_BU01_LATAM,2021-03-31,BU01,Latin America,USD,38.07,15.63,11.06,1.83,2.50,0.2672
FP_202103_BU01_NA,2021-03-31,BU01,North America,USD,145.89,58.71,41.96,6.94,9.66,0.2460
FP_202103_BU02_APAC,2021-03-31,BU02,Asia Pacific,USD,104.32,62.45,22.56,5.05,6.81,0.2231
FP_202103_BU02_EU,2021-03-31,BU02,Europe,USD,122.35,74.57,26.00,5.69,8.05,0.2601
FP_202103_BU02_LATAM,2021-03-31,BU02,Latin America,USD,53.74,33.08,11.69,2.63,3.43,0.2736
FP_202103_BU02_NA,2021-03-31,BU02,North America,USD,185.96,112.64,38.77,8.55,12.13,0.2457
FP_202103_BU03_APAC,2021-03-31,BU03,Asia Pacific,USD,84.30,40.05,22.11,4.46,7.06,0.2277
FP_202103_BU03_EU,2021-03-31,BU03,Europe,USD,103.12,50.98,27.00,5.56,8.34,0.2570
FP_202103_BU03_LATAM,2021-03-31,BU03,Latin America,USD,32.35,15.90,8.60,1.78,2.64,0.2701
FP_202103_BU03_NA,2021-03-31,BU03,North America,USD,194.61,94.46,51.42,10.46,16.28,0.2438
FP_202103_BU04_APAC,2021-03-31,BU04,Asia Pacific,USD,121.11,74.14,21.10,7.32,11.77,0.2264
FP_202103_BU04_EU,2021-03-31,BU04,Europe,USD,148.33,93.67,25.25,9.82,13.72,0.2546
FP_202103_BU04_LATAM,2021-03-31,BU04,Latin America,USD,51.99,33.06,9.01,3.05,4.93,0.2739
FP_202103_BU04_NA,2021-03-31,BU04,North America,USD,185.61,116.01,32.87,11.27,18.52,0.2499
FP_202103_BU05_APAC,2021-03-31,BU05,Asia Pacific,USD,62.05,23.72,17.62,2.56,3.33,0.2253
FP_202103_BU05_EU,2021-03-31,BU05,Europe,USD,41.58,16.33,11.77,1.70,2.19,0.2547
FP_202103_BU05_LATAM,2021-03-31,BU05,Latin America,USD,21.20,8.43,5.89,0.85,1.14,0.2708
FP_202103_BU05_NA,2021-03-31,BU05,North America,USD,85.83,33.57,24.16,3.41,4.63,0.2541
FP_202104_BU01_APAC,2021-04-30,BU01,Asia Pacific,USD,109.63,43.93,32.22,5.36,7.32,0.2286
FP_202104_BU01_EU,2021-04-30,BU01,Europe,USD,85.62,34.98,25.14,4.25,6.14,0.2606
FP_202104_BU01_LATAM,2021-04-30,BU01,Latin America,USD,37.09,15.17,10.75,1.85,2.52,0.2745
FP_202104_BU01_NA,2021-04-30,BU01,North America,USD,142.79,57.58,41.70,7.03,9.66,0.2439
FP_202104_BU02_APAC,2021-04-30,BU02,Asia Pacific,USD,107.87,64.60,22.98,5.09,6.96,0.2269
FP_202104_BU02_EU,2021-04-30,BU02,Europe,USD,118.14,72.03,25.81,5.74,7.68,0.2552
FP_202104_BU02_LATAM,2021-04-30,BU02,Latin America,USD,57.21,35.24,11.95,2.65,3.82,0.2661
FP_202104_BU02_NA,2021-04-30,BU02,North America,USD,180.32,109.40,38.42,8.62,11.91,0.2466
FP_202104_BU03_APAC,2021-04-30,BU03,Asia Pacific,USD,82.02,39.34,21.84,4.50,6.97,0.2254
FP_202104_BU03_EU,2021-04-30,BU03,Europe,USD,98.52,48.36,26.57,5.61,8.17,0.2545
FP_202104_BU03_LATAM,2021-04-30,BU03,Latin America,USD,32.15,15.91,8.68,1.79,2.65,0.2726
FP_202104_BU03_NA,2021-04-30,BU03,North America,USD,187.89,91.26,50.04,10.56,15.45,0.2488
FP_202104_BU04_APAC,2021-04-30,BU04,Asia Pacific,USD,123.75,75.89,21.57,7.37,12.35,0.2250
FP_202104_BU04_EU,2021-04-30,BU04,Europe,USD,146.00,91.59,25.40,9.87,13.98,0.2541
FP_202104_BU04_LATAM,2021-04-30,BU04,Latin America,USD,53.14,33.55,9.02,3.07,5.33,0.2707
FP_202104_BU04_NA,2021-04-30,BU04,North America,USD,185.26,115.98,32.43,11.33,17.99,0.2441
FP_202104_BU05_APAC,2021-04-30,BU05,Asia Pacific,USD,62.38,23.96,17.46,2.60,3.43,0.2247
FP_202104_BU05_EU,2021-04-30,BU05,Europe,USD,41.08,16.15,11.64,1.73,2.27,0.2561
FP_202104_BU05_LATAM,2021-04-30,BU05,Latin America,USD,20.24,8.04,5.68,0.86,1.11,0.2716
FP_202104_BU05_NA,2021-04-30,BU05,North America,USD,88.09,34.48,24.93,3.46,4.78,0.2497
FP_202105_BU01_APAC,2021-05-31,BU01,Asia Pacific,USD,111.23,44.35,32.55,5.43,7.52,0.2253
FP_202105_BU01_EU,2021-05-31,BU01,Europe,USD,87.67,35.77,25.42,4.31,6.08,0.2566
FP_202105_BU01_LATAM,2021-05-31,BU01,Latin America,USD,38.29,15.72,11.22,1.88,2.60,0.2735
FP_202105_BU01_NA,2021-05-31,BU01,North America,USD,144.84,58.81,42.50,7.13,9.99,0.2481
FP_202105_BU02_APAC,2021-05-31,BU02,Asia Pacific,USD,114.16,68.53,24.09,5.13,7.45,0.2205
FP_202105_BU02_EU,2021-05-31,BU02,Europe,USD,124.01,75.82,26.02,5.79,8.32,0.2582
FP_202105_BU02_LATAM,2021-05-31,BU02,Latin America,USD,58.91,36.28,12.37,2.67,3.82,0.2725
FP_202105_BU02_NA,2021-05-31,BU02,North America,USD,187.87,114.66,39.87,8.69,13.01,0.2434
FP_202105_BU03_APAC,2021-05-31,BU03,Asia Pacific,USD,81.32,38.77,21.56,4.54,6.74,0.2255
FP_202105_BU03_EU,2021-05-31,BU03,Europe,USD,100.85,49.71,27.23,5.66,8.43,0.2563
FP_202105_BU03_LATAM,2021-05-31,BU03,Latin America,USD,32.04,15.93,8.65,1.81,2.72,0.2753
FP_202105_BU03_NA,2021-05-31,BU03,North America,USD,184.80,90.15,49.13,10.65,15.40,0.2479
FP_202105_BU04_APAC,2021-05-31,BU04,Asia Pacific,USD,129.18,79.60,22.03,7.41,12.67,0.2208
FP_202105_BU04_EU,2021-05-31,BU04,Europe,USD,148.30,93.05,25.78,9.92,13.83,0.2528
FP_202105_BU04_LATAM,2021-05-31,BU04,Latin America,USD,55.44,35.02,9.34,3.09,5.51,0.2694
FP_202105_BU04_NA,2021-05-31,BU04,North America,USD,192.01,120.17,32.86,11.41,19.24,0.2462
FP_202105_BU05_APAC,2021-05-31,BU05,Asia Pacific,USD,64.54,24.69,17.95,2.63,3.52,0.2273
FP_202105_BU05_EU,2021-05-31,BU05,Europe,USD,41.21,16.26,11.71,1.75,2.35,0.2586
FP_202105_BU05_LATAM,2021-05-31,BU05,Latin America,USD,20.40,8.08,5.73,0.88,1.13,0.2687
FP_202105_BU05_NA,2021-05-31,BU05,North America,USD,84.16,33.02,23.92,3.51,4.59,0.2490
FP_202106_BU01_APAC,2021-06-30,BU01,Asia Pacific,USD,117.82,46.81,34.03,5.50,8.00,0.2190
FP_202106_BU01_EU,2021-06-30,BU01,Europe,USD,91.04,37.19,26.80,4.36,6.26,0.2551
FP_202106_BU01_LATAM,2021-06-30,BU01,Latin America,USD,39.77,16.37,11.65,1.90,2.58,0.2726
FP_202106_BU01_NA,2021-06-30,BU01,North America,USD,151.97,61.54,43.69,7.22,10.51,0.2478
FP_202106_BU02_APAC,2021-06-30,BU02,Asia Pacific,USD,111.99,66.90,23.67,5.17,7.38,0.2233
FP_202106_BU02_EU,2021-06-30,BU02,Europe,USD,130.15,79.66,27.05,5.84,8.67,0.2531
FP_202106_BU02_LATAM,2021-06-30,BU02,Latin America,USD,60.95,37.27,12.51,2.69,4.03,0.2644
FP_202106_BU02_NA,2021-06-30,BU02,North America,USD,193.86,117.98,40.41,8.77,12.61,0.2514
FP_202106_BU03_APAC,2021-06-30,BU03,Asia Pacific,USD,82.63,39.26,22.24,4.58,6.94,0.2258
FP_202106_BU03_EU,2021-06-30,BU03,Europe,USD,100.36,49.56,26.98,5.70,8.24,0.2603
FP_202106_BU03_LATAM,2021-06-30,BU03,Latin America,USD,31.98,15.87,8.73,1.83,2.63,0.2668
FP_202106_BU03_NA,2021-06-30,BU03,North America,USD,189.97,92.31,51.01,10.74,16.15,0.2470
FP_202106_BU04_APAC,2021-06-30,BU04,Asia Pacific,USD,120.67,74.34,21.38,7.46,12.24,0.2215
FP_202106_BU04_EU,2021-06-30,BU04,Europe,USD,154.53,96.99,26.23,9.98,14.07,0.2577
FP_202106_BU04_LATAM,2021-06-30,BU04,Latin America,USD,54.77,34.57,9.29,3.11,5.49,0.2658
FP_202106_BU04_NA,2021-06-30,BU04,North America,USD,188.35,117.73,33.16,11.48,18.61,0.2495
FP_202106_BU05_APAC,2021-06-30,BU05,Asia Pacific,USD,,24.66,18.17,2.67,3.49,0.2257
FP_202106_BU05_EU,2021-06-30,BU05,Europe,USD,42.25,16.79,11.97,1.78,2.34,0.2574
FP_202106_BU05_LATAM,2021-06-30,BU05,Latin America,USD,21.48,8.51,6.02,0.89,1.18,0.2716
FP_202106_BU05_NA,2021-06-30,BU05,North America,USD,85.93,33.90,24.32,3.55,4.70,0.2466
FP_202107_BU01_APAC,2021-07-31,BU01,Asia Pacific,USD,110.97,44.19,32.45,5.57,7.50,0.2304
FP_202107_BU01_EU,2021-07-31,BU01,Europe,USD,84.86,34.75,25.19,4.42,5.69,0.2589
FP_202107_BU01_LATAM,2021-07-31,BU01,Latin America,USD,36.79,15.28,11.08,1.92,2.44,0.2722
FP_202107_BU01_NA,2021-07-31,BU01,North America,USD,141.98,57.40,41.52,7.31,9.22,0.2451
FP_202107_BU02_APAC,2021-07-31,BU02,Asia Pacific,USD,112.98,66.94,23.77,5.22,7.17,0.2251
FP_202107_BU02_EU,2021-07-31,BU02,Europe,USD,130.02,79.80,27.11,5.89,8.42,0.2542
FP_202107_BU02_LATAM,2021-07-31,BU02,Latin America,USD,58.74,36.13,12.13,2.72,3.79,0.2744
FP_202107_BU02_NA,2021-07-31,BU02,North America,USD,191.96,116.19,40.47,8.84,12.10,0.2422
FP_202107_BU03_APAC,2021-07-31,BU03,Asia Pacific,USD,83.80,39.86,22.38,4.62,6.74,0.2272
FP_202107_BU03_EU,2021-07-31,BU03,Europe,USD,99.84,49.11,26.76,5.75,8.13,0.2570
FP_202107_BU03_LATAM,2021-07-31,BU03,Latin America,USD,32.74,16.05,8.72,1.84,2.60,0.2701
FP_202107_BU03_NA,2021-07-31,BU03,North America,USD,188.71,91.41,50.81,10.84,15.60,0.2466
FP_202107_BU04_APAC,2021-07-31,BU04,Asia Pacific,USD,116.20,71.66,21.18,7.51,11.22,0.2243
FP_202107_BU04_EU,2021-07-31,BU04,Europe,USD,148.07,93.29,25.73,10.03,13.87,0.2564
FP_202107_BU04_LATAM,2021-07-31,BU04,Latin America,USD,50.14,31.69,8.85,3.13,4.99,0.2719
FP_202107_BU04_NA,2021-07-31,BU04,North America,USD,176.75,111.04,31.99,11.54,16.71,0.2476
FP_202107_BU05_APAC,2021-07-31,BU05,Asia Pacific,USD,65.75,25.17,18.10,2.71,3.57,0.2249
FP_202107_BU05_EU,2021-07-31,BU05,Europe,USD,39.93,15.76,11.40,1.80,2.21,0.2572
FP_202107_BU05_LATAM,2021-07-31,BU05,Latin America,USD,20.81,8.25,5.92,0.90,1.13,0.2700
FP_202107_BU05_NA,2021-07-31,BU05,North America,USD,84.44,33.08,24.02,3.60,4.59,0.2488
FP_202108_BU01_APAC,2021-08-31,BU01,Asia Pacific,USD,110.63,44.00,33.14,5.64,7.29,0.2276
FP_202108_BU01_EU,2021-08-31,BU01,Europe,USD,90.19,36.90,26.25,4.47,5.76,0.2593
FP_202108_BU01_LATAM,2021-08-31,BU01,Latin America,USD,38.16,15.87,11.26,1.95,2.45,0.2729
FP_202108_BU01_NA,2021-08-31,BU01,North America,USD,147.49,59.18,43.62,7.40,9.62,0.2453
FP_202108_BU02_APAC,2021-08-31,BU02,Asia Pacific,USD,120.21,71.22,24.67,5.26,7.45,0.2205
FP_202108_BU02_EU,2021-08-31,BU02,Europe,USD,133.87,82.24,27.29,5.94,8.11,0.2568
FP_202108_BU02_LATAM,2021-08-31,BU02,Latin America,USD,59.71,36.83,12.24,2.74,3.90,0.2714
FP_202108_BU02_NA,2021-08-31,BU02,North America,USD,191.48,116.32,40.00,8.91,11.71,0.2453
FP_202108_BU03_APAC,2021-08-31,BU03,Asia Pacific,USD,82.26,39.14,22.02,4.66,6.61,0.2259
FP_202108_BU03_EU,2021-08-31,BU03,Europe,USD,101.32,49.87,26.95,5.80,8.12,0.2589
FP_202108_BU03_LATAM,2021-08-31,BU03,Latin America,USD,32.65,16.09,8.63,1.86,2.53,0.2700
FP_202108_BU03_NA,2021-08-31,BU03,North America,USD,193.35,94.00,50.88,10.93,15.29,0.2436
FP_202108_BU04_APAC,2021-08-31,BU04,Asia Pacific,USD,119.74,73.89,21.39,7.55,11.63,0.2222
FP_202108_BU04_EU,2021-08-31,BU04,Europe,USD,141.11,88.83,25.40,10.08,13.25,0.2595
FP_202108_BU04_LATAM,2021-08-31,BU04,Latin America,USD,47.76,30.17,8.50,3.15,4.58,0.2702
FP_202108_BU04_NA,2021-08-31,BU04,North America,USD,179.46,112.38,32.46,11.61,16.76,0.2494
FP_202108_BU05_APAC,2021-08-31,BU05,Asia Pacific,USD,69.79,26.87,19.05,2.74,3.62,0.2211
FP_202108_BU05_EU,2021-08-31,BU05,Europe,USD,43.07,17.07,11.86,1.82,2.21,0.2565
FP_202108_BU05_LATAM,2021-08-31,BU05,Latin America,USD,21.46,8.54,6.02,0.91,1.10,0.2674
FP_202108_BU05_NA,2021-08-31,BU05,North America,USD,88.13,34.52,24.95,3.65,4.58,0.2470
FP_202109_BU01_APAC,2021-09-30,BU01,Asia Pacific,USD,120.62,47.84,34.92,5.71,7.76,0.2229
FP_202109_BU01_EU,2021-09-30,BU01,Europe,USD,95.16,38.68,27.25,4.53,5.94,0.2572
FP_202109_BU01_LATAM,2021-09-30,BU01,Latin America,USD,40.72,16.77,11.79,1.97,2.65,0.2723
FP_202109_BU01_NA,2021-09-30,BU01,North America,USD,,63.23,45.80,7.49,9.78,0.2481
FP_202109_BU02_APAC,2021-09-30,BU02,Asia Pacific,USD,122.41,72.98,25.11,5.31,7.69,0.2223
FP_202109_BU02_EU,2021-09-30,BU02,Europe,USD,135.95,83.36,27.77,5.99,8.34,0.2589
FP_202109_BU02_LATAM,2021-09-30,BU02,Latin America,USD,61.03,37.40,12.43,2.76,3.77,0.2733
FP_202109_BU02_NA,2021-09-30,BU02,North America,USD,207.57,126.05,42.64,8.99,12.65,0.2468
FP_202109_BU03_APAC,2021-09-30,BU03,Asia Pacific,USD,84.84,40.52,22.80,4.70,6.50,0.2263
FP_202109_BU03_EU,2021-09-30,BU03,Europe,USD,103.65,50.82,27.52,5.85,8.01,0.2635
FP_202109_BU03_LATAM,2021-09-30,BU03,Latin America,USD,33.26,16.42,8.77,1.87,2.61,0.2668
FP_202109_BU03_NA,2021-09-30,BU03,North America,USD,191.49,92.55,51.17,11.02,14.50,0.2452
FP_202109_BU04_APAC,2021-09-30,BU04,Asia Pacific,USD,129.11,79.64,21.99,7.59,11.50,0.2297
FP_202109_BU04_EU,2021-09-30,BU04,Europe,USD,152.50,95.99,26.04,10.13,12.90,0.2617
FP_202109_BU04_LATAM,2021-09-30,BU04,Latin America,USD,53.66,33.81,8.98,3.17,4.88,0.2695
FP_202109_BU04_NA,2021-09-30,BU04,North America,USD,195.15,121.82,33.49,11.67,17.07,0.2428
FP_202109_BU05_APAC,2021-09-30,BU05,Asia Pacific,USD,71.30,27.27,19.37,2.78,3.67,0.2238
FP_202109_BU05_EU,2021-09-30,BU05,Europe,USD,47.50,18.66,12.92,1.85,2.40,0.2529
FP_202109_BU05_LATAM,2021-09-30,BU05,Latin America,USD,22.66,8.98,6.41,0.92,1.14,0.2753
FP_202109_BU05_NA,2021-09-30,BU05,North America,USD,94.50,36.74,26.26,3.70,4.73,0.2475
FP_202110_BU01_APAC,2021-10-31,BU01,Asia Pacific,USD,115.45,45.96,33.92,5.78,7.03,0.2259
FP_202110_BU01_APAC,2021-10-31,BU01,Asia Pacific,USD,115.45,45.96,33.92,5.78,7.03,0.2259
FP_202110_BU01_EU,2021-10-31,BU01,Europe,USD,93.45,38.21,27.32,4.58,5.93,0.2566
FP_202110_BU01_LATAM,2021-10-31,BU01,Latin America,USD,38.91,16.07,11.35,1.99,2.35,0.2736
FP_202110_BU01_NA,2021-10-31,BU01,North America,USD,150.42,60.58,43.70,7.58,9.05,0.2444
FP_202110_BU02_APAC,2021-10-31,BU02,Asia Pacific,USD,137.17,81.67,26.74,5.35,8.47,0.2251
FP_202110_BU02_EU,2021-10-31,BU02,Europe,USD,148.70,91.04,28.45,6.04,8.62,0.2538
FP_202110_BU02_LATAM,2021-10-31,BU02,Latin America,USD,70.14,43.10,13.75,2.79,4.15,0.2698
FP_202110_BU02_NA,2021-10-31,BU02,North America,USD,234.49,142.59,45.71,9.07,14.15,0.2484
FP_202110_BU03_APAC,2021-10-31,BU03,Asia Pacific,USD,82.89,39.35,21.97,4.74,6.15,0.2266
FP_202110_BU03_EU,2021-10-31,BU03,Europe,USD,102.71,50.40,27.70,5.90,7.74,0.2556
FP_202110_BU03_LATAM,2021-10-31,BU03,Latin America,USD,32.28,15.88,8.70,1.89,2.47,0.2733
FP_202110_BU03_NA,2021-10-31,BU03,North America,USD,192.17,92.56,51.49,11.10,14.18,0.2464
FP_202110_BU04_APAC,2021-10-31,BU04,Asia Pacific,USD,127.35,78.68,22.06,7.64,11.60,0.2240
FP_202110_BU04_EU,2021-10-31,BU04,Europe,USD,156.37,98.35,26.42,10.18,13.27,0.2551
FP_202110_BU04_LATAM,2021-10-31,BU04,Latin America,USD,50.28,31.67,8.94,3.18,4.59,0.2690
FP_202110_BU04_NA,2021-10-31,BU04,North America,USD,198.87,124.71,33.51,11.74,17.43,0.2465
FP_202110_BU05_APAC,2021-10-31,BU05,Asia Pacific,USD,73.65,28.16,20.47,2.82,3.60,0.2247
FP_202110_BU05_EU,2021-10-31,BU05,Europe,USD,48.36,19.15,13.21,1.87,2.38,0.2596
FP_202110_BU05_LATAM,2021-10-31,BU05,Latin America,USD,24.15,9.57,6.69,0.94,1.21,0.2728
FP_202110_BU05_NA,2021-10-31,BU05,North America,USD,95.53,37.22,25.80,3.75,4.67,0.2458
FP_202111_BU01_APAC,2021-11-30,BU01,Asia Pacific,USD,123.45,48.97,35.64,5.85,7.27,0.2264
FP_202111_BU01_EU,2021-11-30,BU01,Europe,USD,95.27,38.92,27.54,4.64,5.79,0.2555
FP_202111_BU01_LATAM,2021-11-30,BU01,Latin America,USD,41.85,17.39,12.30,2.02,2.52,0.2666
FP_202111_BU01_NA,2021-11-30,BU01,North America,USD,161.66,65.04,46.61,7.66,9.96,0.2442
FP_202111_BU02_APAC,2021-11-30,BU02,Asia Pacific,USD,152.26,90.88,27.76,5.41,8.84,0.2235
FP_202111_BU02_EU,2021-11-30,BU02,Europe,USD,169.16,103.79,31.51,6.09,9.85,0.2552
FP_202111_BU02_LATAM,2021-11-30,BU02,Latin America,USD,79.60,49.07,14.83,2.81,4.78,0.2674
FP_202111_BU02_NA,2021-11-30,BU02,North America,USD,262.48,158.82,47.28,9.16,15.87,0.2501
FP_202111_BU03_APAC,2021-11-30,BU03,Asia Pacific,USD,84.24,39.98,22.77,4.78,6.46,0.2259
FP_202111_BU03_EU,2021-11-30,BU03,Europe,USD,104.43,51.06,28.13,5.94,7.89,0.2586
FP_202111_BU03_LATAM,2021-11-30,BU03,Latin America,USD,33.30,16.45,8.73,1.90,2.48,0.2746
FP_202111_BU03_NA,2021-11-30,BU03,North America,USD,196.40,95.24,52.51,11.19,14.55,0.2441
FP_202111_BU04_APAC,2021-11-30,BU04,Asia Pacific,USD,125.53,77.51,22.32,7.68,11.38,0.2228
FP_202111_BU04_EU,2021-11-30,BU04,Europe,USD,151.11,94.87,26.02,10.23,13.30,0.2548
FP_202111_BU04_LATAM,2021-11-30,BU04,Latin America,USD,51.98,32.83,9.18,3.20,4.73,0.2681
FP_202111_BU04_NA,2021-11-30,BU04,North America,USD,203.64,126.78,33.69,11.80,17.87,0.2450
FP_202111_BU05_APAC,2021-11-30,BU05,Asia Pacific,USD,84.54,32.29,22.83,2.86,4.12,0.2231
FP_202111_BU05_EU,2021-11-30,BU05,Europe,USD,50.30,20.05,13.63,1.90,2.40,0.2585
FP_202111_BU05_LATAM,2021-11-30,BU05,Latin America,USD,24.71,9.73,6.91,0.95,1.18,0.2716
FP_202111_BU05_NA,2021-11-30,BU05,North America,USD,101.26,39.54,26.74,3.80,5.19,0.2509
FP_202112_BU01_APAC,2021-12-31,BU01,Asia Pacific,USD,127.94,50.45,37.07,5.92,7.90,0.2192
FP_202112_BU01_EU,2021-12-31,BU01,Europe,USD,102.32,41.57,29.57,4.69,6.31,0.2556
FP_202112_BU01_LATAM,2021-12-31,BU01,Latin America,USD,43.75,18.23,12.62,2.04,2.69,0.2729
FP_202112_BU01_NA,2021-12-31,BU01,North America,USD,168.60,68.27,47.74,7.76,10.54,0.2502
FP_202112_BU02_APAC,2021-12-31,BU02,Asia Pacific,USD,160.53,95.68,29.24,5.46,9.55,0.2257
FP_202112_BU02_EU,2021-12-31,BU02,Europe,USD,168.73,103.18,31.72,6.15,10.05,0.2552
FP_202112_BU02_LATAM,2021-12-31,BU02,Latin America,USD,82.19,50.55,15.07,2.84,4.86,0.2701
FP_202112_BU02_NA,2021-12-31,BU02,North America,USD,258.71,156.52,47.83,9.25,15.45,0.2514
FP_202112_BU03_APAC,2021-12-31,BU03,Asia Pacific,USD,86.15,41.24,22.76,4.82,6.61,0.2308
FP_202112_BU03_EU,2021-12-31,BU03,Europe,USD,102.99,50.36,27.85,5.99,7.51,0.2590
FP_202112_BU03_LATAM,2021-12-31,BU03,Latin America,USD,33.47,16.47,8.98,1.92,2.44,0.2693
FP_202112_BU03_NA,2021-12-31,BU03,North America,USD,197.95,96.44,52.71,11.28,14.71,0.2487
FP_202112_BU04_APAC,2021-12-31,BU04,Asia Pacific,USD,117.44,72.54,21.48,7.72,10.80,0.2223
FP_202112_BU04_EU,2021-12-31,BU04,Europe,USD,130.87,82.16,24.73,10.28,12.95,0.2556
FP_202112_BU04_LATAM,2021-12-31,BU04,Latin America,USD,47.35,29.95,8.75,3.22,4.29,0.2735
FP_202112_BU04_NA,2021-12-31,BU04,North America,USD,181.61,113.64,33.07,11.87,16.31,0.2463
FP_202112_BU05_APAC,2021-12-31,BU05,Asia Pacific,USD,81.20,30.99,22.36,2.90,4.04,0.2257
FP_202112_BU05_EU,2021-12-31,BU05,Europe,USD,52.52,20.88,14.19,1.92,2.58,0.2564
FP_202112_BU05_LATAM,2021-12-31,BU05,Latin America,USD,25.71,10.23,7.18,0.96,1.24,0.2686
FP_202112_BU05_NA,2021-12-31,BU05,North America,USD,106.54,41.44,28.26,3.85,5.20,0.2441
FP_202201_BU01_APAC,2022-01-31,BU01,Asia Pacific,USD,121.60,48.10,35.50,5.99,7.81,0.2196
FP_202201_BU01_EU,2022-01-31,BU01,Europe,USD,91.30,37.16,27.30,4.75,5.75,0.2569
FP_202201_BU01_LATAM,2022-01-31,BU01,Latin America,USD,40.27,16.68,11.98,2.06,2.52,0.2725
FP_202201_BU01_NA,2022-01-31,BU01,North America,USD,149.93,60.73,43.83,7.85,9.43,0.2472
FP_202201_BU02_APAC,2022-01-31,BU02,Asia Pacific,USD,99.25,59.50,22.24,5.51,6.04,0.2281
FP_202201_BU02_EU,2022-01-31,BU02,Europe,USD,109.41,66.96,24.86,6.20,6.57,0.2584
FP_202201_BU02_LATAM,2022-01-31,BU02,Latin America,USD,51.71,31.80,11.77,2.87,3.26,0.2749
FP_202201_BU02_NA,2022-01-31,BU02,North America,USD,163.66,99.20,37.52,9.33,10.13,0.2458
FP_202201_BU03_APAC,2022-01-31,BU03,Asia Pacific,USD,85.75,41.05,23.09,4.86,6.72,0.2216
FP_202201_BU03_EU,2022-01-31,BU03,Europe,USD,105.01,51.46,27.40,6.04,8.08,0.2582
FP_202201_BU03_LATAM,2022-01-31,BU03,Latin America,USD,33.82,16.71,8.95,1.93,2.60,0.2726
FP_202201_BU03_NA,2022-01-31,BU03,North America,USD,196.35,95.37,52.13,11.37,15.19,0.2520
FP_202201_BU04_APAC,2022-01-31,BU04,Asia Pacific,USD,109.23,67.27,20.80,7.76,10.16,0.2224
FP_202201_BU04_EU,2022-01-31,BU04,Europe,USD,130.87,82.24,24.71,10.33,13.34,0.2526
FP_202201_BU04_LATAM,2022-01-31,BU04,Latin America,USD,46.42,29.35,8.67,3.23,4.10,0.2734
FP_202201_BU04_NA,2022-01-31,BU04,North America,USD,174.95,109.64,32.95,11.93,15.83,0.2466
FP_202201_BU05_APAC,2022-01-31,BU05,Asia Pacific,USD,68.48,26.27,,2.94,3.50,0.2247
FP_202201_BU05_EU,2022-01-31,BU05,Europe,USD,43.37,17.04,12.46,1.95,2.22,0.2560
FP_202201_BU05_LATAM,2022-01-31,BU05,Latin America,USD,21.39,8.43,6.22,0.97,1.09,0.2706
FP_202201_BU05_NA,2022-01-31,BU05,North America,USD,93.26,36.26,26.29,3.91,4.77,0.2426
FP_202202_BU01_APAC,2022-02-28,BU01,Asia Pacific,USD,119.60,47.62,35.81,6.06,7.69,0.2252
FP_202202_BU01_EU,2022-02-28,BU01,Europe,USD,90.05,36.67,26.89,4.80,6.00,0.2565
FP_202202_BU01_LATAM,2022-02-28,BU01,Latin America,USD,40.86,16.90,12.14,2.09,2.64,0.2710
FP_202202_BU01_NA,2022-02-28,BU01,North America,USD,154.28,62.59,45.36,7.94,10.06,0.2474
FP_202202_BU02_APAC,2022-02-28,BU02,Asia Pacific,USD,100.20,59.89,22.72,5.54,6.29,0.2281
FP_202202_BU02_EU,2022-02-28,BU02,Europe,USD,109.78,67.17,24.78,6.24,7.10,0.2585
FP_202202_BU02_LATAM,2022-02-28,BU02,Latin America,USD,52.27,32.01,11.76,2.89,3.36,0.2748
FP_202202_BU02_NA,2022-02-28,BU02,North America,USD,164.00,99.62,36.99,9.39,10.51,0.2441
FP_202202_BU03_APAC,2022-02-28,BU03,Asia Pacific,USD,83.06,39.45,22.35,4.90,6.57,0.2249
FP_202202_BU03_EU,2022-02-28,BU03,Europe,USD,103.85,51.03,27.66,6.08,8.22,0.2590
FP_202202_BU03_LATAM,2022-02-28,BU03,Latin America,USD,33.91,16.69,9.03,1.95,2.65,0.2679
FP_202202_BU03_NA,2022-02-28,BU03,North America,USD,200.28,97.71,53.17,11.46,15.93,0.2453
FP_202202_BU04_APAC,2022-02-28,BU04,Asia Pacific,USD,113.86,70.16,21.43,7.80,10.66,0.2244
FP_202202_BU04_EU,2022-02-28,BU04,Europe,USD,136.79,85.92,25.16,10.38,13.66,0.2576
FP_202202_BU04_LATAM,2022-02-28,BU04,Latin America,USD,48.01,30.33,8.73,3.25,4.40,0.2716
FP_202202_BU04_NA,2022-02-28,BU04,North America,USD,175.24,109.95,32.23,11.99,16.72,0.2430
FP_202202_BU05_APAC,2022-02-28,BU05,Asia Pacific,USD,66.56,25.39,19.39,2.98,3.55,0.2290
FP_202202_BU05_EU,2022-02-28,BU05,Europe,USD,44.55,17.46,12.71,1.97,2.30,0.2558
FP_202202_BU05_LATAM,2022-02-28,BU05,Latin America,USD,21.81,8.72,6.27,0.98,1.15,0.2722
FP_202202_BU05_NA,2022-02-28,BU05,North America,USD,93.22,36.39,26.27,3.96,4.83,0.2502
FP_202203_BU01_APAC,2022-03-31,BU01,Asia Pacific,USD,130.18,51.98,37.78,6.14,8.77,0.2267
FP_202203_BU01_EU,2022-03-31,BU01,Europe,USD,100.01,40.95,28.30,4.86,6.58,0.2572
FP_202203_BU01_LATAM,2022-03-31,BU01,Latin America,USD,44.19,18.36,12.58,2.11,3.02,0.2701
FP_202203_BU01_NA,2022-03-31,BU01,North America,USD,171.55,69.47,49.50,8.04,11.33,0.2466
FP_202203_BU02_APAC,2022-03-31,BU02,Asia Pacific,USD,110.40,66.22,24.06,5.58,6.97,0.2229
FP_202203_BU02_EU,2022-03-31,BU02,Europe,USD,129.13,79.12,27.17,6.29,8.66,0.2610
FP_202203_BU02_LATAM,2022-03-31,BU02,Latin America,USD,58.14,35.81,12.73,2.91,3.58,0.2733
FP_202203_BU02_NA,2022-03-31,BU02,North America,USD,189.67,115.16,40.89,9.46,12.41,0.2481
FP_202203_BU03_APAC,2022-03-31,BU03,Asia Pacific,USD,87.31,41.33,23.00,4.94,7.25,0.2250
FP_202203_BU03_EU,2022-03-31,BU03,Europe,USD,107.86,52.53,28.62,6.14,8.94,0.2573
FP_202203_BU03_LATAM,2022-03-31,BU03,Latin America,USD,34.60,17.11,9.18,1.96,2.85,0.2723
FP_202203_BU03_NA,2022-03-31,BU03,North America,USD,208.57,101.50,54.92,11.56,17.31,0.2491
FP_202203_BU04_APAC,2022-03-31,BU04,Asia Pacific,USD,125.78,77.68,22.33,7.84,12.08,0.2224
FP_202203_BU04_EU,2022-03-31,BU04,Europe,USD,147.52,93.09,26.22,10.43,14.19,0.2555
FP_202203_BU04_LATAM,2022-03-31,BU04,Latin America,USD,51.61,32.62,9.17,3.27,4.92,0.2664
FP_202203_BU04_NA,2022-03-31,BU04,North America,USD,189.15,118.74,33.33,12.06,18.90,0.2453
FP_202203_BU05_APAC,2022-03-31,BU05,Asia Pacific,USD,72.82,27.72,20.84,3.02,3.91,0.2237
FP_202203_BU05_EU,2022-03-31,BU05,Europe,USD,47.77,18.82,13.45,2.00,2.47,0.2580
FP_202203_BU05_LATAM,2022-03-31,BU05,Latin America,USD,24.76,9.82,6.95,1.00,1.31,0.2709
FP_202203_BU05_NA,2022-03-31,BU05,North America,USD,96.42,37.66,27.05,4.01,5.24,0.2474
FP_202204_BU01_APAC,2022-04-30,BU01,Asia Pacific,USD,130.84,52.41,37.62,6.22,9.05,0.2251
FP_202204_BU01_EU,2022-04-30,BU01,Europe,USD,97.57,40.04,28.73,4.92,6.63,0.2602
FP_202204_BU01_LATAM,2022-04-30,BU01,Latin America,USD,42.85,17.78,12.45,2.14,2.93,0.2713
FP_202204_BU01_NA,2022-04-30,BU01,North America,USD,165.47,67.17,48.57,8.14,11.26,0.2506
FP_202204_BU02_APAC,2022-04-30,BU02,Asia Pacific,USD,114.11,68.50,24.06,5.63,7.55,0.2253
FP_202204_BU02_EU,2022-04-30,BU02,Europe,USD,127.98,78.76,27.10,6.34,8.65,0.2553
FP_202204_BU02_LATAM,2022-04-30,BU02,Latin America,USD,59.13,36.51,12.74,2.93,3.97,0.2730
FP_202204_BU02_NA,2022-04-30,BU02,North America,USD,185.88,112.90,40.14,9.53,12.16,0.2469
FP_202204_BU03_APAC,2022-04-30,BU03,Asia Pacific,USD,86.42,41.05,23.02,4.98,7.29,0.2223
FP_202204_BU03_EU,2022-04-30,BU03,Europe,USD,104.90,51.41,28.34,6.19,8.79,0.2589
FP_202204_BU03_LATAM,2022-04-30,BU03,Latin America,USD,33.83,16.77,9.05,1.98,2.80,0.2712
FP_202204_BU03_NA,2022-04-30,BU03,North America,USD,209.36,101.24,55.21,11.66,17.55,0.2489
FP_202204_BU04_APAC,2022-04-30,BU04,Asia Pacific,USD,128.15,79.46,22.04,7.89,12.67,0.2266
FP_202204_BU04_EU,2022-04-30,BU04,Europe,USD,149.26,94.36,26.14,10.49,15.00,0.2561
FP_202204_BU04_LATAM,2022-04-30,BU04,Latin America,USD,51.91,33.19,9.07,3.29,5.16,0.2708
FP_202204_BU04_NA,2022-04-30,BU04,North America,USD,189.38,118.91,33.50,12.13,18.89,0.2482
FP_202204_BU05_APAC,2022-04-30,BU05,Asia Pacific,USD,74.17,28.19,20.97,3.06,3.97,0.2263
FP_202204_BU05_EU,2022-04-30,BU05,Europe,USD,47.45,18.61,13.70,2.02,2.61,0.2632
FP_202204_BU05_LATAM,2022-04-30,BU05,Latin America,USD,23.88,9.46,6.72,1.01,1.33,0.2712
FP_202204_BU05_NA,2022-04-30,BU05,North America,USD,94.66,37.16,26.85,4.06,5.18,0.2452
FP_202205_BU01_APAC,2022-05-31,BU01,Asia Pacific,USD,127.85,51.36,37.98,6.30,8.57,0.2315
FP_202205_BU01_EU,2022-05-31,BU01,Europe,USD,95.62,38.78,42.48,4.98,6.61,0.2572
FP_202205_BU01_LATAM,2022-05-31,BU01,Latin America,USD,40.85,16.91,12.46,2.17,2.76,0.2724
FP_202205_BU01_NA,2022-05-31,BU01,North America,USD,167.55,67.77,48.80,8.25,11.43,0.2471
FP_202205_BU02_APAC,2022-05-31,BU02,Asia Pacific,USD,121.45,72.54,25.36,5.67,8.15,0.2245
FP_202205_BU02_EU,2022-05-31,BU02,Europe,USD,129.64,79.37,27.43,6.39,8.78,0.2583
FP_202205_BU02_LATAM,2022-05-31,BU02,Latin America,USD,63.31,38.87,13.01,2.95,4.20,0.2756
FP_202205_BU02_NA,2022-05-31,BU02,North America,USD,196.24,119.27,40.69,9.60,12.98,0.2516
FP_202205_BU03_APAC,2022-05-31,BU03,Asia Pacific,USD,84.98,40.51,23.15,5.02,7.32,0.2276
FP_202205_BU03_EU,2022-05-31,BU03,Europe,USD,103.61,51.00,27.90,6.24,8.89,0.2583
FP_202205_BU03_LATAM,2022-05-31,BU03,Latin America,USD,32.47,15.91,8.89,2.00,2.78,0.2691
FP_202205_BU03_NA,2022-05-31,BU03,North America,USD,201.45,97.74,54.54,11.76,16.46,0.2465
FP_202205_BU04_APAC,2022-05-31,BU04,Asia Pacific,USD,130.40,81.09,22.48,7.94,13.00,0.2242
FP_202205_BU04_EU,2022-05-31,BU04,Europe,USD,150.59,95.22,26.49,10.54,14.42,0.2592
FP_202205_BU04_LATAM,2022-05-31,BU04,Latin America,USD,52.67,33.64,9.15,3.31,5.11,0.2691
FP_202205_BU04_NA,2022-05-31,BU04,North America,USD,195.57,122.18,34.41,12.20,19.22,0.2493
FP_202205_BU05_APAC,2022-05-31,BU05,Asia Pacific,USD,73.83,28.21,21.31,3.10,4.08,0.2261
FP_202205_BU05_EU,2022-05-31,BU05,Europe,USD,49.65,19.52,14.10,2.05,2.71,0.2607
FP_202205_BU05_LATAM,2022-05-31,BU05,Latin America,USD,24.47,9.75,6.88,1.02,1.32,0.2754
FP_202205_BU05_NA,2022-05-31,BU05,North America,USD,95.36,37.30,27.54,4.12,5.19,0.2518
FP_202206_BU01_APAC,2022-06-30,BU01,Asia Pacific,USD,133.82,53.46,39.04,6.38,9.21,0.2246
FP_202206_BU01_EU,2022-06-30,BU01,Europe,USD,104.57,42.37,30.42,5.05,7.05,0.2555
FP_202206_BU01_LATAM,2022-06-30,BU01,Latin America,USD,45.71,18.77,13.25,2.20,3.09,0.2668
FP_202206_BU01_NA,2022-06-30,BU01,North America,USD,176.68,71.57,51.28,8.36,12.45,0.2444
FP_202206_BU02_APAC,2022-06-30,BU02,Asia Pacific,USD,125.74,74.83,25.85,5.72,8.26,0.2273
FP_202206_BU02_EU,2022-06-30,BU02,Europe,USD,129.33,79.32,26.84,6.44,8.31,0.2560
FP_202206_BU02_LATAM,2022-06-30,BU02,Latin America,USD,61.51,37.92,12.76,2.98,4.11,0.2736
FP_202206_BU02_NA,2022-06-30,BU02,North America,USD,202.00,122.62,41.51,9.68,13.00,0.2491
FP_202206_BU03_APAC,2022-06-30,BU03,Asia Pacific,USD,87.09,41.40,23.34,5.07,7.28,0.2288
FP_202206_BU03_EU,2022-06-30,BU03,Europe,USD,106.17,52.17,27.98,6.29,8.70,0.2553
FP_202206_BU03_LATAM,2022-06-30,BU03,Latin America,USD,33.63,16.51,9.01,2.01,2.80,0.2711
FP_202206_BU03_NA,2022-06-30,BU03,North America,USD,205.30,99.46,54.15,11.86,17.46,0.2455
FP_202206_BU04_APAC,2022-06-30,BU04,Asia Pacific,USD,130.55,81.44,22.93,7.99,12.57,0.2211
FP_202206_BU04_EU,2022-06-30,BU04,Europe,USD,156.73,99.36,27.05,10.60,14.58,0.2580
FP_202206_BU04_LATAM,2022-06-30,BU04,Latin America,USD,53.15,33.88,9.35,3.33,5.19,0.2745
FP_202206_BU04_NA,2022-06-30,BU04,North America,USD,199.11,124.40,34.21,12.28,19.44,0.2501
FP_202206_BU05_APAC,2022-06-30,BU05,Asia Pacific,USD,80.94,30.81,22.85,3.15,4.47,0.2249
FP_202206_BU05_EU,2022-06-30,BU05,Europe,USD,52.77,20.82,14.68,2.08,2.89,0.2577
FP_202206_BU05_LATAM,2022-06-30,BU05,Latin America,USD,25.80,10.22,7.12,1.04,1.39,0.2696
FP_202206_BU05_NA,2022-06-30,BU05,North America,USD,105.85,41.27,30.27,4.17,5.75,0.2443
FP_202207_BU01_APAC,2022-07-31,BU01,Asia Pacific,USD,126.67,50.70,37.69,6.46,8.39,0.2231
FP_202207_BU01_EU,2022-07-31,BU01,Europe,USD,100.14,40.86,29.26,5.11,6.70,0.2594
FP_202207_BU01_LATAM,2022-07-31,BU01,Latin America,USD,43.22,17.83,12.81,2.22,2.95,0.2696
FP_202207_BU01_NA,2022-07-31,BU01,North America,USD,163.59,65.49,48.36,8.47,11.12,
FP_202207_BU02_APAC,2022-07-31,BU02,Asia Pacific,USD,120.86,72.17,25.38,5.77,7.84,0.2264
FP_202207_BU02_EU,2022-07-31,BU02,Europe,USD,124.51,76.39,26.84,6.49,8.08,0.2537
FP_202207_BU02_LATAM,2022-07-31,BU02,Latin America,USD,60.38,37.20,13.00,3.00,3.93,0.2739
FP_202207_BU02_NA,2022-07-31,BU02,North America,USD,186.14,113.47,40.15,9.76,12.13,0.2512
FP_202207_BU03_APAC,2022-07-31,BU03,Asia Pacific,USD,86.44,41.05,23.54,5.11,7.03,0.2285
FP_202207_BU03_EU,2022-07-31,BU03,Europe,USD,103.59,50.79,28.07,6.34,8.57,0.2584
FP_202207_BU03_LATAM,2022-07-31,BU03,Latin America,USD,33.17,16.28,9.16,2.03,2.61,0.2716
FP_202207_BU03_NA,2022-07-31,BU03,North America,USD,196.73,95.35,53.45,11.96,16.42,0.2498
FP_202207_BU04_APAC,2022-07-31,BU04,Asia Pacific,USD,124.11,76.94,22.14,8.04,12.02,0.2257
FP_202207_BU04_EU,2022-07-31,BU04,Europe,USD,141.18,89.99,25.97,10.65,14.44,0.2578
FP_202207_BU04_LATAM,2022-07-31,BU04,Latin America,USD,48.64,31.09,8.98,3.34,4.66,0.2748
FP_202207_BU04_NA,2022-07-31,BU04,North America,USD,180.96,114.46,33.35,12.35,17.69,0.2499
FP_202207_BU05_APAC,2022-07-31,BU05,Asia Pacific,USD,80.02,30.58,22.12,3.19,4.25,0.2269
FP_202207_BU05_EU,2022-07-31,BU05,Europe,USD,52.81,20.86,14.85,2.11,2.94,0.2565
FP_202207_BU05_LATAM,2022-07-31,BU05,Latin America,USD,26.34,10.46,7.20,1.05,1.40,0.2632
FP_202207_BU05_NA,2022-07-31,BU05,North America,USD,102.63,39.86,29.22,4.23,5.39,0.2479
FP_202208_BU01_APAC,2022-08-31,BU01,Asia Pacific,USD,129.17,51.41,38.09,6.54,8.53,0.2275
FP_202208_BU01_EU,2022-08-31,BU01,Europe,USD,101.05,41.24,29.39,5.17,6.45,0.2578
FP_202208_BU01_LATAM,2022-08-31,BU01,Latin America,USD,44.66,18.39,13.06,2.25,2.90,0.2708
FP_202208_BU01_NA,2022-08-31,BU01,North America,USD,165.92,66.88,48.54,8.57,10.60,0.2493
FP_202208_BU02_APAC,2022-08-31,BU02,Asia Pacific,USD,122.01,73.04,25.57,5.82,7.43,0.2244
FP_202208_BU02_EU,2022-08-31,BU02,Europe,USD,131.01,80.66,27.86,6.54,8.17,0.2541
FP_202208_BU02_LATAM,2022-08-31,BU02,Latin America,USD,63.00,39.06,13.05,3.03,3.94,0.2704
FP_202208_BU02_NA,2022-08-31,BU02,North America,USD,198.35,121.22,41.82,9.83,12.60,0.2488
FP_202208_BU03_APAC,2022-08-31,BU03,Asia Pacific,USD,90.53,43.15,24.03,5.15,7.24,0.2241
FP_202208_BU03_EU,2022-08-31,BU03,Europe,USD,104.42,51.67,28.15,6.40,8.56,0.2563
FP_202208_BU03_LATAM,2022-08-31,BU03,Latin America,USD,34.65,16.98,9.32,2.04,2.68,0.2722
FP_202208_BU03_NA,2022-08-31,BU03,North America,USD,207.44,100.27,55.23,12.06,16.63,0.2487
FP_202208_BU04_APAC,2022-08-31,BU04,Asia Pacific,USD,120.31,74.75,21.91,8.08,10.87,0.2264
FP_202208_BU04_EU,2022-08-31,BU04,Europe,USD,137.84,87.76,25.32,10.71,13.78,0.2582
FP_202208_BU04_LATAM,2022-08-31,BU04,Latin America,USD,49.46,31.55,9.10,3.36,4.63,0.2697
FP_202208_BU04_NA,2022-08-31,BU04,North America,USD,183.27,115.86,33.17,12.41,17.47,0.2441
FP_202208_BU05_APAC,2022-08-31,BU05,Asia Pacific,USD,80.82,30.74,22.33,3.23,4.27,0.2247
FP_202208_BU05_EU,2022-08-31,BU05,Europe,USD,54.87,21.58,15.11,2.14,2.80,0.2583
FP_202208_BU05_LATAM,2022-08-31,BU05,Latin America,USD,26.32,10.39,7.18,1.07,1.34,0.2725
FP_202208_BU05_NA,2022-08-31,BU05,North America,USD,107.71,41.98,30.43,4.29,5.83,0.2429
FP_202209_BU01_APAC,2022-09-30,BU01,Asia Pacific,USD,142.37,56.84,41.23,6.62,8.97,0.2270
FP_202209_BU01_EU,2022-09-30,BU01,Europe,USD,107.83,44.09,31.10,5.23,6.66,0.2564
FP_202209_BU01_LATAM,2022-09-30,BU01,Latin America,USD,47.23,19.51,13.72,2.28,2.96,0.2710
FP_202209_BU01_NA,2022-09-30,BU01,North America,USD,181.53,,52.91,8.67,11.75,0.2425
FP_202209_BU02_APAC,2022-09-30,BU02,Asia Pacific,USD,132.05,79.27,26.79,5.86,7.66,0.2278
FP_202209_BU02_EU,2022-09-30,BU02,Europe,USD,140.69,86.59,29.33,6.59,8.56,0.2557
FP_202209_BU02_LATAM,2022-09-30,BU02,Latin America,USD,65.92,41.14,13.51,3.05,4.09,0.2737
FP_202209_BU02_NA,2022-09-30,BU02,North America,USD,208.59,127.30,43.45,9.90,12.59,0.2451
FP_202209_BU03_APAC,2022-09-30,BU03,Asia Pacific,USD,91.25,43.40,23.96,5.20,6.89,0.2251
FP_202209_BU03_EU,2022-09-30,BU03,Europe,USD,106.56,52.64,28.38,6.44,7.98,0.2597
FP_202209_BU03_LATAM,2022-09-30,BU03,Latin America,USD,35.65,17.53,9.39,2.06,2.68,0.2716
FP_202209_BU03_NA,2022-09-30,BU03,North America,USD,208.77,101.18,55.05,12.16,16.06,0.2481
FP_202209_BU04_APAC,2022-09-30,BU04,Asia Pacific,USD,135.59,84.32,23.93,8.12,12.17,0.2209
FP_202209_BU04_EU,2022-09-30,BU04,Europe,USD,148.96,95.06,26.57,10.76,13.80,0.2577
FP_202209_BU04_LATAM,2022-09-30,BU04,Latin America,USD,55.38,35.57,9.61,3.38,5.07,0.2726
FP_202209_BU04_NA,2022-09-30,BU04,North America,USD,205.78,130.78,35.38,12.48,18.29,0.2507
FP_202209_BU05_APAC,2022-09-30,BU05,Asia Pacific,USD,80.16,30.22,22.37,3.28,4.02,0.2265
FP_202209_BU05_EU,2022-09-30,BU05,Europe,USD,52.74,20.67,14.60,2.17,2.64,0.2589
FP_202209_BU05_LATAM,2022-09-30,BU05,Latin America,USD,26.98,,7.47,1.08,1.39,0.2699
FP_202209_BU05_NA,2022-09-30,BU05,North America,USD,110.35,43.22,49.39,4.35,5.73,0.2486
FP_202210_BU01_APAC,2022-10-31,BU01,Asia Pacific,USD,135.49,53.74,39.99,6.70,8.24,0.2241
FP_202210_BU01_EU,2022-10-31,BU01,Europe,USD,108.70,44.24,31.60,5.29,6.75,0.2568
FP_202210_BU01_LATAM,2022-10-31,BU01,Latin America,USD,46.93,19.38,13.89,2.30,2.91,0.2732
FP_202210_BU01_NA,2022-10-31,BU01,North America,USD,173.76,69.58,50.89,8.78,11.20,0.2467
FP_202210_BU02_APAC,2022-10-31,BU02,Asia Pacific,USD,146.73,88.78,28.70,5.91,8.78,0.2250
FP_202210_BU02_EU,2022-10-31,BU02,Europe,USD,159.46,98.45,31.15,6.64,9.65,0.2611
FP_202210_BU02_LATAM,2022-10-31,BU02,Latin America,USD,74.53,46.50,14.74,3.07,4.44,0.2700
FP_202210_BU02_NA,2022-10-31,BU02,North America,USD,235.92,144.42,46.88,9.98,13.89,0.2498
FP_202210_BU03_APAC,2022-10-31,BU03,Asia Pacific,USD,90.69,43.23,23.60,5.24,6.61,0.2271
FP_202210_BU03_EU,2022-10-31,BU03,Europe,USD,107.45,53.18,29.10,6.49,8.03,0.2598
FP_202210_BU03_LATAM,2022-10-31,BU03,Latin America,USD,35.61,17.49,9.52,2.08,2.75,0.2714
FP_202210_BU03_NA,2022-10-31,BU03,North America,USD,208.09,100.86,55.23,12.25,15.80,0.2437
FP_202210_BU04_APAC,2022-10-31,BU04,Asia Pacific,USD,134.99,84.45,23.25,8.17,12.10,0.2244
FP_202210_BU04_EU,2022-10-31,BU04,Europe,USD,154.28,98.03,27.00,10.81,13.31,0.2560
FP_202210_BU04_LATAM,2022-10-31,BU04,Latin America,USD,54.07,34.72,9.47,3.40,4.86,0.2733
FP_202210_BU04_NA,2022-10-31,BU04,North America,USD,206.30,130.74,35.41,12.55,18.51,0.2497
FP_202210_BU05_APAC,2022-10-31,BU05,Asia Pacific,USD,83.79,31.77,23.27,3.32,4.08,0.2261
FP_202210_BU05_EU,2022-10-31,BU05,Europe,USD,54.68,21.50,15.12,2.20,2.67,0.2537
FP_202210_BU05_LATAM,2022-10-31,BU05,Latin America,USD,27.28,10.77,7.66,1.10,1.38,0.2724
FP_202210_BU05_NA,2022-10-31,BU05,North America,USD,111.91,43.71,31.37,4.41,5.58,0.2432
FP_202211_BU01_APAC,2022-11-30,BU01,Asia Pacific,USD,137.39,54.49,40.22,6.78,8.51,0.2275
FP_202211_BU01_EU,2022-11-30,BU01,Europe,USD,107.04,43.55,31.27,5.35,6.46,0.2571
FP_202211_BU01_LATAM,2022-11-30,BU01,Latin America,USD,46.70,19.44,13.74,2.33,2.86,0.2699
FP_202211_BU01_NA,2022-11-30,BU01,North America,USD,173.71,70.17,51.88,8.88,10.73,0.2493
FP_202211_BU02_APAC,2022-11-30,BU02,Asia Pacific,USD,160.11,97.14,30.62,5.96,9.37,0.2269
FP_202211_BU02_EU,2022-11-30,BU02,Europe,USD,186.02,115.32,34.44,6.70,11.27,0.2564
FP_202211_BU02_LATAM,2022-11-30,BU02,Latin America,USD,84.23,52.53,15.74,3.10,4.95,0.2720
FP_202211_BU02_NA,2022-11-30,BU02,North America,USD,264.01,161.80,49.71,10.07,16.00,0.2508
FP_202211_BU03_APAC,2022-11-30,BU03,Asia Pacific,USD,90.13,42.85,24.23,5.28,6.89,0.2230
FP_202211_BU03_EU,2022-11-30,BU03,Europe,USD,109.08,53.64,29.33,6.54,8.02,0.2587
FP_202211_BU03_LATAM,2022-11-30,BU03,Latin America,USD,35.49,17.42,9.51,2.09,2.63,0.2757
FP_202211_BU03_NA,2022-11-30,BU03,North America,USD,211.83,102.74,56.23,12.35,15.62,0.2452
FP_202211_BU04_APAC,2022-11-30,BU04,Asia Pacific,USD,125.65,78.72,22.88,8.21,10.56,0.2299
FP_202211_BU04_EU,2022-11-30,BU04,Europe,USD,144.72,92.35,26.36,10.86,13.25,0.2569
FP_202211_BU04_LATAM,2022-11-30,BU04,Latin America,USD,51.09,32.68,9.22,3.42,4.73,0.2744
FP_202211_BU04_NA,2022-11-30,BU04,North America,USD,196.02,125.02,34.92,12.62,17.64,0.2465
FP_202211_BU05_APAC,2022-11-30,BU05,Asia Pacific,USD,91.20,34.63,24.74,3.36,4.24,0.2228
FP_202211_BU05_EU,2022-11-30,BU05,Europe,USD,56.53,22.21,15.54,2.22,2.83,0.2592
FP_202211_BU05_LATAM,2022-11-30,BU05,Latin America,USD,29.52,11.63,8.10,1.11,1.47,0.2697
FP_202211_BU05_NA,2022-11-30,BU05,North America,USD,116.15,45.49,31.79,4.47,5.60,0.2504
FP_202212_BU01_APAC,2022-12-31,BU01,Asia Pacific,USD,148.54,58.64,42.51,6.86,9.05,0.2204
FP_202212_BU01_EU,2022-12-31,BU01,Europe,USD,111.65,45.40,32.54,5.41,6.71,0.2575
FP_202212_BU01_LATAM,2022-12-31,BU01,Latin America,USD,49.97,20.45,14.45,2.36,3.11,0.2681
FP_202212_BU01_NA,2022-12-31,BU01,North America,USD,185.88,75.12,54.16,8.98,11.50,0.2497
FP_202212_BU02_APAC,2022-12-31,BU02,Asia Pacific,USD,165.25,100.42,31.15,6.02,9.78,0.2278
FP_202212_BU02_EU,2022-12-31,BU02,Europe,USD,190.62,118.50,35.32,6.77,11.34,0.2592
FP_202212_BU02_LATAM,2022-12-31,BU02,Latin America,USD,87.67,54.82,16.16,3.13,5.21,0.2711
FP_202212_BU02_NA,2022-12-31,BU02,North America,USD,265.88,163.10,50.50,10.17,16.06,0.2533
FP_202212_BU03_APAC,2022-12-31,BU03,Asia Pacific,USD,90.31,42.88,24.38,5.32,6.65,0.2269
FP_202212_BU03_EU,2022-12-31,BU03,Europe,USD,110.09,53.92,29.28,6.59,8.20,0.2565
FP_202212_BU03_LATAM,2022-12-31,BU03,Latin America,USD,35.72,17.54,9.54,2.11,2.56,0.2771
FP_202212_BU03_NA,2022-12-31,BU03,North America,USD,210.26,102.23,55.78,12.44,15.85,0.2442
FP_202212_BU04_APAC,2022-12-31,BU04,Asia Pacific,USD,118.87,74.71,21.73,8.25,10.75,0.2240
FP_202212_BU04_EU,2022-12-31,BU04,Europe,USD,139.65,89.45,26.26,10.91,13.51,0.2567
FP_202212_BU04_LATAM,2022-12-31,BU04,Latin America,USD,49.23,31.79,9.18,3.43,4.34,0.2710
FP_202212_BU04_NA,2022-12-31,BU04,North America,USD,181.45,115.45,33.98,12.68,16.35,0.2483
FP_202212_BU05_APAC,2022-12-31,BU05,Asia Pacific,USD,92.69,35.31,25.54,3.41,4.82,0.2291
FP_202212_BU05_EU,2022-12-31,BU05,Europe,USD,62.22,24.42,16.84,2.25,3.13,0.2565
FP_202212_BU05_LATAM,2022-12-31,BU05,Latin America,USD,31.75,12.64,8.75,1.13,1.57,0.2735
FP_202212_BU05_NA,2022-12-31,BU05,North America,USD,118.99,46.83,32.57,4.53,5.99,0.2479
FP_202301_BU01_APAC,2023-01-31,BU01,Asia Pacific,USD,137.63,54.15,40.83,6.95,8.78,0.2235
FP_202301_BU01_EU,2023-01-31,BU01,Europe,USD,103.98,42.49,31.16,5.48,6.60,0.2569
FP_202301_BU01_LATAM,2023-01-31,BU01,Latin America,USD,45.52,18.67,13.46,2.39,2.82,0.2716
FP_202301_BU01_NA,2023-01-31,BU01,North America,USD,168.44,68.28,50.86,9.09,10.33,0.2488
FP_202301_BU02_APAC,2023-01-31,BU02,Asia Pacific,USD,109.50,67.02,24.69,6.07,6.68,0.2243
FP_202301_BU02_EU,2023-01-31,BU02,Europe,USD,116.26,72.54,26.82,6.83,7.05,0.2578
FP_202301_BU02_LATAM,2023-01-31,BU02,Latin America,USD,51.87,32.59,12.16,3.16,3.10,0.2726
FP_202301_BU02_NA,2023-01-31,BU02,North America,USD,170.79,105.19,39.88,10.25,10.51,0.2442
FP_202301_BU03_APAC,2023-01-31,BU03,Asia Pacific,USD,90.97,43.14,24.19,5.36,6.90,0.2280
FP_202301_BU03_EU,2023-01-31,BU03,Europe,USD,109.75,53.50,29.38,6.64,8.46,0.2571
FP_202301_BU03_LATAM,2023-01-31,BU03,Latin America,USD,35.71,17.58,9.51,2.12,2.74,0.2677
FP_202301_BU03_NA,2023-01-31,BU03,North America,USD,206.44,100.14,55.26,12.54,15.87,0.2506
FP_202301_BU04_APAC,2023-01-31,BU04,Asia Pacific,USD,117.25,73.84,22.17,8.29,10.75,0.2256
FP_202301_BU04_EU,2023-01-31,BU04,Europe,USD,134.84,86.57,26.05,10.96,13.38,0.2566
FP_202301_BU04_LATAM,2023-01-31,BU04,Latin America,USD,46.79,30.34,8.92,3.45,4.25,0.2737
FP_202301_BU04_NA,2023-01-31,BU04,North America,USD,176.42,112.77,33.62,12.74,16.20,0.2480
FP_202301_BU05_APAC,2023-01-31,BU05,Asia Pacific,USD,75.85,28.81,22.60,3.46,3.88,0.2264
FP_202301_BU05_EU,2023-01-31,BU05,Europe,USD,53.84,21.08,15.15,2.29,2.76,0.2562
FP_202301_BU05_LATAM,2023-01-31,BU05,Latin America,USD,27.13,10.72,7.76,1.14,1.38,0.2679
FP_202301_BU05_NA,2023-01-31,BU05,North America,USD,109.05,43.02,30.55,4.59,5.65,0.2473
FP_202302_BU01_APAC,2023-02-28,BU01,Asia Pacific,USD,138.74,55.09,41.73,7.03,8.97,0.2234
FP_202302_BU01_EU,2023-02-28,BU01,Europe,USD,106.86,43.60,32.16,5.54,6.94,0.2569
FP_202302_BU01_LATAM,2023-02-28,BU01,Latin America,USD,47.15,19.25,13.95,2.41,3.07,0.2747
FP_202302_BU01_NA,2023-02-28,BU01,North America,USD,178.57,72.26,53.03,9.19,11.65,0.2467
FP_202302_BU02_APAC,2023-02-28,BU02,Asia Pacific,USD,108.69,66.62,24.87,6.11,6.47,0.2259
FP_202302_BU02_EU,2023-02-28,BU02,Europe,USD,119.22,74.45,26.67,6.87,7.41,0.2597
FP_202302_BU02_LATAM,2023-02-28,BU02,Latin America,USD,54.16,34.16,12.46,3.18,3.42,0.2715
FP_202302_BU02_NA,2023-02-28,BU02,North America,USD,177.69,110.23,40.38,10.31,11.02,0.2448
FP_202302_BU03_APAC,2023-02-28,BU03,Asia Pacific,USD,92.69,43.92,24.49,5.40,7.24,0.2250
FP_202302_BU03_EU,2023-02-28,BU03,Europe,USD,108.50,53.12,29.45,6.69,8.41,0.2608
FP_202302_BU03_LATAM,2023-02-28,BU03,Latin America,USD,35.59,17.58,9.54,2.14,2.78,0.2714
FP_202302_BU03_NA,2023-02-28,BU03,North America,USD,204.73,99.32,55.54,12.63,15.34,0.2501
FP_202302_BU04_APAC,2023-02-28,BU04,Asia Pacific,USD,121.67,77.06,22.56,8.34,11.83,0.2236
FP_202302_BU04_EU,2023-02-28,BU04,Europe,USD,138.45,89.27,26.26,11.02,14.35,0.2607
FP_202302_BU04_LATAM,2023-02-28,BU04,Latin America,USD,50.38,32.87,9.25,3.47,4.75,0.2761
FP_202302_BU04_NA,2023-02-28,BU04,North America,USD,178.37,114.51,33.57,12.81,16.64,0.2486
FP_202302_BU05_APAC,2023-02-28,BU05,Asia Pacific,USD,90.49,34.43,26.10,3.50,4.55,0.2224
FP_202302_BU05_EU,2023-02-28,BU05,Europe,USD,56.53,22.24,15.97,2.32,2.94,0.2576
FP_202302_BU05_LATAM,2023-02-28,BU05,Latin America,USD,27.50,10.85,7.94,1.16,1.37,0.2686
FP_202302_BU05_NA,2023-02-28,BU05,North America,USD,113.42,44.61,31.61,4.65,5.74,0.2477
FP_202303_BU01_APAC,2023-03-31,BU01,Asia Pacific,USD,150.05,60.15,43.42,7.12,10.10,0.2228
FP_202303_BU01_EU,2023-03-31,BU01,Europe,USD,114.57,46.83,33.46,5.61,7.86,0.2580
FP_202303_BU01_LATAM,2023-03-31,BU01,Latin America,USD,51.07,21.04,14.73,2.44,3.33,0.2732
FP_202303_BU01_NA,2023-03-31,BU01,North America,USD,187.67,76.18,53.48,9.30,12.82,0.2503
FP_202303_BU02_APAC,2023-03-31,BU02,Asia Pacific,USD,116.42,71.56,25.17,6.15,7.22,0.2279
FP_202303_BU02_EU,2023-03-31,BU02,Europe,USD,133.86,84.34,28.87,6.92,8.39,0.2570
FP_202303_BU02_LATAM,2023-03-31,BU02,Latin America,USD,61.41,38.79,13.67,3.20,4.10,0.2716
FP_202303_BU02_NA,2023-03-31,BU02,North America,USD,197.79,123.73,42.97,10.38,13.08,0.2491
FP_202303_BU03_APAC,2023-03-31,BU03,Asia Pacific,USD,95.62,45.25,25.00,5.44,7.69,0.2240
FP_202303_BU03_EU,2023-03-31,BU03,Europe,USD,110.62,54.57,29.69,6.74,8.67,0.2558
FP_202303_BU03_LATAM,2023-03-31,BU03,Latin America,USD,37.37,18.44,10.03,2.16,3.06,0.2708
FP_202303_BU03_NA,2023-03-31,BU03,North America,USD,213.25,103.87,56.40,12.73,17.42,0.2482
FP_202303_BU04_APAC,2023-03-31,BU04,Asia Pacific,USD,125.98,80.00,23.12,8.38,12.30,0.2229
FP_202303_BU04_EU,2023-03-31,BU04,Europe,USD,153.68,99.38,27.57,11.07,14.88,0.2565
FP_202303_BU04_LATAM,2023-03-31,BU04,Latin America,USD,54.10,35.47,9.73,3.49,5.16,0.2739
FP_202303_BU04_NA,2023-03-31,BU04,North America,USD,201.22,129.52,35.87,12.87,19.48,0.2447
FP_202303_BU05_APAC,2023-03-31,BU05,Asia Pacific,USD,93.16,35.45,26.78,3.55,5.01,0.2301
FP_202303_BU05_EU,2023-03-31,BU05,Europe,USD,59.62,23.60,16.68,2.35,3.26,0.2578
FP_202303_BU05_LATAM,2023-03-31,BU05,Latin America,USD,29.65,11.65,8.49,1.17,1.57,0.2719
FP_202303_BU05_NA,2023-03-31,BU05,North America,USD,123.58,48.40,33.78,4.71,6.44,0.2487
FP_202304_BU01_APAC,2023-04-30,BU01,Asia Pacific,USD,142.67,57.05,41.33,7.21,9.64,0.2278
FP_202304_BU01_EU,2023-04-30,BU01,Europe,USD,110.85,45.22,32.56,5.68,7.43,0.2572
FP_202304_BU01_LATAM,2023-04-30,BU01,Latin America,USD,49.16,20.26,14.41,2.47,3.35,0.2702
FP_202304_BU01_NA,2023-04-30,BU01,North America,USD,185.26,74.23,55.60,9.42,12.63,0.2499
FP_202304_BU02_APAC,2023-04-30,BU02,Asia Pacific,USD,118.90,73.32,25.97,6.19,7.80,0.2283
FP_202304_BU02_EU,2023-04-30,BU02,Europe,USD,129.92,81.82,28.80,6.97,8.07,0.2633
FP_202304_BU02_LATAM,2023-04-30,BU02,Latin America,USD,60.33,38.24,13.39,3.22,4.02,0.2692
FP_202304_BU02_NA,2023-04-30,BU02,North America,USD,197.83,123.50,42.99,10.46,12.89,0.2478
FP_202304_BU03_APAC,2023-04-30,BU03,Asia Pacific,USD,91.85,43.71,24.53,5.49,7.67,0.2200
FP_202304_BU03_EU,2023-04-30,BU03,Europe,USD,109.03,53.54,29.37,6.79,8.95,0.2558
FP_202304_BU03_LATAM,2023-04-30,BU03,Latin America,USD,36.64,18.15,9.73,2.18,3.09,0.2749
FP_202304_BU03_NA,2023-04-30,BU03,North America,USD,211.74,102.96,55.54,12.83,17.43,0.2468
FP_202304_BU04_APAC,2023-04-30,BU04,Asia Pacific,USD,125.10,79.56,23.31,8.43,12.48,0.2277
FP_202304_BU04_EU,2023-04-30,BU04,Europe,USD,152.78,98.99,27.90,11.13,14.30,0.2586
FP_202304_BU04_LATAM,2023-04-30,BU04,Latin America,USD,53.93,35.32,9.74,3.51,5.29,0.2733
FP_202304_BU04_NA,2023-04-30,BU04,North America,USD,197.16,127.13,34.93,12.95,19.37,0.2419
FP_202304_BU05_APAC,2023-04-30,BU05,Asia Pacific,USD,86.24,32.88,24.72,3.60,4.55,0.2243
FP_202304_BU05_EU,2023-04-30,BU05,Europe,USD,54.17,21.33,15.52,2.38,3.06,0.2576
FP_202304_BU05_LATAM,2023-04-30,BU05,Latin America,USD,29.79,11.82,8.49,1.19,1.61,0.2751
FP_202304_BU05_NA,2023-04-30,BU05,North America,USD,115.43,45.08,32.60,4.78,6.23,0.2474
FP_202305_BU01_APAC,2023-05-31,BU01,Asia Pacific,USD,149.97,59.68,43.74,7.30,10.33,0.2260
FP_202305_BU01_EU,2023-05-31,BU01,Europe,USD,114.35,46.49,33.53,5.75,8.06,0.2574
FP_202305_BU01_LATAM,2023-05-31,BU01,Latin America,USD,51.85,21.21,15.03,2.51,3.55,0.2715
FP_202305_BU01_NA,2023-05-31,BU01,North America,USD,188.33,76.01,54.38,9.54,13.13,0.2513
FP_202305_BU02_APAC,2023-05-31,BU02,Asia Pacific,USD,125.37,77.29,26.93,6.24,8.16,0.2223
FP_202305_BU02_EU,2023-05-31,BU02,Europe,USD,141.26,89.14,30.17,7.02,9.42,0.2566
FP_202305_BU02_LATAM,2023-05-31,BU02,Latin America,USD,67.39,42.54,14.10,3.25,4.52,0.2735
FP_202305_BU02_NA,2023-05-31,BU02,North America,USD,211.72,131.77,44.27,10.54,14.12,0.2476
FP_202305_BU03_APAC,2023-05-31,BU03,Asia Pacific,USD,91.11,43.45,24.61,5.53,7.76,0.2241
FP_202305_BU03_EU,2023-05-31,BU03,Europe,USD,110.07,53.93,29.72,6.85,9.18,0.2601
FP_202305_BU03_LATAM,2023-05-31,BU03,Latin America,USD,36.49,18.06,9.69,2.19,3.02,0.2745
FP_202305_BU03_NA,2023-05-31,BU03,North America,USD,211.51,102.37,56.27,12.93,17.65,0.2476
FP_202305_BU04_APAC,2023-05-31,BU04,Asia Pacific,USD,129.75,82.61,,8.48,13.06,0.2259
FP_202305_BU04_EU,2023-05-31,BU04,Europe,USD,152.00,99.19,27.80,11.18,15.16,0.2559
FP_202305_BU04_LATAM,2023-05-31,BU04,Latin America,USD,53.89,35.38,9.76,3.53,5.48,0.2704
FP_202305_BU04_NA,2023-05-31,BU04,North America,USD,193.95,125.70,36.14,13.02,19.15,0.2460
FP_202305_BU05_APAC,2023-05-31,BU05,Asia Pacific,USD,87.81,33.34,25.32,3.65,4.85,0.2226
FP_202305_BU05_EU,2023-05-31,BU05,Europe,USD,57.11,22.56,16.41,2.41,3.16,0.2597
FP_202305_BU05_LATAM,2023-05-31,BU05,Latin America,USD,28.42,11.35,8.06,1.20,1.55,0.2693
FP_202305_BU05_NA,2023-05-31,BU05,North America,USD,120.15,46.76,34.13,4.84,6.51,0.2467
FP_202306_BU01_APAC,2023-06-30,BU01,Asia Pacific,USD,153.78,60.77,44.38,7.39,10.25,0.2261
FP_202306_BU01_EU,2023-06-30,BU01,Europe,USD,117.89,47.77,34.15,5.83,8.19,0.2572
FP_202306_BU01_LATAM,2023-06-30,BU01,Latin America,USD,52.69,21.70,15.24,2.54,3.53,0.2728
FP_202306_BU01_NA,2023-06-30,BU01,North America,USD,204.14,82.77,59.10,9.66,13.61,0.2460
FP_202306_BU02_APAC,2023-06-30,BU02,Asia Pacific,USD,127.17,78.35,26.72,6.29,8.35,0.2239
FP_202306_BU02_EU,2023-06-30,BU02,Europe,USD,141.52,89.42,44.76,7.07,9.05,0.2594
FP_202306_BU02_LATAM,2023-06-30,BU02,Latin America,USD,66.63,42.12,14.16,3.28,4.36,0.2739
FP_202306_BU02_NA,2023-06-30,BU02,North America,USD,211.25,132.16,46.13,10.62,13.70,0.2462
FP_202306_BU03_APAC,2023-06-30,BU03,Asia Pacific,USD,92.58,44.21,24.81,5.58,7.53,0.2255
FP_202306_BU03_EU,2023-06-30,BU03,Europe,USD,114.20,55.89,29.83,6.90,9.41,0.2610
FP_202306_BU03_LATAM,2023-06-30,BU03,Latin America,USD,36.79,18.23,9.94,2.21,3.00,0.2723
FP_202306_BU03_NA,2023-06-30,BU03,North America,USD,215.92,104.99,58.01,13.04,17.88,0.2452
FP_202306_BU04_APAC,2023-06-30,BU04,Asia Pacific,USD,133.29,85.27,24.08,8.53,12.87,0.2280
FP_202306_BU04_EU,2023-06-30,BU04,Europe,USD,154.12,100.62,27.69,11.24,14.99,0.2569
FP_202306_BU04_LATAM,2023-06-30,BU04,Latin America,USD,53.83,35.23,9.73,3.55,5.39,0.2749
FP_202306_BU04_NA,2023-06-30,BU04,North America,USD,204.76,132.25,35.36,13.10,20.25,0.2440
FP_202306_BU05_APAC,2023-06-30,BU05,Asia Pacific,USD,97.06,37.12,27.11,3.70,5.24,0.2277
FP_202306_BU05_EU,2023-06-30,BU05,Europe,USD,60.86,24.22,17.38,2.45,3.33,0.2591
FP_202306_BU05_LATAM,2023-06-30,BU05,Latin America,USD,28.82,11.51,8.15,1.22,1.60,0.2753
FP_202306_BU05_NA,2023-06-30,BU05,North America,USD,122.82,47.85,35.06,4.91,6.97,0.2483
FP_202307_BU01_APAC,2023-07-31,BU01,Asia Pacific,USD,145.20,57.46,43.04,7.49,9.88,0.2284
FP_202307_BU01_EU,2023-07-31,BU01,Europe,USD,112.07,45.56,33.17,5.90,7.59,0.2613
FP_202307_BU01_LATAM,2023-07-31,BU01,Latin America,USD,49.89,20.64,14.25,2.57,3.41,0.2679
FP_202307_BU01_NA,2023-07-31,BU01,North America,USD,187.06,76.01,55.15,9.78,12.43,0.2469
FP_202307_BU02_APAC,2023-07-31,BU02,Asia Pacific,USD,122.08,75.09,26.67,6.34,7.79,0.2245
FP_202307_BU02_EU,2023-07-31,BU02,Europe,USD,133.85,84.36,28.81,7.13,8.83,0.2593
FP_202307_BU02_LATAM,2023-07-31,BU02,Latin America,USD,61.29,38.81,13.43,3.30,3.95,0.2661
FP_202307_BU02_NA,2023-07-31,BU02,North America,USD,200.82,125.08,43.67,10.70,13.01,0.2474
FP_202307_BU03_APAC,2023-07-31,BU03,Asia Pacific,USD,92.07,44.25,24.86,5.63,7.67,0.2291
FP_202307_BU03_EU,2023-07-31,BU03,Europe,USD,111.11,54.43,30.10,6.95,8.83,0.2532
FP_202307_BU03_LATAM,2023-07-31,BU03,Latin America,USD,36.33,18.00,9.68,2.23,2.95,0.2720
FP_202307_BU03_NA,2023-07-31,BU03,North America,USD,213.83,103.32,56.95,13.15,17.58,0.2496
FP_202307_BU04_APAC,2023-07-31,BU04,Asia Pacific,USD,120.89,77.30,22.98,8.57,12.04,0.2233
FP_202307_BU04_EU,2023-07-31,BU04,Europe,USD,146.16,95.41,27.04,11.30,14.54,0.2623
FP_202307_BU04_LATAM,2023-07-31,BU04,Latin America,USD,52.52,34.33,9.64,3.57,5.06,0.2715
FP_202307_BU04_NA,2023-07-31,BU04,North America,USD,178.44,115.13,33.42,13.17,17.06,0.2484
FP_202307_BU05_APAC,2023-07-31,BU05,Asia Pacific,USD,91.59,35.09,26.03,3.72,5.00,0.2214
FP_202307_BU05_EU,2023-07-31,BU05,Europe,USD,60.93,24.16,17.34,2.45,3.14,0.2563
FP_202307_BU05_LATAM,2023-07-31,BU05,Latin America,USD,29.99,11.90,8.35,1.23,1.62,0.2704
FP_202307_BU05_NA,2023-07-31,BU05,North America,USD,119.07,46.16,34.08,4.93,6.59,0.2444
FP_202308_BU01_APAC,2023-08-31,BU01,Asia Pacific,USD,146.46,57.86,43.65,7.58,9.85,0.2222
FP_202308_BU01_EU,2023-08-31,BU01,Europe,USD,113.80,46.35,33.68,5.97,7.33,0.2572
FP_202308_BU01_LATAM,2023-08-31,BU01,Latin America,USD,50.74,21.05,14.95,2.60,3.33,0.2687
FP_202308_BU01_NA,2023-08-31,BU01,North America,USD,189.59,76.68,55.69,9.90,12.06,0.2492
FP_202308_BU02_APAC,2023-08-31,BU02,Asia Pacific,USD,123.87,76.39,26.87,6.39,7.98,0.2233
FP_202308_BU02_EU,2023-08-31,BU02,Europe,USD,140.96,88.42,29.90,7.18,8.78,0.2607
FP_202308_BU02_LATAM,2023-08-31,BU02,Latin America,USD,63.60,40.11,13.71,3.32,3.89,0.2742
FP_202308_BU02_NA,2023-08-31,BU02,North America,USD,205.25,127.61,44.88,10.78,12.81,0.2492
FP_202308_BU03_APAC,2023-08-31,BU03,Asia Pacific,USD,95.69,53.68,25.50,5.67,7.53,0.2280
FP_202308_BU03_EU,2023-08-31,BU03,Europe,USD,113.25,55.57,30.32,7.01,8.89,0.2565
FP_202308_BU03_LATAM,2023-08-31,BU03,Latin America,USD,37.56,18.47,9.97,2.25,2.94,0.2711
FP_202308_BU03_NA,2023-08-31,BU03,North America,USD,215.22,104.24,57.20,13.25,16.94,0.2453
FP_202308_BU04_APAC,2023-08-31,BU04,Asia Pacific,USD,124.41,79.35,23.18,8.62,11.48,0.2268
FP_202308_BU04_EU,2023-08-31,BU04,Europe,USD,141.42,92.12,26.44,11.35,14.28,0.2582
FP_202308_BU04_LATAM,2023-08-31,BU04,Latin America,USD,51.56,33.66,9.55,3.59,4.87,0.2680
FP_202308_BU04_NA,2023-08-31,BU04,North America,USD,183.42,117.79,34.62,13.23,17.14,0.2455
FP_202308_BU05_APAC,2023-08-31,BU05,Asia Pacific,USD,94.35,36.21,26.68,3.69,4.91,0.2285
FP_202308_BU05_EU,2023-08-31,BU05,Europe,USD,61.24,24.28,17.40,2.44,3.23,0.2530
FP_202308_BU05_LATAM,2023-08-31,BU05,Latin America,USD,31.76,12.53,8.78,1.22,1.64,0.2698
FP_202308_BU05_NA,2023-08-31,BU05,North America,USD,126.66,49.41,35.83,4.90,6.51,0.2540
FP_202309_BU01_APAC,2023-09-30,BU01,Asia Pacific,USD,166.12,65.05,47.47,7.67,10.26,0.2255
FP_202309_BU01_EU,2023-09-30,BU01,Europe,USD,123.48,50.29,35.53,6.04,8.01,0.2586
FP_202309_BU01_LATAM,2023-09-30,BU01,Latin America,USD,55.89,23.11,16.02,2.63,3.58,0.2706
FP_202309_BU01_NA,2023-09-30,BU01,North America,USD,205.07,83.54,59.39,10.01,12.95,0.2466
FP_202309_BU02_APAC,2023-09-30,BU02,Asia Pacific,USD,133.92,82.22,27.92,6.43,8.19,0.2247
FP_202309_BU02_EU,2023-09-30,BU02,Europe,USD,146.48,91.73,30.42,7.23,8.87,0.2568
FP_202309_BU02_LATAM,2023-09-30,BU02,Latin America,USD,69.57,43.72,14.44,3.35,4.27,0.2682
FP_202309_BU02_NA,2023-09-30,BU02,North America,USD,221.80,138.15,45.71,10.86,13.66,0.2502
FP_202309_BU03_APAC,2023-09-30,BU03,Asia Pacific,USD,96.83,46.33,25.58,5.72,7.50,0.2230
FP_202309_BU03_EU,2023-09-30,BU03,Europe,USD,116.92,57.20,31.32,7.06,8.97,0.2558
FP_202309_BU03_LATAM,2023-09-30,BU03,Latin America,USD,37.11,18.38,9.87,2.26,2.90,0.2697
FP_202309_BU03_NA,2023-09-30,BU03,North America,USD,219.50,106.27,57.94,13.35,16.98,0.2463
FP_202309_BU04_APAC,2023-09-30,BU04,Asia Pacific,USD,131.28,83.65,23.73,8.66,11.98,0.2283
FP_202309_BU04_EU,2023-09-30,BU04,Europe,USD,155.82,101.11,27.38,11.40,13.59,0.2587
FP_202309_BU04_LATAM,2023-09-30,BU04,Latin America,USD,55.64,36.44,9.75,3.60,5.00,0.2726
FP_202309_BU04_NA,2023-09-30,BU04,North America,USD,201.72,128.99,36.01,13.30,18.43,0.2472
FP_202309_BU05_APAC,2023-09-30,BU05,Asia Pacific,USD,102.30,38.95,28.32,3.67,5.17,0.2240
FP_202309_BU05_EU,2023-09-30,BU05,Europe,USD,66.96,26.50,18.47,2.42,3.49,0.2562
FP_202309_BU05_LATAM,2023-09-30,BU05,Latin America,USD,32.60,12.87,9.06,1.21,1.70,0.2704
FP_202309_BU05_NA,2023-09-30,BU05,North America,USD,121.08,47.24,34.91,4.87,6.04,0.2511
FP_202310_BU01_APAC,2023-10-31,BU01,Asia Pacific,USD,164.98,64.77,47.43,7.77,10.28,0.2269
FP_202310_BU01_EU,2023-10-31,BU01,Europe,USD,121.36,49.78,35.53,6.11,7.49,0.2543
FP_202310_BU01_LATAM,2023-10-31,BU01,Latin America,USD,55.32,22.80,16.11,2.67,3.42,0.2704
FP_202310_BU01_NA,2023-10-31,BU01,North America,USD,199.64,80.66,58.31,10.13,12.34,0.2474
FP_202310_BU02_APAC,2023-10-31,BU02,Asia Pacific,USD,147.67,90.25,29.38,6.48,8.67,0.2276
FP_202310_BU02_APAC,2023-10-31,BU02,Asia Pacific,USD,147.67,90.25,29.38,6.48,8.67,0.2276
FP_202310_BU02_EU,2023-10-31,BU02,Europe,USD,162.60,101.54,31.75,7.29,9.70,0.2557
FP_202310_BU02_LATAM,2023-10-31,BU02,Latin America,USD,78.52,49.04,15.58,3.37,4.66,0.2718
FP_202310_BU02_NA,2023-10-31,BU02,North America,USD,242.13,150.44,47.58,10.94,15.06,0.2466
FP_202310_BU03_APAC,2023-10-31,BU03,Asia Pacific,USD,96.63,46.13,25.66,5.76,7.13,0.2249
FP_202310_BU03_EU,2023-10-31,BU03,Europe,USD,117.36,57.34,31.45,7.11,8.66,0.2572
FP_202310_BU03_LATAM,2023-10-31,BU03,Latin America,USD,37.27,18.40,9.96,2.28,2.74,0.2704
FP_202310_BU03_NA,2023-10-31,BU03,North America,USD,218.07,106.39,56.96,13.45,16.27,0.2496
FP_202310_BU04_APAC,2023-10-31,BU04,Asia Pacific,USD,137.33,87.28,23.98,8.71,12.18,0.2274
FP_202310_BU04_EU,2023-10-31,BU04,Europe,USD,157.52,101.67,27.84,11.45,13.80,0.2584
FP_202310_BU04_LATAM,2023-10-31,BU04,Latin America,USD,54.22,35.20,9.73,3.62,4.89,0.2686
FP_202310_BU04_NA,2023-10-31,BU04,North America,USD,203.43,130.44,36.61,13.37,18.15,0.2473
FP_202310_BU05_APAC,2023-10-31,BU05,Asia Pacific,USD,110.32,41.86,29.90,3.66,5.43,0.2270
FP_202310_BU05_EU,2023-10-31,BU05,Europe,USD,68.56,27.20,18.64,2.41,3.40,0.2590
FP_202310_BU05_LATAM,2023-10-31,BU05,Latin America,USD,34.14,13.55,9.33,1.20,1.70,0.2726
FP_202310_BU05_NA,2023-10-31,BU05,North America,USD,131.93,51.26,37.28,4.84,6.52,0.2503
FP_202311_BU01_APAC,2023-11-30,BU01,Asia Pacific,USD,167.27,66.02,48.00,7.86,10.19,0.2275
FP_202311_BU01_EU,2023-11-30,BU01,Europe,USD,124.63,51.11,36.50,6.18,7.47,0.2570
FP_202311_BU01_LATAM,2023-11-30,BU01,Latin America,USD,56.51,23.25,16.44,2.70,3.41,0.2703
FP_202311_BU01_NA,2023-11-30,BU01,North America,USD,205.94,82.81,59.29,10.24,12.87,0.2525
FP_202311_BU02_APAC,2023-11-30,BU02,Asia Pacific,USD,166.45,101.04,31.28,6.54,9.66,0.2293
FP_202311_BU02_EU,2023-11-30,BU02,Europe,USD,181.94,113.10,,7.35,10.47,0.2577
FP_202311_BU02_LATAM,2023-11-30,BU02,Latin America,USD,86.26,53.81,16.23,3.40,5.11,0.2730
FP_202311_BU02_NA,2023-11-30,BU02,North America,USD,287.04,177.67,54.11,11.04,16.98,0.2440
FP_202311_BU03_APAC,2023-11-30,BU03,Asia Pacific,USD,96.22,45.94,25.58,5.80,7.04,0.2263
FP_202311_BU03_EU,2023-11-30,BU03,Europe,USD,116.99,57.27,31.08,7.17,8.79,0.2608
FP_202311_BU03_LATAM,2023-11-30,BU03,Latin America,USD,38.21,18.75,10.09,2.30,2.87,0.2729
FP_202311_BU03_NA,2023-11-30,BU03,North America,USD,222.31,108.72,58.49,13.55,16.14,0.2486
FP_202311_BU04_APAC,2023-11-30,BU04,Asia Pacific,USD,129.23,81.88,23.84,8.75,11.13,0.2244
FP_202311_BU04_EU,2023-11-30,BU04,Europe,USD,149.47,96.18,26.71,11.51,14.17,0.2550
FP_202311_BU04_LATAM,2023-11-30,BU04,Latin America,USD,53.52,,9.57,3.64,4.60,0.2721
FP_202311_BU04_NA,2023-11-30,BU04,North America,USD,189.10,120.62,34.40,13.43,16.80,0.2509
FP_202311_BU05_APAC,2023-11-30,BU05,Asia Pacific,USD,114.46,43.47,30.86,3.64,5.62,0.2244
FP_202311_BU05_EU,2023-11-30,BU05,Europe,USD,71.65,28.54,19.55,2.40,3.51,0.2603
FP_202311_BU05_LATAM,2023-11-30,BU05,Latin America,USD,36.74,14.60,9.85,1.20,1.77,0.2707
FP_202311_BU05_NA,2023-11-30,BU05,North America,USD,137.17,53.51,38.73,4.81,6.71,0.2487
FP_202312_BU01_APAC,2023-12-31,BU01,Asia Pacific,USD,177.41,70.05,51.43,7.96,11.39,0.2247
FP_202312_BU01_EU,2023-12-31,BU01,Europe,USD,133.05,54.38,37.93,6.25,8.14,0.2584
FP_202312_BU01_LATAM,2023-12-31,BU01,Latin America,USD,58.73,24.17,16.69,2.73,3.70,0.2725
FP_202312_BU01_NA,2023-12-31,BU01,North America,USD,222.78,89.39,63.11,10.37,13.51,0.2446
FP_202312_BU02_APAC,2023-12-31,BU02,Asia Pacific,USD,172.29,104.25,32.47,6.60,10.17,0.2215
FP_202312_BU02_EU,2023-12-31,BU02,Europe,USD,190.68,118.37,34.84,7.41,11.40,0.2581
FP_202312_BU02_LATAM,2023-12-31,BU02,Latin America,USD,87.09,54.20,16.39,3.43,4.98,0.2767
FP_202312_BU02_NA,2023-12-31,BU02,North America,USD,284.41,175.40,53.03,11.14,17.25,0.2503
FP_202312_BU03_APAC,2023-12-31,BU03,Asia Pacific,USD,98.15,46.82,25.96,5.84,7.26,0.2265
FP_202312_BU03_APAC,2023-12-31,BU03,Asia Pacific,USD,98.15,46.82,25.96,5.84,7.26,0.2265
FP_202312_BU03_EU,2023-12-31,BU03,Europe,USD,119.84,58.60,32.00,7.22,8.85,0.2571
FP_202312_BU03_LATAM,2023-12-31,BU03,Latin America,USD,38.14,18.79,10.21,2.32,2.82,0.2706
FP_202312_BU03_NA,2023-12-31,BU03,North America,USD,221.64,108.29,59.45,13.64,16.35,0.2509
FP_202312_BU04_APAC,2023-12-31,BU04,Asia Pacific,USD,125.30,79.12,23.38,8.79,11.59,0.2293
FP_202312_BU04_EU,2023-12-31,BU04,Europe,USD,143.79,92.25,26.66,11.56,13.51,0.2523
FP_202312_BU04_LATAM,2023-12-31,BU04,Latin America,USD,51.14,32.94,9.41,3.66,4.60,0.2683
FP_202312_BU04_NA,2023-12-31,BU04,North America,USD,176.54,112.37,33.50,13.50,16.09,0.2469
FP_202312_BU05_APAC,2023-12-31,BU05,Asia Pacific,USD,111.57,42.39,30.15,3.63,5.59,0.2247
FP_202312_BU05_EU,2023-12-31,BU05,Europe,USD,72.68,28.99,19.76,2.39,3.51,0.2609
FP_202312_BU05_EU,2023-12-31,BU05,Europe,USD,72.68,28.99,19.76,2.39,3.51,0.2609
FP_202312_BU05_LATAM,2023-12-31,BU05,Latin America,USD,35.50,14.15,10.00,1.19,1.78,0.2716
FP_202312_BU05_NA,2023-12-31,BU05,North America,USD,143.45,55.88,39.90,4.79,7.10,0.2471
FP_202401_BU01_APAC,2024-01-31,BU01,Asia Pacific,USD,163.72,64.21,47.48,8.07,11.93,0.2278
FP_202401_BU01_EU,2024-01-31,BU01,Europe,USD,124.26,50.53,36.30,6.33,8.05,0.2582
FP_202401_BU01_LATAM,2024-01-31,BU01,Latin America,USD,53.46,21.96,15.98,2.76,3.50,0.2722
FP_202401_BU01_NA,2024-01-31,BU01,North America,USD,207.39,83.51,61.28,10.49,13.01,0.2449
FP_202401_BU02_APAC,2024-01-31,BU02,Asia Pacific,USD,105.56,63.78,24.74,6.65,6.59,0.2267
FP_202401_BU02_EU,2024-01-31,BU02,Europe,USD,118.67,73.33,27.02,7.47,7.15,0.2582
FP_202401_BU02_LATAM,2024-01-31,BU02,Latin America,USD,53.67,33.19,12.68,3.46,3.28,0.2704
FP_202401_BU02_NA,2024-01-31,BU02,North America,USD,177.18,108.61,40.55,11.22,10.83,0.2510
FP_202401_BU03_APAC,2024-01-31,BU03,Asia Pacific,USD,96.33,45.98,26.05,5.89,7.08,0.2262
FP_202401_BU03_EU,2024-01-31,BU03,Europe,USD,118.29,57.73,31.28,7.27,8.90,0.2621
FP_202401_BU03_LATAM,2024-01-31,BU03,Latin America,USD,38.19,18.91,10.32,2.33,2.86,0.2734
FP_202401_BU03_NA,2024-01-31,BU03,North America,USD,221.12,107.74,59.35,13.74,17.12,0.2500
FP_202401_BU04_APAC,2024-01-31,BU04,Asia Pacific,USD,118.91,74.36,22.48,8.84,11.24,0.2248
FP_202401_BU04_EU,2024-01-31,BU04,Europe,USD,136.76,87.64,26.22,11.61,13.81,0.2520
FP_202401_BU04_LATAM,2024-01-31,BU04,Latin America,USD,49.23,31.50,9.36,3.68,4.40,0.2752
FP_202401_BU04_NA,2024-01-31,BU04,North America,USD,180.02,114.29,34.01,13.56,16.41,0.2472
FP_202401_BU05_APAC,2024-01-31,BU05,Asia Pacific,USD,94.18,35.85,27.02,3.62,4.78,0.2281
FP_202401_BU05_EU,2024-01-31,BU05,Europe,USD,60.35,23.82,16.80,2.38,3.05,0.2613
FP_202401_BU05_LATAM,2024-01-31,BU05,Latin America,USD,30.43,12.09,8.86,1.19,1.55,0.2680
FP_202401_BU05_NA,2024-01-31,BU05,North America,USD,124.38,48.90,35.56,4.77,6.29,0.2500
FP_202402_BU01_APAC,2024-02-29,BU01,Asia Pacific,USD,162.14,63.94,48.46,8.18,12.59,0.2213
FP_202402_BU01_EU,2024-02-29,BU01,Europe,USD,121.40,48.96,35.63,6.40,7.79,0.2564
FP_202402_BU01_LATAM,2024-02-29,BU01,Latin America,USD,53.65,22.04,16.17,2.80,3.52,0.2720
FP_202402_BU01_NA,2024-02-29,BU01,North America,USD,201.67,80.86,59.63,10.61,12.84,0.2450
FP_202402_BU02_APAC,2024-02-29,BU02,Asia Pacific,USD,109.75,65.98,25.31,6.69,7.25,0.2232
FP_202402_BU02_EU,2024-02-29,BU02,Europe,USD,120.98,74.43,27.23,7.51,7.62,0.2564
FP_202402_BU02_LATAM,2024-02-29,BU02,Latin America,USD,55.50,38.60,12.64,3.48,3.40,0.2706
FP_202402_BU02_NA,2024-02-29,BU02,North America,USD,183.55,111.96,41.57,11.29,11.83,0.2487
FP_202402_BU03_APAC,2024-02-29,BU03,Asia Pacific,USD,98.86,47.18,26.21,5.93,7.58,0.2251
FP_202402_BU03_EU,2024-02-29,BU03,Europe,USD,117.02,57.69,31.28,7.33,9.54,0.2594
FP_202402_BU03_LATAM,2024-02-29,BU03,Latin America,USD,38.44,18.97,10.30,2.35,3.06,0.2705
FP_202402_BU03_NA,2024-02-29,BU03,North America,USD,223.75,108.79,59.32,13.85,17.73,0.2462
FP_202402_BU04_APAC,2024-02-29,BU04,Asia Pacific,USD,123.97,77.23,22.97,8.88,11.34,0.2240
FP_202402_BU04_EU,2024-02-29,BU04,Europe,USD,143.39,91.02,26.45,11.66,14.11,0.2537
FP_202402_BU04_LATAM,2024-02-29,BU04,Latin America,USD,51.26,32.79,9.42,3.69,4.92,0.2738
FP_202402_BU04_NA,2024-02-29,BU04,North America,USD,183.63,115.48,34.35,13.62,17.52,0.2458
FP_202402_BU05_APAC,2024-02-29,BU05,Asia Pacific,USD,100.09,38.16,28.53,3.61,5.39,0.2253
FP_202402_BU05_EU,2024-02-29,BU05,Europe,USD,62.61,24.59,17.63,2.37,3.20,0.2585
FP_202402_BU05_LATAM,2024-02-29,BU05,Latin America,USD,33.02,13.21,9.41,1.18,1.71,0.2730
FP_202402_BU05_NA,2024-02-29,BU05,North America,USD,123.37,48.37,35.17,4.75,6.39,0.2498
FP_202403_BU01_APAC,2024-03-31,BU01,Asia Pacific,USD,174.34,68.71,50.70,8.31,14.20,0.2277
FP_202403_BU01_EU,2024-03-31,BU01,Europe,USD,130.04,52.84,37.63,6.48,8.99,0.2583
FP_202403_BU01_LATAM,2024-03-31,BU01,Latin America,USD,57.94,23.79,16.81,2.83,3.84,0.2713
FP_202403_BU01_NA,2024-03-31,BU01,North America,USD,219.88,88.31,63.59,10.74,14.73,0.2460
FP_202403_BU02_APAC,2024-03-31,BU02,Asia Pacific,USD,123.12,73.65,26.77,6.73,7.83,0.2263
FP_202403_BU02_EU,2024-03-31,BU02,Europe,USD,131.46,80.46,28.17,7.56,8.60,0.2588
FP_202403_BU02_LATAM,2024-03-31,BU02,Latin America,USD,61.79,38.01,13.53,3.50,3.97,0.2739
FP_202403_BU02_NA,2024-03-31,BU02,North America,USD,207.87,126.71,43.96,11.37,13.35,0.2458
FP_202403_BU03_APAC,2024-03-31,BU03,Asia Pacific,USD,102.38,48.85,27.30,5.98,8.40,0.2254
FP_202403_BU03_EU,2024-03-31,BU03,Europe,USD,121.04,59.20,31.80,7.38,9.76,0.2555
FP_202403_BU03_LATAM,2024-03-31,BU03,Latin America,USD,39.51,19.46,10.37,2.37,3.21,0.2717
FP_202403_BU03_NA,2024-03-31,BU03,North America,USD,226.50,109.32,59.88,13.95,18.16,0.2494
FP_202403_BU04_APAC,2024-03-31,BU04,Asia Pacific,USD,135.89,84.13,23.80,8.93,12.99,0.2280
FP_202403_BU04_EU,2024-03-31,BU04,Europe,USD,150.87,95.91,27.21,11.72,14.86,0.2590
FP_202403_BU04_LATAM,2024-03-31,BU04,Latin America,USD,55.15,35.27,9.65,3.71,5.38,0.2713
FP_202403_BU04_NA,2024-03-31,BU04,North America,USD,200.82,125.07,35.51,13.69,19.65,0.2437
FP_202403_BU05_APAC,2024-03-31,BU05,Asia Pacific,USD,107.06,40.88,30.30,3.60,5.79,0.2215
FP_202403_BU05_EU,2024-03-31,BU05,Europe,USD,65.80,25.86,18.65,2.36,3.57,0.2551
FP_202403_BU05_LATAM,2024-03-31,BU05,Latin America,USD,36.20,14.44,9.95,1.18,1.94,0.2741
FP_202403_BU05_NA,2024-03-31,BU05,North America,USD,138.53,54.15,38.44,4.74,7.39,0.2491
FP_202404_BU01_APAC,2024-04-30,BU01,Asia Pacific,USD,178.22,69.75,51.86,8.44,14.43,0.2255
FP_202404_BU01_EU,2024-04-30,BU01,Europe,USD,133.02,54.22,38.81,6.56,8.85,0.2542
FP_202404_BU01_LATAM,2024-04-30,BU01,Latin America,USD,57.77,23.63,17.22,2.87,4.05,0.2728
FP_202404_BU01_NA,2024-04-30,BU01,North America,USD,219.13,87.97,63.40,10.88,15.26,0.2464
FP_202404_BU02_APAC,2024-04-30,BU02,Asia Pacific,USD,123.14,73.41,26.70,6.78,7.96,0.2224
FP_202404_BU02_EU,2024-04-30,BU02,Europe,USD,133.00,81.18,28.50,7.61,8.73,0.2557
FP_202404_BU02_LATAM,2024-04-30,BU02,Latin America,USD,63.15,38.92,13.55,3.52,4.19,0.2699
FP_202404_BU02_NA,2024-04-30,BU02,North America,USD,204.71,123.89,44.94,11.45,13.25,0.2479
FP_202404_BU03_APAC,2024-04-30,BU03,Asia Pacific,USD,101.40,48.28,26.79,6.03,8.56,0.2271
FP_202404_BU03_EU,2024-04-30,BU03,Europe,USD,119.88,58.45,31.52,7.44,10.14,0.2588
FP_202404_BU03_LATAM,2024-04-30,BU03,Latin America,USD,39.61,19.41,10.56,2.39,3.30,0.2735
FP_202404_BU03_NA,2024-04-30,BU03,North America,USD,226.77,109.15,59.45,14.06,19.29,0.2514
FP_202404_BU04_APAC,2024-04-30,BU04,Asia Pacific,USD,137.98,85.21,23.90,8.98,13.35,0.2252
FP_202404_BU04_EU,2024-04-30,BU04,Europe,USD,155.44,98.00,27.23,11.78,14.92,0.2584
FP_202404_BU04_LATAM,2024-04-30,BU04,Latin America,USD,56.58,35.88,9.82,3.73,5.74,0.2753
FP_202404_BU04_NA,2024-04-30,BU04,North America,USD,202.21,125.86,35.18,13.77,19.93,0.2469
FP_202404_BU05_APAC,2024-04-30,BU05,Asia Pacific,USD,105.53,40.47,30.57,3.60,5.92,0.2260
FP_202404_BU05_EU,2024-04-30,BU05,Europe,USD,67.82,26.69,19.15,2.36,3.78,0.2573
FP_202404_BU05_LATAM,2024-04-30,BU05,Latin America,USD,35.17,13.97,10.16,1.18,2.01,0.2701
FP_202404_BU05_NA,2024-04-30,BU05,North America,USD,138.59,54.41,38.73,4.73,7.97,0.2511
FP_202405_BU01_APAC,2024-05-31,BU01,Asia Pacific,USD,177.93,70.35,51.38,8.57,14.49,0.2304
FP_202405_BU01_EU,2024-05-31,BU01,Europe,USD,135.67,55.50,39.30,6.64,9.42,0.2615
FP_202405_BU01_LATAM,2024-05-31,BU01,Latin America,USD,60.85,25.07,17.71,2.91,4.17,0.2707
FP_202405_BU01_NA,2024-05-31,BU01,North America,USD,222.22,89.46,64.31,11.02,15.48,0.2460
FP_202405_BU02_APAC,2024-05-31,BU02,Asia Pacific,USD,135.32,80.44,28.53,6.83,9.20,0.2261
FP_202405_BU02_EU,2024-05-31,BU02,Europe,USD,142.44,86.47,30.54,7.66,9.31,0.2547
FP_202405_BU02_LATAM,2024-05-31,BU02,Latin America,USD,67.32,41.38,14.05,3.55,4.47,0.2692
FP_202405_BU02_NA,2024-05-31,BU02,North America,USD,216.88,131.98,45.87,11.53,14.51,0.2483
FP_202405_BU03_APAC,2024-05-31,BU03,Asia Pacific,USD,100.25,47.86,27.05,6.08,8.55,0.2273
FP_202405_BU03_EU,2024-05-31,BU03,Europe,USD,118.74,57.88,31.97,7.50,10.04,0.2560
FP_202405_BU03_LATAM,2024-05-31,BU03,Latin America,USD,39.29,19.36,10.51,2.41,3.32,0.2735
FP_202405_BU03_NA,2024-05-31,BU03,North America,USD,223.13,107.98,59.99,14.18,18.78,0.2498
FP_202405_BU04_APAC,2024-05-31,BU04,Asia Pacific,USD,137.39,84.61,24.03,9.03,13.96,0.2259
FP_202405_BU04_EU,2024-05-31,BU04,Europe,USD,161.66,101.83,28.48,11.83,15.56,0.2591
FP_202405_BU04_EU,2024-05-31,BU04,Europe,USD,161.66,101.83,28.48,11.83,15.56,0.2591
FP_202405_BU04_LATAM,2024-05-31,BU04,Latin America,USD,57.07,35.97,9.82,3.76,5.52,0.2718
FP_202405_BU04_NA,2024-05-31,BU04,North America,USD,204.31,126.64,35.59,13.84,20.15,0.2483
FP_202405_BU05_APAC,2024-05-31,BU05,Asia Pacific,USD,109.63,42.00,32.40,3.61,8.76,0.2254
FP_202405_BU05_EU,2024-05-31,BU05,Europe,USD,71.32,28.01,20.47,2.37,5.61,0.2553
FP_202405_BU05_LATAM,2024-05-31,BU05,Latin America,USD,37.96,15.10,10.87,1.19,3.13,0.2750
FP_202405_BU05_NA,2024-05-31,BU05,North America,USD,152.90,59.83,43.21,4.75,11.75,0.2479
FP_202406_BU01_APAC,2024-06-30,BU01,Asia Pacific,USD,200.28,78.70,57.17,8.71,15.73,0.2288
FP_202406_BU01_EU,2024-06-30,BU01,Europe,USD,140.03,57.79,41.03,6.73,9.50,0.2540
FP_202406_BU01_LATAM,2024-06-30,BU01,Latin America,USD,61.28,25.08,17.82,2.94,4.20,0.2723
FP_202406_BU01_NA,2024-06-30,BU01,North America,USD,239.30,95.60,67.71,11.17,16.82,0.2489
FP_202406_BU02_APAC,2024-06-30,BU02,Asia Pacific,USD,140.07,83.73,28.64,6.89,9.29,0.2241
FP_202406_BU02_APAC,2024-06-30,BU02,Asia Pacific,USD,140.07,83.73,28.64,6.89,9.29,0.2241
FP_202406_BU02_EU,2024-06-30,BU02,Europe,USD,151.53,92.18,30.83,7.72,10.25,0.2561
FP_202406_BU02_LATAM,2024-06-30,BU02,Latin America,USD,70.25,42.89,14.18,3.58,4.65,0.2706
FP_202406_BU02_NA,2024-06-30,BU02,North America,USD,221.89,134.41,46.61,11.61,14.65,0.2451
FP_202406_BU03_APAC,2024-06-30,BU03,Asia Pacific,USD,101.89,48.93,26.97,6.13,8.50,0.2253
FP_202406_BU03_EU,2024-06-30,BU03,Europe,USD,120.15,58.38,31.85,7.56,10.08,0.2567
FP_202406_BU03_LATAM,2024-06-30,BU03,Latin America,USD,39.63,19.47,10.55,2.43,3.27,0.2684
FP_202406_BU03_NA,2024-06-30,BU03,North America,USD,220.53,106.32,58.87,14.29,18.16,0.2436
FP_202406_BU04_APAC,2024-06-30,BU04,Asia Pacific,USD,138.72,85.47,24.46,9.08,13.43,0.2237
FP_202406_BU04_EU,2024-06-30,BU04,Europe,USD,159.82,100.51,27.84,11.89,14.90,0.2598
FP_202406_BU04_LATAM,2024-06-30,BU04,Latin America,USD,56.48,35.67,9.79,3.78,5.49,0.2687
FP_202406_BU04_NA,2024-06-30,BU04,North America,USD,211.43,130.99,36.98,13.92,20.98,0.2495
FP_202406_BU05_APAC,2024-06-30,BU05,Asia Pacific,USD,121.32,46.68,36.32,3.67,13.43,0.2248
FP_202406_BU05_EU,2024-06-30,BU05,Europe,USD,75.23,29.75,22.33,2.40,8.13,0.2582
FP_202406_BU05_LATAM,2024-06-30,BU05,Latin America,USD,40.01,15.90,11.69,1.21,4.53,0.2758
FP_202406_BU05_NA,2024-06-30,BU05,North America,USD,157.49,61.73,46.73,4.82,16.20,0.2486
FP_202407_BU01_APAC,2024-07-31,BU01,Asia Pacific,USD,188.15,73.83,55.18,8.78,15.16,0.2265
FP_202407_BU01_EU,2024-07-31,BU01,Europe,USD,133.32,54.83,39.33,6.76,9.03,0.2578
FP_202407_BU01_LATAM,2024-07-31,BU01,Latin America,USD,58.76,24.14,17.24,2.95,3.75,0.2717
FP_202407_BU01_NA,2024-07-31,BU01,North America,USD,219.98,87.84,64.91,11.21,14.95,0.2455
FP_202407_BU02_APAC,2024-07-31,BU02,Asia Pacific,USD,132.26,78.45,28.21,6.94,8.70,0.2285
FP_202407_BU02_EU,2024-07-31,BU02,Europe,USD,137.52,82.91,29.44,7.78,8.88,0.2590
FP_202407_BU02_LATAM,2024-07-31,BU02,Latin America,USD,69.68,42.45,14.44,3.60,4.55,0.2730
FP_202407_BU02_NA,2024-07-31,BU02,North America,USD,217.76,131.05,45.50,11.70,14.04,0.2461
FP_202407_BU03_APAC,2024-07-31,BU03,Asia Pacific,USD,99.41,47.45,26.66,6.18,8.16,0.2292
FP_202407_BU03_EU,2024-07-31,BU03,Europe,USD,119.28,58.05,32.04,7.62,9.83,0.2528
FP_202407_BU03_LATAM,2024-07-31,BU03,Latin America,USD,40.11,19.73,10.62,2.45,3.27,0.2748
FP_202407_BU03_NA,2024-07-31,BU03,North America,USD,225.33,108.35,60.82,14.40,18.23,0.2524
FP_202407_BU04_APAC,2024-07-31,BU04,Asia Pacific,USD,133.23,82.19,23.81,9.13,12.80,0.2287
FP_202407_BU04_EU,2024-07-31,BU04,Europe,USD,154.38,97.15,27.60,11.95,15.18,0.2571
FP_202407_BU04_LATAM,2024-07-31,BU04,Latin America,USD,54.63,34.55,9.90,3.80,5.33,0.2706
FP_202407_BU04_NA,2024-07-31,BU04,North America,USD,196.09,121.89,52.05,14.00,19.13,0.2471
FP_202407_BU05_APAC,2024-07-31,BU05,Asia Pacific,USD,120.26,45.78,34.94,3.75,9.17,0.2264
FP_202407_BU05_EU,2024-07-31,BU05,Europe,USD,73.22,28.87,21.58,2.45,5.63,0.2549
FP_202407_BU05_LATAM,2024-07-31,BU05,Latin America,USD,38.78,15.45,11.20,1.24,3.15,0.2739
FP_202407_BU05_NA,2024-07-31,BU05,North America,USD,156.31,61.22,45.81,4.92,11.90,0.2480
FP_202408_BU01_APAC,2024-08-31,BU01,Asia Pacific,USD,187.87,73.44,54.89,8.76,14.53,0.2251
FP_202408_BU01_EU,2024-08-31,BU01,Europe,USD,136.61,55.90,40.27,6.72,8.84,0.2566
FP_202408_BU01_LATAM,2024-08-31,BU01,Latin America,USD,59.46,24.49,17.70,2.94,3.95,0.2753
FP_202408_BU01_NA,2024-08-31,BU01,North America,USD,224.32,90.72,66.36,11.15,14.75,0.2458
FP_202408_BU02_APAC,2024-08-31,BU02,Asia Pacific,USD,137.64,81.62,28.46,6.99,8.48,0.2275
FP_202408_BU02_EU,2024-08-31,BU02,Europe,USD,143.23,86.06,30.12,7.83,8.93,0.2629
FP_202408_BU02_LATAM,2024-08-31,BU02,Latin America,USD,67.93,41.79,14.43,3.63,4.29,0.2683
FP_202408_BU02_NA,2024-08-31,BU02,North America,USD,218.76,131.87,45.73,11.78,13.61,0.2512
FP_202408_BU03_APAC,2024-08-31,BU03,Asia Pacific,USD,100.16,47.69,26.67,6.23,7.79,0.2271
FP_202408_BU03_EU,2024-08-31,BU03,Europe,USD,121.38,59.25,32.28,7.68,9.64,0.2616
FP_202408_BU03_LATAM,2024-08-31,BU03,Latin America,USD,40.18,19.80,10.65,2.47,3.20,0.2725
FP_202408_BU03_NA,2024-08-31,BU03,North America,USD,227.10,110.22,60.65,14.50,17.92,0.2488
FP_202408_BU04_APAC,2024-08-31,BU04,Asia Pacific,USD,128.73,79.37,23.24,9.18,11.89,0.2223
FP_202408_BU04_EU,2024-08-31,BU04,Europe,USD,145.67,91.73,26.66,12.00,14.56,0.2565
FP_202408_BU04_LATAM,2024-08-31,BU04,Latin America,USD,52.93,33.36,9.69,3.82,5.13,0.2675
FP_202408_BU04_NA,2024-08-31,BU04,North America,USD,199.51,124.42,35.87,14.07,18.93,0.2486
FP_202408_BU05_APAC,2024-08-31,BU05,Asia Pacific,USD,121.98,46.66,34.26,3.83,6.43,0.2245
FP_202408_BU05_EU,2024-08-31,BU05,Europe,USD,77.35,30.53,21.91,2.50,4.15,0.2572
FP_202408_BU05_LATAM,2024-08-31,BU05,Latin America,USD,38.24,15.17,10.44,1.26,2.08,0.2743
FP_202408_BU05_NA,2024-08-31,BU05,North America,USD,151.48,59.11,43.04,5.03,8.21,0.2482
FP_202409_BU01_APAC,2024-09-30,BU01,Asia Pacific,USD,204.01,80.37,59.16,8.75,15.28,0.2243
FP_202409_BU01_EU,2024-09-30,BU01,Europe,USD,146.03,59.64,42.20,6.68,9.23,0.2565
FP_202409_BU01_LATAM,2024-09-30,BU01,Latin America,USD,65.42,26.83,19.08,2.92,4.23,0.2720
FP_202409_BU01_NA,2024-09-30,BU01,North America,USD,247.36,100.73,70.56,11.09,15.08,0.2483
FP_202409_BU02_APAC,2024-09-30,BU02,Asia Pacific,USD,145.46,86.20,29.29,7.04,8.99,0.2227
FP_202409_BU02_EU,2024-09-30,BU02,Europe,USD,153.36,92.48,31.53,7.89,9.49,0.2599
FP_202409_BU02_LATAM,2024-09-30,BU02,Latin America,USD,73.68,45.09,14.92,3.66,4.53,0.2740
FP_202409_BU02_NA,2024-09-30,BU02,North America,USD,237.34,142.65,48.08,11.87,14.68,0.2478
FP_202409_BU03_APAC,2024-09-30,BU03,Asia Pacific,USD,102.66,48.85,27.38,6.27,7.74,0.2261
FP_202409_BU03_EU,2024-09-30,BU03,Europe,USD,122.50,60.03,32.53,7.74,9.48,0.2593
FP_202409_BU03_LATAM,2024-09-30,BU03,Latin America,USD,41.14,20.29,10.81,2.48,3.15,0.2686
FP_202409_BU03_NA,2024-09-30,BU03,North America,USD,233.74,112.97,62.26,14.61,17.77,0.2445
FP_202409_BU04_APAC,2024-09-30,BU04,Asia Pacific,USD,141.63,86.77,24.57,9.22,12.69,0.2249
FP_202409_BU04_EU,2024-09-30,BU04,Europe,USD,160.35,101.52,27.86,12.06,13.73,0.2579
FP_202409_BU04_LATAM,2024-09-30,BU04,Latin America,USD,57.59,36.27,9.96,3.84,5.18,0.2751
FP_202409_BU04_NA,2024-09-30,BU04,North America,USD,218.17,135.71,37.00,14.14,19.93,0.2489
FP_202409_BU05_APAC,2024-09-30,BU05,Asia Pacific,USD,122.54,47.19,34.52,3.90,6.19,0.2282
FP_202409_BU05_EU,2024-09-30,BU05,Europe,USD,79.93,31.43,22.80,2.54,4.05,0.2613
FP_202409_BU05_LATAM,2024-09-30,BU05,Latin America,USD,39.54,15.66,10.97,1.29,1.99,0.2717
FP_202409_BU05_NA,2024-09-30,BU05,North America,USD,158.25,61.71,44.36,5.11,8.14,0.2462
FP_202410_BU01_APAC,2024-10-31,BU01,Asia Pacific,USD,202.66,80.12,58.73,8.74,14.81,0.2240
FP_202410_BU01_EU,2024-10-31,BU01,Europe,USD,145.83,60.12,42.08,6.65,9.05,0.2549
FP_202410_BU01_LATAM,2024-10-31,BU01,Latin America,USD,65.00,26.80,18.96,2.91,4.03,0.2729
FP_202410_BU01_NA,2024-10-31,BU01,North America,USD,239.79,96.94,69.95,11.04,15.07,0.2476
FP_202410_BU02_APAC,2024-10-31,BU02,Asia Pacific,USD,166.17,98.79,31.73,7.10,9.89,0.2262
FP_202410_BU02_EU,2024-10-31,BU02,Europe,USD,172.61,104.87,33.49,7.95,10.30,0.2604
FP_202410_BU02_LATAM,2024-10-31,BU02,Latin America,USD,82.29,50.31,15.92,3.69,4.91,0.2725
FP_202410_BU02_NA,2024-10-31,BU02,North America,USD,263.81,158.36,51.38,11.96,15.88,0.2467
FP_202410_BU03_APAC,2024-10-31,BU03,Asia Pacific,USD,104.14,49.23,27.22,6.32,7.64,0.2260
FP_202410_BU03_EU,2024-10-31,BU03,Europe,USD,125.56,61.16,33.16,7.79,9.63,0.2546
FP_202410_BU03_LATAM,2024-10-31,BU03,Latin America,USD,41.11,20.31,10.80,2.50,3.15,0.2739
FP_202410_BU03_NA,2024-10-31,BU03,North America,USD,233.66,113.19,63.16,14.72,17.96,0.2451
FP_202410_BU04_APAC,2024-10-31,BU04,Asia Pacific,USD,152.42,93.64,25.22,9.27,13.48,0.2235
FP_202410_BU04_EU,2024-10-31,BU04,Europe,USD,169.13,106.41,28.26,12.11,13.73,0.2578
FP_202410_BU04_LATAM,2024-10-31,BU04,Latin America,USD,59.76,37.63,10.13,3.86,5.36,0.2744
FP_202410_BU04_NA,2024-10-31,BU04,North America,USD,223.88,139.32,37.36,14.22,19.87,0.2494
FP_202410_BU05_APAC,2024-10-31,BU05,Asia Pacific,USD,118.64,45.59,33.14,3.96,6.16,0.2273
FP_202410_BU05_EU,2024-10-31,BU05,Europe,USD,81.37,31.94,22.70,2.58,4.07,0.2590
FP_202410_BU05_LATAM,2024-10-31,BU05,Latin America,USD,40.55,16.09,11.44,1.31,2.00,0.2707
FP_202410_BU05_NA,2024-10-31,BU05,North America,USD,164.00,63.87,45.78,5.20,7.99,0.2466
FP_202411_BU01_APAC,2024-11-30,BU01,Asia Pacific,USD,214.78,84.28,61.67,8.74,15.83,0.2243
FP_202411_BU01_EU,2024-11-30,BU01,Europe,USD,147.96,60.74,42.59,6.62,9.00,0.2533
FP_202411_BU01_LATAM,2024-11-30,BU01,Latin America,USD,64.92,26.68,18.99,2.90,3.99,0.2756
FP_202411_BU01_NA,2024-11-30,BU01,North America,USD,239.70,96.35,69.71,10.99,14.74,0.2480
FP_202411_BU02_APAC,2024-11-30,BU02,Asia Pacific,USD,187.47,111.15,34.99,7.16,11.25,0.2259
FP_202411_BU02_EU,2024-11-30,BU02,Europe,USD,193.36,117.63,36.19,8.01,11.54,0.2564
FP_202411_BU02_LATAM,2024-11-30,BU02,Latin America,USD,92.49,56.42,17.27,3.72,5.41,0.2692
FP_202411_BU02_NA,2024-11-30,BU02,North America,USD,298.29,179.03,54.74,12.06,17.60,0.2492
FP_202411_BU03_APAC,2024-11-30,BU03,Asia Pacific,USD,106.28,50.41,28.02,6.36,7.71,0.2235
FP_202411_BU03_EU,2024-11-30,BU03,Europe,USD,124.17,60.43,32.88,7.85,9.03,0.2576
FP_202411_BU03_LATAM,2024-11-30,BU03,Latin America,USD,40.51,20.06,10.76,2.52,3.06,0.2737
FP_202411_BU03_NA,2024-11-30,BU03,North America,USD,231.41,111.92,62.18,14.82,17.92,0.2499
FP_202411_BU04_APAC,2024-11-30,BU04,Asia Pacific,USD,140.43,86.43,24.08,9.32,12.69,0.2285
FP_202411_BU04_EU,2024-11-30,BU04,Europe,USD,159.05,100.56,28.36,12.16,13.80,0.2599
FP_202411_BU04_LATAM,2024-11-30,BU04,Latin America,USD,57.36,36.11,9.98,3.88,5.09,0.2702
FP_202411_BU04_NA,2024-11-30,BU04,North America,USD,210.34,130.81,37.45,14.29,18.47,0.2434
FP_202411_BU05_APAC,2024-11-30,BU05,Asia Pacific,USD,129.40,49.52,34.99,4.03,6.26,0.2259
FP_202411_BU05_EU,2024-11-30,BU05,Europe,USD,83.27,32.72,22.83,2.63,4.18,0.2600
FP_202411_BU05_LATAM,2024-11-30,BU05,Latin America,USD,44.30,17.67,11.99,1.33,2.13,0.2715
FP_202411_BU05_NA,2024-11-30,BU05,North America,USD,173.02,67.68,48.45,5.28,8.50,0.2475
FP_202412_BU01_APAC,2024-12-31,BU01,Asia Pacific,USD,224.60,87.93,64.01,8.75,16.92,0.2250
FP_202412_BU01_EU,2024-12-31,BU01,Europe,USD,155.96,63.74,44.79,6.59,9.78,0.2568
FP_202412_BU01_LATAM,2024-12-31,BU01,Latin America,USD,68.16,28.05,19.50,2.89,4.32,0.2731
FP_202412_BU01_NA,2024-12-31,BU01,North America,USD,257.48,103.17,73.44,10.94,16.20,0.2427
FP_202412_BU02_APAC,2024-12-31,BU02,Asia Pacific,USD,194.54,115.33,35.14,7.23,11.90,0.2268
FP_202412_BU02_EU,2024-12-31,BU02,Europe,USD,194.01,118.17,35.78,8.08,11.41,0.2632
FP_202412_BU02_LATAM,2024-12-31,BU02,Latin America,USD,90.97,55.52,17.15,3.75,5.35,0.2708
FP_202412_BU02_NA,2024-12-31,BU02,North America,USD,310.63,187.62,56.75,12.16,18.30,0.2452
FP_202412_BU03_APAC,2024-12-31,BU03,Asia Pacific,USD,104.30,49.58,27.56,6.41,7.81,0.2260
FP_202412_BU03_EU,2024-12-31,BU03,Europe,USD,121.84,59.36,32.77,7.90,9.11,0.2556
FP_202412_BU03_LATAM,2024-12-31,BU03,Latin America,USD,39.83,19.70,10.76,2.54,2.90,0.2687
FP_202412_BU03_NA,2024-12-31,BU03,North America,USD,236.65,114.62,63.53,14.93,17.72,0.2492
FP_202412_BU04_APAC,2024-12-31,BU04,Asia Pacific,USD,127.21,78.49,23.31,9.37,11.69,0.2290
FP_202412_BU04_EU,2024-12-31,BU04,Europe,USD,142.33,90.08,27.11,12.21,13.74,0.2577
FP_202412_BU04_LATAM,2024-12-31,BU04,Latin America,USD,51.94,32.92,9.53,3.89,4.58,0.2727
FP_202412_BU04_NA,2024-12-31,BU04,North America,USD,196.78,123.52,36.17,14.36,17.14,0.2482
FP_202412_BU05_APAC,2024-12-31,BU05,Asia Pacific,USD,137.04,52.35,36.86,4.10,6.66,0.2277
FP_202412_BU05_EU,2024-12-31,BU05,Europe,USD,89.08,35.10,24.51,2.67,4.46,0.2558
FP_202412_BU05_LATAM,2024-12-31,BU05,Latin America,USD,48.11,19.20,12.66,1.35,2.40,0.2690
FP_202412_BU05_NA,2024-12-31,BU05,North America,USD,177.46,69.17,49.74,5.37,8.71,0.2509
FP_202501_BU01_APAC,2025-01-31,BU01,Asia Pacific,USD,208.64,81.55,61.28,8.76,15.98,0.2246
FP_202501_BU01_EU,2025-01-31,BU01,Europe,USD,137.87,56.29,41.87,6.57,8.82,0.2581
FP_202501_BU01_LATAM,2025-01-31,BU01,Latin America,USD,63.16,26.06,18.98,2.88,3.96,0.2703
FP_202501_BU01_NA,2025-01-31,BU01,North America,USD,235.90,94.42,69.63,10.90,14.81,0.2462
FP_202501_BU02_APAC,2025-01-31,BU02,Asia Pacific,USD,120.54,71.82,26.90,7.29,7.28,0.2249
FP_202501_BU02_EU,2025-01-31,BU02,Europe,USD,125.34,76.34,28.10,8.14,7.87,0.2607
FP_202501_BU02_LATAM,2025-01-31,BU02,Latin America,USD,57.24,35.05,13.30,3.77,3.48,0.2753
FP_202501_BU02_NA,2025-01-31,BU02,North America,USD,194.41,117.99,43.13,12.25,11.56,0.2504
FP_202501_BU03_APAC,2025-01-31,BU03,Asia Pacific,USD,103.82,49.58,27.72,6.46,7.85,0.2260
FP_202501_BU03_EU,2025-01-31,BU03,Europe,USD,122.39,59.66,33.35,7.96,9.56,0.2532
FP_202501_BU03_LATAM,2025-01-31,BU03,Latin America,USD,40.96,20.22,10.89,2.56,3.18,0.2703
FP_202501_BU03_NA,2025-01-31,BU03,North America,USD,238.93,116.27,63.41,15.03,17.97,0.2470
FP_202501_BU04_APAC,2025-01-31,BU04,Asia Pacific,USD,123.48,76.29,23.17,9.41,10.79,0.2226
FP_202501_BU04_EU,2025-01-31,BU04,Europe,USD,137.11,86.94,26.84,12.27,14.05,0.2543
FP_202501_BU04_LATAM,2025-01-31,BU04,Latin America,USD,49.27,31.18,9.26,3.91,4.55,0.2702
FP_202501_BU04_NA,2025-01-31,BU04,North America,USD,185.98,117.01,34.65,14.42,17.30,0.2475
FP_202501_BU05_APAC,2025-01-31,BU05,Asia Pacific,USD,120.10,45.75,33.43,4.16,5.96,0.2267
FP_202501_BU05_EU,2025-01-31,BU05,Europe,USD,77.21,30.50,21.75,2.72,3.92,0.2600
FP_202501_BU05_LATAM,2025-01-31,BU05,Latin America,USD,41.23,16.42,11.73,1.37,2.05,0.2750
FP_202501_BU05_NA,2025-01-31,BU05,North America,USD,159.15,62.11,44.42,5.46,8.00,0.2435
FP_202502_BU01_APAC,2025-02-28,BU01,Asia Pacific,USD,215.24,83.82,63.13,8.78,16.89,0.2252
FP_202502_BU01_EU,2025-02-28,BU01,Europe,USD,139.49,56.23,42.09,6.54,9.01,0.2578
FP_202502_BU01_LATAM,2025-02-28,BU01,Latin America,USD,66.18,27.16,19.32,2.87,4.35,0.2720
FP_202502_BU01_NA,2025-02-28,BU01,North America,USD,238.64,95.54,70.67,10.87,15.85,0.2471
FP_202502_BU02_APAC,2025-02-28,BU02,Asia Pacific,USD,116.29,69.43,26.20,7.33,7.34,0.2281
FP_202502_BU02_EU,2025-02-28,BU02,Europe,USD,123.90,75.40,27.91,8.18,8.14,0.2547
FP_202502_BU02_LATAM,2025-02-28,BU02,Latin America,USD,59.99,36.68,13.66,3.80,3.81,0.2700
FP_202502_BU02_NA,2025-02-28,BU02,North America,USD,196.57,119.34,44.20,12.32,12.36,0.2539
FP_202502_BU03_APAC,2025-02-28,BU03,Asia Pacific,USD,102.14,48.56,27.36,6.50,7.93,0.2291
FP_202502_BU03_EU,2025-02-28,BU03,Europe,USD,119.90,58.54,33.13,8.02,9.60,0.2578
FP_202502_BU03_LATAM,2025-02-28,BU03,Latin America,USD,40.80,20.15,11.01,2.58,3.21,0.2722
FP_202502_BU03_NA,2025-02-28,BU03,North America,USD,235.37,113.66,63.46,15.14,18.91,0.2420
FP_202502_BU04_APAC,2025-02-28,BU04,Asia Pacific,USD,124.96,77.35,23.61,9.45,11.78,0.2254
FP_202502_BU04_EU,2025-02-28,BU04,Europe,USD,139.61,88.85,27.60,12.32,14.03,0.2621
FP_202502_BU04_LATAM,2025-02-28,BU04,Latin America,USD,53.90,34.07,9.75,3.93,5.30,0.2697
FP_202502_BU04_NA,2025-02-28,BU04,North America,USD,190.08,119.05,35.20,14.49,17.51,0.2507
FP_202502_BU05_APAC,2025-02-28,BU05,Asia Pacific,USD,125.99,48.04,35.53,4.23,6.38,0.2220
FP_202502_BU05_EU,2025-02-28,BU05,Europe,USD,80.68,31.79,22.66,2.76,4.17,0.2579
FP_202502_BU05_LATAM,2025-02-28,BU05,Latin America,USD,42.09,16.80,11.85,1.40,2.16,0.2711
FP_202502_BU05_NA,2025-02-28,BU05,North America,USD,155.71,60.91,44.51,5.54,7.82,0.2462
FP_202503_BU01_APAC,2025-03-31,BU01,Asia Pacific,USD,238.53,93.46,67.93,8.81,19.08,0.2274
FP_202503_BU01_EU,2025-03-31,BU01,Europe,USD,152.47,61.69,44.40,6.52,9.93,0.2568
FP_202503_BU01_LATAM,2025-03-31,BU01,Latin America,USD,69.69,28.78,20.53,2.86,4.76,0.2714
FP_202503_BU01_NA,2025-03-31,BU01,North America,USD,259.22,103.77,75.69,10.84,17.53,0.2461
FP_202503_BU02_APAC,2025-03-31,BU02,Asia Pacific,USD,134.40,80.27,28.62,7.38,8.75,0.2271
FP_202503_BU02_EU,2025-03-31,BU02,Europe,USD,141.33,86.35,30.52,8.24,9.15,0.2520
FP_202503_BU02_LATAM,2025-03-31,BU02,Latin America,USD,67.42,41.17,14.33,3.82,4.44,0.2765
FP_202503_BU02_NA,2025-03-31,BU02,North America,USD,214.31,130.08,46.33,12.40,14.06,0.2470
FP_202503_BU03_APAC,2025-03-31,BU03,Asia Pacific,USD,108.99,52.01,28.74,6.55,8.76,0.2260
FP_202503_BU03_EU,2025-03-31,BU03,Europe,USD,123.03,60.15,33.27,8.07,10.25,0.2597
FP_202503_BU03_LATAM,2025-03-31,BU03,Latin America,USD,41.93,20.61,10.94,2.60,3.40,0.2721
FP_202503_BU03_NA,2025-03-31,BU03,North America,USD,246.22,118.88,64.75,15.26,20.10,0.2515
FP_202503_BU04_APAC,2025-03-31,BU04,Asia Pacific,USD,138.10,85.49,24.17,9.50,13.24,0.2243
FP_202503_BU04_EU,2025-03-31,BU04,Europe,USD,151.65,96.86,28.47,12.37,14.93,0.2578
FP_202503_BU04_LATAM,2025-03-31,BU04,Latin America,USD,56.63,35.73,10.03,3.95,5.56,0.2726
FP_202503_BU04_NA,2025-03-31,BU04,North America,USD,199.48,124.93,35.72,14.56,19.48,0.2496
FP_202503_BU05_APAC,2025-03-31,BU05,Asia Pacific,USD,136.08,51.81,37.63,4.30,7.36,0.2296
FP_202503_BU05_EU,2025-03-31,BU05,Europe,USD,86.21,34.01,23.81,2.80,4.74,0.2584
FP_202503_BU05_LATAM,2025-03-31,BU05,Latin America,USD,43.93,17.60,12.47,1.42,2.44,0.2750
FP_202503_BU05_NA,2025-03-31,BU05,North America,USD,173.18,67.56,47.79,5.63,9.65,0.2467
FP_202504_BU01_APAC,2025-04-30,BU01,Asia Pacific,USD,227.09,89.37,66.08,8.85,18.22,0.2297
FP_202504_BU01_EU,2025-04-30,BU01,Europe,USD,156.60,63.94,45.43,6.51,10.86,0.2581
FP_202504_BU01_LATAM,2025-04-30,BU01,Latin America,USD,68.31,28.12,20.01,2.86,4.61,0.2707
FP_202504_BU01_NA,2025-04-30,BU01,North America,USD,261.05,104.37,77.05,10.83,17.96,0.2490
FP_202504_BU02_APAC,2025-04-30,BU02,Asia Pacific,USD,129.82,77.92,27.85,7.43,8.80,0.2230
FP_202504_BU02_EU,2025-04-30,BU02,Europe,USD,135.67,82.53,29.86,8.29,8.88,0.2586
FP_202504_BU02_LATAM,2025-04-30,BU02,Latin America,USD,65.59,40.19,14.15,3.85,4.44,0.2724
FP_202504_BU02_NA,2025-04-30,BU02,North America,USD,219.73,132.64,46.59,12.49,13.94,0.2482
FP_202504_BU03_APAC,2025-04-30,BU03,Asia Pacific,USD,105.97,50.58,28.47,6.61,8.64,0.2282
FP_202504_BU03_EU,2025-04-30,BU03,Europe,USD,122.50,59.68,33.01,8.13,9.92,0.2533
FP_202504_BU03_LATAM,2025-04-30,BU03,Latin America,USD,41.91,20.66,11.15,2.62,3.45,0.2691
FP_202504_BU03_NA,2025-04-30,BU03,North America,USD,240.54,116.48,64.60,15.38,19.71,0.2492
FP_202504_BU04_APAC,2025-04-30,BU04,Asia Pacific,USD,138.22,85.58,24.49,9.55,13.60,0.2235
FP_202504_BU04_EU,2025-04-30,BU04,Europe,USD,146.32,93.80,28.23,12.43,14.06,0.2561
FP_202504_BU04_LATAM,2025-04-30,BU04,Latin America,USD,54.64,34.44,9.81,3.97,5.34,0.2740
FP_202504_BU04_NA,2025-04-30,BU04,North America,USD,207.48,129.06,36.53,14.64,20.34,0.2507
FP_202504_BU05_APAC,2025-04-30,BU05,Asia Pacific,USD,130.87,50.19,36.43,4.37,7.10,0.2289
FP_202504_BU05_EU,2025-04-30,BU05,Europe,USD,83.27,32.86,23.22,2.85,4.51,0.2597
FP_202504_BU05_LATAM,2025-04-30,BU05,Latin America,USD,43.45,17.39,12.24,1.45,2.36,0.2712
FP_202504_BU05_NA,2025-04-30,BU05,North America,USD,170.51,66.86,47.22,5.73,9.11,0.2513
FP_202505_BU01_APAC,2025-05-31,BU01,Asia Pacific,USD,236.13,92.57,69.96,8.89,18.96,0.2246
FP_202505_BU01_EU,2025-05-31,BU01,Europe,USD,155.28,63.05,45.67,6.51,10.68,0.2575
FP_202505_BU01_LATAM,2025-05-31,BU01,Latin America,USD,69.54,28.63,20.64,2.86,4.78,0.2735
FP_202505_BU01_NA,2025-05-31,BU01,North America,USD,260.78,104.42,76.47,10.83,18.33,0.2466
FP_202505_BU02_APAC,2025-05-31,BU02,Asia Pacific,USD,141.99,84.81,30.05,7.49,9.52,0.2283
FP_202505_BU02_EU,2025-05-31,BU02,Europe,USD,154.11,94.19,31.98,8.35,10.56,0.2578
FP_202505_BU02_LATAM,2025-05-31,BU02,Latin America,USD,69.22,42.42,14.65,3.87,4.70,0.2755
FP_202505_BU02_NA,2025-05-31,BU02,North America,USD,227.53,138.04,46.68,12.57,15.10,0.2515
FP_202505_BU03_APAC,2025-05-31,BU03,Asia Pacific,USD,103.43,49.37,27.62,6.66,8.74,0.2222
FP_202505_BU03_EU,2025-05-31,BU03,Europe,USD,124.26,60.36,32.97,8.20,10.58,0.2578
FP_202505_BU03_LATAM,2025-05-31,BU03,Latin America,USD,41.39,20.50,10.96,2.64,3.48,0.2733
FP_202505_BU03_NA,2025-05-31,BU03,North America,USD,243.56,118.11,65.40,15.50,20.33,0.2480
FP_202505_BU04_APAC,2025-05-31,BU04,Asia Pacific,USD,139.28,85.79,24.50,9.60,14.30,0.2277
FP_202505_BU04_EU,2025-05-31,BU04,Europe,USD,145.99,93.85,29.06,12.48,14.90,0.2602
FP_202505_BU04_LATAM,2025-05-31,BU04,Latin America,USD,57.06,36.18,9.87,3.99,5.74,0.2700
FP_202505_BU04_NA,2025-05-31,BU04,North America,USD,216.83,135.12,36.88,14.71,21.51,0.2457
FP_202505_BU05_APAC,2025-05-31,BU05,Asia Pacific,USD,133.83,51.39,38.35,4.45,7.48,0.2243
FP_202505_BU05_EU,2025-05-31,BU05,Europe,USD,88.76,34.91,24.57,2.90,4.94,0.2569
FP_202505_BU05_LATAM,2025-05-31,BU05,Latin America,USD,43.36,17.27,12.46,1.47,2.29,0.2722
FP_202505_BU05_NA,2025-05-31,BU05,North America,USD,171.14,66.86,47.84,5.83,9.27,0.2487
FP_202506_BU01_APAC,2025-06-30,BU01,Asia Pacific,USD,244.83,95.43,71.59,8.94,19.15,0.2264
FP_202506_BU01_EU,2025-06-30,BU01,Europe,USD,163.18,66.22,46.71,6.51,10.87,0.2575
FP_202506_BU01_LATAM,2025-06-30,BU01,Latin America,USD,70.85,29.09,21.02,2.86,4.95,0.2737
FP_202506_BU01_NA,2025-06-30,BU01,North America,USD,274.04,110.16,80.36,10.83,18.65,0.2449
FP_202506_BU02_APAC,2025-06-30,BU02,Asia Pacific,USD,142.82,85.66,29.69,7.54,9.38,0.2238
FP_202506_BU02_EU,2025-06-30,BU02,Europe,USD,154.58,94.53,31.58,8.41,10.20,0.2596
FP_202506_BU02_LATAM,2025-06-30,BU02,Latin America,USD,70.98,43.46,14.84,3.90,4.75,0.2675
FP_202506_BU02_NA,2025-06-30,BU02,North America,USD,229.09,138.61,47.33,12.66,15.00,0.2494
FP_202506_BU03_APAC,2025-06-30,BU03,Asia Pacific,USD,106.91,51.05,28.77,6.71,8.47,0.2229
FP_202506_BU03_EU,2025-06-30,BU03,Europe,USD,126.65,61.67,33.58,8.26,10.64,0.2574
FP_202506_BU03_LATAM,2025-06-30,BU03,Latin America,USD,42.49,20.94,11.26,2.66,3.53,0.2672
FP_202506_BU03_NA,2025-06-30,BU03,North America,USD,247.05,119.85,65.16,15.62,19.86,0.2485
FP_202506_BU04_APAC,2025-06-30,BU04,Asia Pacific,USD,139.13,85.70,24.58,9.66,13.85,0.2246
FP_202506_BU04_EU,2025-06-30,BU04,Europe,USD,140.78,90.78,28.93,12.54,14.14,0.2603
FP_202506_BU04_LATAM,2025-06-30,BU04,Latin America,USD,58.22,36.93,10.11,4.01,5.58,0.2748
FP_202506_BU04_NA,2025-06-30,BU04,North America,USD,215.83,134.40,36.45,14.80,21.27,0.2490
FP_202506_BU05_APAC,2025-06-30,BU05,Asia Pacific,USD,132.87,50.68,37.66,4.53,7.26,0.2246
FP_202506_BU05_EU,2025-06-30,BU05,Europe,USD,92.63,36.34,25.56,2.95,5.24,0.2613
FP_202506_BU05_LATAM,2025-06-30,BU05,Latin America,USD,45.11,17.91,12.69,1.49,2.47,0.2725
FP_202506_BU05_NA,2025-06-30,BU05,North America,USD,189.78,73.69,51.97,5.93,10.55,0.2491
FP_202507_BU01_APAC,2025-07-31,BU01,Asia Pacific,USD,234.70,91.10,70.43,9.05,19.13,0.2275
FP_202507_BU01_EU,2025-07-31,BU01,Europe,USD,157.83,64.70,46.32,6.55,10.81,0.2621
FP_202507_BU01_LATAM,2025-07-31,BU01,Latin America,USD,68.21,27.84,20.58,2.88,4.50,0.2698
FP_202507_BU01_NA,2025-07-31,BU01,North America,USD,255.59,102.64,76.59,10.91,17.34,0.2503
FP_202507_BU02_APAC,2025-07-31,BU02,Asia Pacific,USD,135.72,81.05,28.64,7.60,8.94,0.2262
FP_202507_BU02_EU,2025-07-31,BU02,Europe,USD,151.24,91.98,31.33,8.47,9.93,0.2538
FP_202507_BU02_LATAM,2025-07-31,BU02,Latin America,USD,69.38,42.56,14.80,3.93,4.53,0.2727
FP_202507_BU02_NA,2025-07-31,BU02,North America,USD,227.26,137.82,47.45,12.75,14.83,0.2498
FP_202507_BU03_APAC,2025-07-31,BU03,Asia Pacific,USD,106.11,50.66,28.23,6.76,8.53,0.2261
FP_202507_BU03_EU,2025-07-31,BU03,Europe,USD,123.10,59.98,33.33,8.32,10.32,0.2590
FP_202507_BU03_LATAM,2025-07-31,BU03,Latin America,USD,41.75,20.58,11.15,2.68,3.35,0.2759
FP_202507_BU03_NA,2025-07-31,BU03,North America,USD,236.66,114.91,63.45,15.73,19.43,0.2492
FP_202507_BU04_APAC,2025-07-31,BU04,Asia Pacific,USD,129.05,79.71,23.60,9.71,12.34,0.2301
FP_202507_BU04_EU,2025-07-31,BU04,Europe,USD,121.95,78.96,27.04,12.59,13.28,0.2594
FP_202507_BU04_LATAM,2025-07-31,BU04,Latin America,USD,55.77,35.23,9.96,4.03,5.37,0.2736
FP_202507_BU04_NA,2025-07-31,BU04,North America,USD,199.51,124.27,35.38,14.87,19.67,0.2449
FP_202507_BU05_APAC,2025-07-31,BU05,Asia Pacific,USD,135.87,51.45,39.24,4.60,7.79,0.2183
FP_202507_BU05_EU,2025-07-31,BU05,Europe,USD,83.64,32.94,23.79,3.01,4.63,0.2563
FP_202507_BU05_LATAM,2025-07-31,BU05,Latin America,USD,45.50,18.20,13.02,1.52,2.55,0.2692
FP_202507_BU05_NA,2025-07-31,BU05,North America,USD,192.02,74.90,53.64,6.04,10.42,0.2471
FP_202508_BU01_APAC,2025-08-31,BU01,Asia Pacific,USD,245.82,95.75,72.53,9.23,19.15,0.2236
FP_202508_BU01_EU,2025-08-31,BU01,Europe,USD,159.04,65.08,47.31,6.65,10.49,0.2566
FP_202508_BU01_LATAM,2025-08-31,BU01,Latin America,USD,69.40,28.34,21.08,2.92,4.43,0.2701
FP_202508_BU01_NA,2025-08-31,BU01,North America,USD,261.22,105.33,76.76,11.07,16.83,0.2524
FP_202508_BU02_APAC,2025-08-31,BU02,Asia Pacific,USD,136.46,81.80,28.55,7.65,8.58,0.2260
FP_202508_BU02_EU,2025-08-31,BU02,Europe,USD,154.72,93.98,32.09,8.53,9.72,0.2550
FP_202508_BU02_LATAM,2025-08-31,BU02,Latin America,USD,71.22,43.77,15.00,3.96,4.39,0.2700
FP_202508_BU02_NA,2025-08-31,BU02,North America,USD,233.36,141.83,48.04,12.84,14.83,0.2478
FP_202508_BU03_APAC,2025-08-31,BU03,Asia Pacific,USD,108.97,52.26,29.21,6.81,8.41,0.2230
FP_202508_BU03_EU,2025-08-31,BU03,Europe,USD,127.77,62.26,34.24,8.38,10.22,0.2591
FP_202508_BU03_LATAM,2025-08-31,BU03,Latin America,USD,42.69,21.22,11.36,2.70,3.40,0.2761
FP_202508_BU03_NA,2025-08-31,BU03,North America,USD,236.78,114.87,63.24,15.85,18.66,0.2459
FP_202508_BU04_APAC,2025-08-31,BU04,Asia Pacific,USD,129.64,80.03,23.88,9.75,11.79,0.2287
FP_202508_BU04_EU,2025-08-31,BU04,Europe,USD,118.10,76.70,27.33,12.64,13.03,0.2582
FP_202508_BU04_LATAM,2025-08-31,BU04,Latin America,USD,54.51,34.54,9.61,4.05,4.95,0.2734
FP_202508_BU04_NA,2025-08-31,BU04,North America,USD,191.33,119.44,35.14,14.94,18.08,0.2468
FP_202508_BU05_APAC,2025-08-31,BU05,Asia Pacific,USD,148.24,56.02,42.61,4.71,11.50,0.2270
FP_202508_BU05_EU,2025-08-31,BU05,Europe,USD,87.66,34.60,25.54,3.07,6.76,0.2592
FP_202508_BU05_LATAM,2025-08-31,BU05,Latin America,USD,46.89,18.75,13.32,1.55,3.70,0.2683
FP_202508_BU05_NA,2025-08-31,BU05,North America,USD,188.42,73.44,53.31,6.17,14.14,0.2474
FP_202509_BU01_APAC,2025-09-30,BU01,Asia Pacific,USD,264.91,103.90,77.26,9.41,20.13,0.2243
FP_202509_BU01_EU,2025-09-30,BU01,Europe,USD,173.54,71.13,50.58,6.75,10.95,0.2569
FP_202509_BU01_LATAM,2025-09-30,BU01,Latin America,USD,78.19,31.81,22.63,2.97,4.91,0.2726
FP_202509_BU01_NA,2025-09-30,BU01,North America,USD,283.48,113.65,83.54,11.23,17.72,0.2506
FP_202509_BU02_APAC,2025-09-30,BU02,Asia Pacific,USD,146.46,87.60,30.48,7.70,9.06,0.2290
FP_202509_BU02_EU,2025-09-30,BU02,Europe,USD,168.25,103.06,33.71,8.59,10.51,0.2557
FP_202509_BU02_LATAM,2025-09-30,BU02,Latin America,USD,74.07,45.61,15.29,3.98,4.39,0.2704
FP_202509_BU02_NA,2025-09-30,BU02,North America,USD,236.30,143.01,48.35,12.93,14.35,0.2527
FP_202509_BU03_APAC,2025-09-30,BU03,Asia Pacific,USD,111.46,53.37,29.96,6.86,8.73,0.2320
FP_202509_BU03_EU,2025-09-30,BU03,Europe,USD,131.01,63.70,34.98,8.44,9.95,0.2590
FP_202509_BU03_LATAM,2025-09-30,BU03,Latin America,USD,43.49,21.56,11.50,2.72,3.21,0.2732
FP_202509_BU03_NA,2025-09-30,BU03,North America,USD,242.87,118.08,65.51,15.96,18.79,0.2474
FP_202509_BU04_APAC,2025-09-30,BU04,Asia Pacific,USD,147.30,90.90,24.94,9.80,13.33,0.2293
FP_202509_BU04_EU,2025-09-30,BU04,Europe,USD,132.16,85.35,28.53,12.69,12.95,0.2588
FP_202509_BU04_LATAM,2025-09-30,BU04,Latin America,USD,58.21,36.86,10.09,4.07,5.22,0.2736
FP_202509_BU04_NA,2025-09-30,BU04,North America,USD,207.06,129.21,35.99,15.01,19.11,0.2485
FP_202509_BU05_APAC,2025-09-30,BU05,Asia Pacific,USD,151.13,56.99,44.90,4.85,15.98,0.2269
FP_202509_BU05_EU,2025-09-30,BU05,Europe,USD,94.69,37.28,28.55,3.15,9.62,0.2579
FP_202509_BU05_LATAM,2025-09-30,BU05,Latin America,USD,47.90,18.98,14.09,1.60,5.21,0.2742
FP_202509_BU05_NA,2025-09-30,BU05,North America,USD,186.12,72.85,55.64,6.34,18.48,0.2516
FP_202510_BU01_APAC,2025-10-31,BU01,Asia Pacific,USD,254.53,100.48,74.84,9.59,19.22,0.2272
FP_202510_BU01_EU,2025-10-31,BU01,Europe,USD,169.34,68.91,49.22,6.85,10.25,0.2547
FP_202510_BU01_LATAM,2025-10-31,BU01,Latin America,USD,77.90,31.92,22.49,3.01,4.67,0.2718
FP_202510_BU01_NA,2025-10-31,BU01,North America,USD,275.66,110.47,81.70,11.39,16.77,0.2506
FP_202510_BU02_APAC,2025-10-31,BU02,Asia Pacific,USD,166.86,99.78,32.12,7.76,10.05,0.2263
FP_202510_BU02_EU,2025-10-31,BU02,Europe,USD,180.31,109.62,35.52,8.65,10.59,0.2559
FP_202510_BU02_LATAM,2025-10-31,BU02,Latin America,USD,86.83,53.41,16.82,4.01,5.21,0.2717
FP_202510_BU02_NA,2025-10-31,BU02,North America,USD,262.16,158.38,51.54,13.02,15.75,0.2511
FP_202510_BU03_APAC,2025-10-31,BU03,Asia Pacific,USD,113.43,54.37,29.67,6.91,8.54,0.2253
FP_202510_BU03_EU,2025-10-31,BU03,Europe,USD,128.49,62.78,34.23,8.50,9.79,0.2588
FP_202510_BU03_LATAM,2025-10-31,BU03,Latin America,USD,43.00,21.37,11.52,2.74,3.18,0.2696
FP_202510_BU03_NA,2025-10-31,BU03,North America,USD,254.32,123.43,67.83,16.07,18.89,0.2464
FP_202510_BU04_APAC,2025-10-31,BU04,Asia Pacific,USD,143.54,88.53,25.14,9.85,12.92,0.2262
FP_202510_BU04_EU,2025-10-31,BU04,Europe,USD,130.71,84.45,28.82,12.74,12.26,0.2589
FP_202510_BU04_LATAM,2025-10-31,BU04,Latin America,USD,58.97,37.33,9.99,4.09,5.29,0.2750
FP_202510_BU04_NA,2025-10-31,BU04,North America,USD,211.38,132.04,37.05,15.09,18.47,0.2464
FP_202510_BU05_APAC,2025-10-31,BU05,Asia Pacific,USD,150.93,56.86,43.46,4.99,11.22,0.2284
FP_202510_BU05_EU,2025-10-31,BU05,Europe,USD,96.45,38.00,27.71,3.24,6.90,0.2553
FP_202510_BU05_LATAM,2025-10-31,BU05,Latin America,USD,49.85,19.82,14.14,1.65,3.76,0.2729
FP_202510_BU05_NA,2025-10-31,BU05,North America,USD,193.35,75.26,55.85,6.50,13.71,0.2480
FP_202511_BU01_APAC,2025-11-30,BU01,Asia Pacific,USD,266.76,105.76,77.24,9.77,19.54,0.2259
FP_202511_BU01_EU,2025-11-30,BU01,Europe,USD,177.21,71.85,50.08,6.95,10.89,0.2545
FP_202511_BU01_LATAM,2025-11-30,BU01,Latin America,USD,79.05,32.59,22.89,3.05,4.91,0.2704
FP_202511_BU01_NA,2025-11-30,BU01,North America,USD,290.77,116.75,83.73,11.55,17.08,0.2459
FP_202511_BU02_APAC,2025-11-30,BU02,Asia Pacific,USD,187.12,111.99,34.41,7.82,11.29,0.2286
FP_202511_BU02_EU,2025-11-30,BU02,Europe,USD,201.38,122.67,37.34,8.72,11.72,0.2559
FP_202511_BU02_LATAM,2025-11-30,BU02,Latin America,USD,96.14,59.02,17.54,4.04,5.47,0.2714
FP_202511_BU02_NA,2025-11-30,BU02,North America,USD,306.36,185.48,57.67,13.12,18.26,0.2528
FP_202511_BU03_APAC,2025-11-30,BU03,Asia Pacific,USD,111.64,53.71,29.73,6.96,8.51,0.2245
FP_202511_BU03_EU,2025-11-30,BU03,Europe,USD,126.06,61.41,34.24,8.56,9.42,0.2567
FP_202511_BU03_LATAM,2025-11-30,BU03,Latin America,USD,43.52,21.68,11.63,2.76,3.27,0.2751
FP_202511_BU03_NA,2025-11-30,BU03,North America,USD,250.62,121.69,65.82,16.18,19.11,0.2472
FP_202511_BU04_APAC,2025-11-30,BU04,Asia Pacific,USD,139.51,86.40,24.83,9.90,12.61,0.2262
FP_202511_BU04_EU,2025-11-30,BU04,Europe,USD,120.46,77.92,27.57,12.78,12.30,0.2570
FP_202511_BU04_LATAM,2025-11-30,BU04,Latin America,USD,55.25,35.02,9.79,4.11,4.73,0.2677
FP_202511_BU04_NA,2025-11-30,BU04,North America,USD,200.24,126.00,35.56,15.15,17.46,0.2430
FP_202511_BU05_APAC,2025-11-30,BU05,Asia Pacific,USD,166.12,63.28,45.69,5.09,8.41,0.2286
FP_202511_BU05_EU,2025-11-30,BU05,Europe,USD,101.04,39.83,28.10,3.30,5.35,0.2589
FP_202511_BU05_LATAM,2025-11-30,BU05,Latin America,USD,52.89,20.86,14.27,1.68,2.71,0.2702
FP_202511_BU05_NA,2025-11-30,BU05,North America,USD,207.27,80.79,56.90,6.63,10.69,0.2498
FP_202512_BU01_APAC,2025-12-31,BU01,Asia Pacific,USD,286.89,113.30,82.12,9.96,21.09,0.2270
FP_202512_BU01_EU,2025-12-31,BU01,Europe,USD,190.90,77.79,54.29,7.05,11.93,0.2575
FP_202512_BU01_LATAM,2025-12-31,BU01,Latin America,USD,82.36,33.72,23.65,3.10,5.11,0.2725
FP_202512_BU01_NA,2025-12-31,BU01,North America,USD,306.85,123.40,88.71,11.71,19.06,0.2471
FP_202512_BU02_APAC,2025-12-31,BU02,Asia Pacific,USD,197.13,117.69,35.95,7.89,11.83,0.2278
FP_202512_BU02_EU,2025-12-31,BU02,Europe,USD,202.06,122.82,37.55,8.79,11.76,0.2610
FP_202512_BU02_LATAM,2025-12-31,BU02,Latin America,USD,100.52,61.86,18.20,4.08,6.14,0.2717
FP_202512_BU02_NA,2025-12-31,BU02,North America,USD,309.78,186.82,57.23,13.22,18.03,0.2489
FP_202512_BU03_APAC,2025-12-31,BU03,Asia Pacific,USD,107.43,51.34,29.10,7.01,7.78,0.2283
FP_202512_BU03_EU,2025-12-31,BU03,Europe,USD,129.10,63.26,34.32,8.61,9.43,0.2591
FP_202512_BU03_LATAM,2025-12-31,BU03,Latin America,USD,42.75,21.00,11.48,2.78,3.07,0.2740
FP_202512_BU03_NA,2025-12-31,BU03,North America,USD,246.25,119.24,65.80,16.30,18.28,0.2496
FP_202512_BU04_APAC,2025-12-31,BU04,Asia Pacific,USD,126.27,78.07,23.69,9.94,11.42,0.2243
FP_202512_BU04_EU,2025-12-31,BU04,Europe,USD,113.11,73.23,26.63,12.83,12.37,0.2561
FP_202512_BU04_LATAM,2025-12-31,BU04,Latin America,USD,50.67,31.98,9.57,4.13,4.59,0.2748
FP_202512_BU04_NA,2025-12-31,BU04,North America,USD,193.17,121.13,35.29,15.22,17.31,0.2512
FP_202512_BU05_APAC,2025-12-31,BU05,Asia Pacific,USD,170.65,65.19,45.82,5.18,8.35,0.2271
FP_202512_BU05_EU,2025-12-31,BU05,Europe,USD,114.50,45.29,31.27,3.36,5.63,0.2611
FP_202512_BU05_LATAM,2025-12-31,BU05,Latin America,USD,53.36,21.07,14.34,1.71,2.65,0.2732
FP_202512_BU05_NA,2025-12-31,BU05,North America,USD,209.74,81.67,59.11,6.74,10.27,0.2486
